"","R_basic","intervention_efficacy","Location","n_intros"
"1",0.309411734808236,0.139158719219267,"Marburg",20
"2",0.118027572054416,0.846392980078235,"Marburg",20
"3",0.77616422669962,0.692423628643155,"Marburg",20
"4",0.0377599289640784,0.855958305997774,"Marburg",20
"5",1.78588864021003,0.990222564199939,"Marburg",20
"6",0.448887891601771,0.586853421293199,"Marburg",20
"7",0.174492683261633,0.431290188571438,"Marburg",20
"8",0.264629357960075,0.461080899927765,"Marburg",20
"9",0.719797221478075,0.467090372694656,"Marburg",20
"10",0.46084433211945,0.222089444752783,"Marburg",20
"11",0.230029297526926,0.888268786016852,"Marburg",20
"12",0.366106746951118,0.109376361127943,"Marburg",20
"13",0.750470898114145,0.598129862453789,"Marburg",20
"14",1.04950001137331,0.401741453912109,"Marburg",20
"15",0.161156810587272,0.0555971215944737,"Marburg",20
"16",2.22550453338772,0.645306792343035,"Marburg",20
"17",0.943517321487889,0.956689797574654,"Marburg",20
"18",0.220708124572411,0.0942173225339502,"Marburg",20
"19",0.731031214585528,0.863398794317618,"Marburg",20
"20",0.398606105474755,0.472050209296867,"Marburg",20
"21",0.524939630180597,0.443664259277284,"Marburg",20
"22",0.373422951204702,0.0198211804963648,"Marburg",20
"23",0.370432931464165,0.758182229474187,"Marburg",20
"24",0.437062444863841,0.250171979190782,"Marburg",20
"25",1.12672331230715,0.965438482584432,"Marburg",20
"26",0.335677518742159,0.179820850957185,"Marburg",20
"27",0.127540491521358,0.283348608994856,"Marburg",20
"28",0.856801524292678,0.641549644293264,"Marburg",20
"29",0.551143907010555,0.325003407662734,"Marburg",20
"30",0.374501930549741,0.955369745381176,"Marburg",20
"31",1.0395894125104,0.637649984331802,"Marburg",20
"32",1.77965580672026,0.990747886011377,"Marburg",20
"33",0.0677876088302583,0.913492224179208,"Marburg",20
"34",0.5528272355441,0.073168157832697,"Marburg",20
"35",1.13022872968577,0.957224237034097,"Marburg",20
"36",0.878950879443437,0.790038909297436,"Marburg",20
"37",0.609618924558163,0.285166621906683,"Marburg",20
"38",0.823810922680423,0.636951741296798,"Marburg",20
"39",0.745819580974057,0.654869218356907,"Marburg",20
"40",0.0247311992570758,0.33046822110191,"Marburg",20
"41",0.00686288997530937,0.320962046505883,"Marburg",20
"42",1.16429545450956,0.910691858734936,"Marburg",20
"43",0.838323062751442,0.478088424075395,"Marburg",20
"44",0.314030762063339,0.0241104159504175,"Marburg",20
"45",0.891247323481366,0.466092001646757,"Marburg",20
"46",0.43042306532152,0.910070130135864,"Marburg",20
"47",0.562868910608813,0.895974004874006,"Marburg",20
"48",0.405959475087002,0.447315249126405,"Marburg",20
"49",0.0698867733590305,0.224360628984869,"Marburg",20
"50",0.459815375972539,0.588993017096072,"Marburg",20
"51",0.512561368290335,0.258064982714131,"Marburg",20
"52",0.695125641999766,0.757994472282007,"Marburg",20
"53",0.138284347951412,0.663891027448699,"Marburg",20
"54",0.599259089911357,0.487266218755394,"Marburg",20
"55",0.58137803664431,0.152192063862458,"Marburg",20
"56",0.377825171453878,0.940667454618961,"Marburg",20
"57",0.504061728017405,0.787448980845511,"Marburg",20
"58",0.994270521914586,0.631463893689215,"Marburg",20
"59",0.176293457625434,0.506683100014925,"Marburg",20
"60",1.48910132073797,0.455019547604024,"Marburg",20
"61",0.895279314368963,0.837085205130279,"Marburg",20
"62",0.826837455388159,0.586229690816253,"Marburg",20
"63",1.09657788695768,0.77958635892719,"Marburg",20
"64",0.366995066637173,0.347772886045277,"Marburg",20
"65",0.428316498873755,0.914748198119923,"Marburg",20
"66",0.313430306268856,0.640663098776713,"Marburg",20
"67",0.953925368143246,0.533948298543692,"Marburg",20
"68",0.175578731345013,0.670503108762205,"Marburg",20
"69",1.01419883058406,0.546125455060974,"Marburg",20
"70",1.15222484897822,0.519507907796651,"Marburg",20
"71",0.698689716635272,0.98147297068499,"Marburg",20
"72",0.457804570673034,0.182055938057601,"Marburg",20
"73",0.190199120203033,0.0060589793138206,"Marburg",20
"74",0.020446774084121,0.606181918876246,"Marburg",20
"75",0.0783201400190592,0.424100545002148,"Marburg",20
"76",0.451657314319164,0.556022122036666,"Marburg",20
"77",0.774284993531182,0.621605169028044,"Marburg",20
"78",0.35356063884683,0.237707522464916,"Marburg",20
"79",0.167035526130348,0.0491949198767543,"Marburg",20
"80",0.247048482997343,0.297419746406376,"Marburg",20
"81",0.524877303745598,0.26751739019528,"Marburg",20
"82",0.348529818467796,0.965782216284424,"Marburg",20
"83",0.308264913735911,0.659279217477888,"Marburg",20
"84",1.90169600676745,0.935218814061955,"Marburg",20
"85",0.763716969871894,0.928312490694225,"Marburg",20
"86",0.52846472687088,0.48950733942911,"Marburg",20
"87",0.977676514070481,0.0741605514194816,"Marburg",20
"88",1.9686578605324,0.934621895197779,"Marburg",20
"89",1.33866455010138,0.753862405428663,"Marburg",20
"90",0.587300175335258,0.840222235536203,"Marburg",20
"91",0.957157541066408,0.421273466898128,"Marburg",20
"92",0.590028688777238,0.859230587491766,"Marburg",20
"93",0.586694589816034,0.213976028375328,"Marburg",20
"94",0.319982540560886,0.0843758129049093,"Marburg",20
"95",0.844787776703015,0.180948121240363,"Marburg",20
"96",0.418058331822976,0.948996883351356,"Marburg",20
"97",0.324734908528626,0.187551750335842,"Marburg",20
"98",0.465205035405234,0.44077445124276,"Marburg",20
"99",0.542355442419648,0.950320080853999,"Marburg",20
"100",0.397288997657597,0.806163278175518,"Marburg",20
"101",0.552890185033903,0.715603674994782,"Marburg",20
"102",1.00291285919957,0.945091128116474,"Marburg",20
"103",0.312193819088861,0.318641687510535,"Marburg",20
"104",0.490436127875,0.77673868322745,"Marburg",20
"105",1.84710450726561,0.76096670050174,"Marburg",20
"106",0.279617025051266,0.810933889588341,"Marburg",20
"107",0.192633421160281,0.745975986821577,"Marburg",20
"108",0.684546390781179,0.831238427199423,"Marburg",20
"109",0.81212791800499,0.852477950276807,"Marburg",20
"110",0.519092973321676,0.223676678724587,"Marburg",20
"111",1.14024983276613,0.964021690189838,"Marburg",20
"112",0.272835885873064,0.559229473117739,"Marburg",20
"113",0.188017810229212,0.801707642152905,"Marburg",20
"114",0.526278862729669,0.835814330494031,"Marburg",20
"115",0.511402208358049,0.71705235238187,"Marburg",20
"116",0.377167356899008,0.561390501214191,"Marburg",20
"117",1.00195146608166,0.701694901334122,"Marburg",20
"118",0.474077505525202,0.345538415014744,"Marburg",20
"119",0.254172708140686,0.663094944320619,"Marburg",20
"120",0.144155049696565,0.280364585109055,"Marburg",20
"121",0.519906108034775,0.64719417411834,"Marburg",20
"122",0.959862455260009,0.646678528282791,"Marburg",20
"123",1.40709529677406,0.749380788067356,"Marburg",20
"124",0.450706444680691,0.00284376856870949,"Marburg",20
"125",0.358197552384809,0.222685495857149,"Marburg",20
"126",0.261740737594664,0.427166483830661,"Marburg",20
"127",0.278136387001723,0.164217383833602,"Marburg",20
"128",1.29597555147484,0.448902707081288,"Marburg",20
"129",0.717836634954438,0.944645722862333,"Marburg",20
"130",0.54069310426712,0.621356253512204,"Marburg",20
"131",0.260841671610251,0.965682299574837,"Marburg",20
"132",0.887585905613378,0.978963085217401,"Marburg",20
"133",2.57597299595363,0.63152372953482,"Marburg",20
"134",0.549828701186925,0.347749852575362,"Marburg",20
"135",0.419749613385648,0.0355068081989884,"Marburg",20
"136",1.11430209456012,0.58326131850481,"Marburg",20
"137",0.919377160957083,0.928087318548933,"Marburg",20
"138",0.834156506694853,0.987809885060415,"Marburg",20
"139",0.66078862384893,0.402304530609399,"Marburg",20
"140",1.76584143284708,0.699476813198999,"Marburg",20
"141",0.481287765316665,0.804120665183291,"Marburg",20
"142",0.529299701331183,0.886501896660775,"Marburg",20
"143",0.633717052638531,0.55355626437813,"Marburg",20
"144",0.562701594550163,0.392500404501334,"Marburg",20
"145",0.777908833930269,0.798903522081673,"Marburg",20
"146",0.990327590145171,0.809189463732764,"Marburg",20
"147",0.861425656126812,0.59896466229111,"Marburg",20
"148",0.433858089381829,0.323429003357887,"Marburg",20
"149",0.52214187104255,0.875059860059991,"Marburg",20
"150",0.389114534715191,0.921608723467216,"Marburg",20
"151",1.44685372011736,0.923787944950163,"Marburg",20
"152",0.36397298402153,0.915210517356172,"Marburg",20
"153",0.426385443191975,0.425714554730803,"Marburg",20
"154",1.05307824793272,0.806191938696429,"Marburg",20
"155",1.17373035522178,0.801580698229373,"Marburg",20
"156",0.542901452165097,0.308456687023863,"Marburg",20
"157",0.704931905027479,0.863573411013931,"Marburg",20
"158",0.934783862438053,0.822980877943337,"Marburg",20
"159",0.0800175019539893,0.113479917868972,"Marburg",20
"160",0.435778710991144,0.636753428261727,"Marburg",20
"161",0.484928300371394,0.875185719691217,"Marburg",20
"162",0.0442657854873687,0.0143721180502325,"Marburg",20
"163",0.242877098964527,0.226042700000107,"Marburg",20
"164",0.55769883049652,0.959816480288282,"Marburg",20
"165",0.143493480747566,0.777904069982469,"Marburg",20
"166",0.384464321890846,0.274441314628348,"Marburg",20
"167",2.78572460194118,0.809907058952376,"Marburg",20
"168",0.417772391578183,0.117884407285601,"Marburg",20
"169",0.151021029101685,0.0223280100617558,"Marburg",20
"170",0.621852152282372,0.313086925074458,"Marburg",20
"171",0.471449502976611,0.664814481511712,"Marburg",20
"172",0.145016737980768,0.588712776079774,"Marburg",20
"173",0.188674553995952,0.728899880312383,"Marburg",20
"174",1.21561828069389,0.822271979646757,"Marburg",20
"175",0.618242825148627,0.876708633964881,"Marburg",20
"176",0.00754549610428512,0.801784274168313,"Marburg",20
"177",0.421192406443879,0.459666467737406,"Marburg",20
"178",0.608839865075424,0.471705651143566,"Marburg",20
"179",0.397468213923275,0.646242307731882,"Marburg",20
"180",0.441157414577901,0.440520378062502,"Marburg",20
"181",0.222053899196908,0.181323699420318,"Marburg",20
"182",0.860527500277385,0.693469361634925,"Marburg",20
"183",0.367102035786957,0.472404682077467,"Marburg",20
"184",0.220381193328649,0.69502573623322,"Marburg",20
"185",0.274322312325239,0.342401790432632,"Marburg",20
"186",0.591651176568121,0.972399792633951,"Marburg",20
"187",0.175988417118788,0.551266860915348,"Marburg",20
"188",0.846031037159264,0.959158029872924,"Marburg",20
"189",0.396496278466657,0.778007631190121,"Marburg",20
"190",0.500879980623722,0.13584151188843,"Marburg",20
"191",0.663726950297132,0.886082273907959,"Marburg",20
"192",0.193225768161938,0.304270418127999,"Marburg",20
"193",0.598180601606146,0.908607855439186,"Marburg",20
"194",0.00936625991016626,0.860707554966211,"Marburg",20
"195",0.823367394274101,0.48359018820338,"Marburg",20
"196",0.598186734365299,0.426583851920441,"Marburg",20
"197",0.20987668284215,0.14712386787869,"Marburg",20
"198",0.512396893696859,0.750256597530097,"Marburg",20
"199",1.35234371758997,0.785475614480674,"Marburg",20
"200",0.114186038961634,0.16797910630703,"Marburg",20
"201",0.446683860383928,0.456947029335424,"Marburg",20
"202",0.55013354960829,0.989141090074554,"Marburg",20
"203",0.314246266381815,0.901553346309811,"Marburg",20
"204",0.211997276404873,0.374929820653051,"Marburg",20
"205",0.139733509160578,0.961903719929978,"Marburg",20
"206",0.797782271867618,0.667055532336235,"Marburg",20
"207",0.0122114263940603,0.656300971517339,"Marburg",20
"208",1.04758915537968,0.778985471930355,"Marburg",20
"209",0.968356260331348,0.0114904250949621,"Marburg",20
"210",1.94843461574055,0.856067446293309,"Marburg",20
"211",0.719789260765538,0.525317234918475,"Marburg",20
"212",0.609995535342023,0.7448773260694,"Marburg",20
"213",0.225522527005523,0.143444032175466,"Marburg",20
"214",0.32162197586149,0.609991930657998,"Marburg",20
"215",0.967759099323303,0.563081274973229,"Marburg",20
"216",0.33035413082689,0.882941662799567,"Marburg",20
"217",0.80013890331611,0.861347501398996,"Marburg",20
"218",0.654573717154562,0.59205086203292,"Marburg",20
"219",1.04087534942664,0.851728701964021,"Marburg",20
"220",0.641896963119507,0.745717220008373,"Marburg",20
"221",1.21203175093979,0.696717239217833,"Marburg",20
"222",0.632338531315327,0.99243500130251,"Marburg",20
"223",0.771378146717325,0.707023675087839,"Marburg",20
"224",0.37207264197059,0.422150626778603,"Marburg",20
"225",1.01921909325756,0.57798030693084,"Marburg",20
"226",0.601330637466162,0.291575027862564,"Marburg",20
"227",0.24362381757237,0.92656738916412,"Marburg",20
"228",2.43020204594359,0.82390418020077,"Marburg",20
"229",0.392844652058557,0.656508832005784,"Marburg",20
"230",1.03457525884733,0.882625663187355,"Marburg",20
"231",0.454095589695498,0.858137383824214,"Marburg",20
"232",0.722324212314561,0.894838766427711,"Marburg",20
"233",0.32199719385244,0.818071746034548,"Marburg",20
"234",0.707211629720405,0.860296539962292,"Marburg",20
"235",0.756489016581327,0.766420122236013,"Marburg",20
"236",1.48771723452955,0.589299895102158,"Marburg",20
"237",0.0874936629552394,0.682706562569365,"Marburg",20
"238",0.214203231269494,0.220827916171402,"Marburg",20
"239",0.144478063099086,0.84452652791515,"Marburg",20
"240",1.22434780164622,0.709446581779048,"Marburg",20
"241",0.896980514517054,0.614546989789233,"Marburg",20
"242",0.0885112532414496,0.95161624555476,"Marburg",20
"243",0.729932647431269,0.702056043548509,"Marburg",20
"244",0.482519770273939,0.893257505493239,"Marburg",20
"245",0.36486392095685,0.290573692880571,"Marburg",20
"246",0.673739550635219,0.0697573709767312,"Marburg",20
"247",0.270444400375709,0.888001690618694,"Marburg",20
"248",0.206572876079008,0.970704810228199,"Marburg",20
"249",0.935298852156848,0.989981489256024,"Marburg",20
"250",0.0686392863281071,0.337894543074071,"Marburg",20
"251",0.743909041397274,0.606837690807879,"Marburg",20
"252",0.398216946981847,0.401301079895347,"Marburg",20
"253",1.17505486845039,0.78771990397945,"Marburg",20
"254",0.192376904189587,0.515062075806782,"Marburg",20
"255",0.937070854241028,0.732346812728792,"Marburg",20
"256",0.742685992503539,0.571478988043964,"Marburg",20
"257",0.6529663677793,0.858608286362141,"Marburg",20
"258",0.858165745390579,0.54084742278792,"Marburg",20
"259",0.421106677735224,0.666604630183429,"Marburg",20
"260",1.36665572435595,0.353808576939628,"Marburg",20
"261",0.526088571175933,0.673015312291682,"Marburg",20
"262",0.760049955686554,0.738939974922687,"Marburg",20
"263",0.173867873847485,0.146221204428002,"Marburg",20
"264",0.693366375518963,0.673352281097323,"Marburg",20
"265",0.399153867037967,0.869424816919491,"Marburg",20
"266",0.40079361316748,0.35802937624976,"Marburg",20
"267",1.28587989765219,0.744256732752547,"Marburg",20
"268",0.403141123708338,0.23851957754232,"Marburg",20
"269",0.137255554553121,0.776337873656303,"Marburg",20
"270",0.522852384718135,0.847094752127305,"Marburg",20
"271",0.0256175436079502,0.71748566813767,"Marburg",20
"272",0.308677455643192,0.198750861221924,"Marburg",20
"273",0.774683958152309,0.840366053860635,"Marburg",20
"274",0.356643689330667,0.619843576103449,"Marburg",20
"275",0.574682844802737,0.469348782207817,"Marburg",20
"276",0.771035567158833,0.66040080296807,"Marburg",20
"277",0.241794036934152,0.918229585979134,"Marburg",20
"278",0.349360989639536,0.920168501324952,"Marburg",20
"279",0.235117755364627,0.667769855819643,"Marburg",20
"280",0.325464496621862,0.54914183053188,"Marburg",20
"281",0.466621001483873,0.702289782231674,"Marburg",20
"282",0.12125584948808,0.400869782082736,"Marburg",20
"283",0.528410567203537,0.877406059531495,"Marburg",20
"284",0.436779545852914,0.902220282005146,"Marburg",20
"285",0.86692815204151,0.711705269291997,"Marburg",20
"286",0.87891954020597,0.794266415992752,"Marburg",20
"287",0.635152585571632,0.376502195606008,"Marburg",20
"288",0.479268082184717,0.178690938744694,"Marburg",20
"289",0.554383312119171,0.218444993952289,"Marburg",20
"290",0.590871697990224,0.509894268587232,"Marburg",20
"291",1.01205980870873,0.479221395682544,"Marburg",20
"292",0.965455927653238,0.27064768015407,"Marburg",20
"293",0.355753265786916,0.211661989800632,"Marburg",20
"294",0.442859448725358,0.725492351455614,"Marburg",20
"295",0.851609800709412,0.537745703477412,"Marburg",20
"296",0.961277827620506,0.433820744045079,"Marburg",20
"297",0.288667908869684,0.72607787232846,"Marburg",20
"298",0.12628213246353,0.679821165744215,"Marburg",20
"299",0.259579811012372,0.941149324178696,"Marburg",20
"300",0.395923958625644,0.0351197354029864,"Marburg",20
"301",0.357867982937023,0.721834452124313,"Marburg",20
"302",1.22236920311116,0.984664493938908,"Marburg",20
"303",0.298014782834798,0.53917251015082,"Marburg",20
"304",0.148800363996997,0.448593490058556,"Marburg",20
"305",0.610409701243043,0.792182493256405,"Marburg",20
"306",0.322813566075638,0.632685790304095,"Marburg",20
"307",0.0475311046466231,0.740489973919466,"Marburg",20
"308",0.469562465557829,0.63380519580096,"Marburg",20
"309",0.788340855622664,0.859783985419199,"Marburg",20
"310",0.776493163313717,0.841303067049012,"Marburg",20
"311",0.0765723686199635,0.278699999675155,"Marburg",20
"312",1.02619867748581,0.252802513539791,"Marburg",20
"313",0.659051450667903,0.559429241809994,"Marburg",20
"314",0.308357380796224,0.170077440794557,"Marburg",20
"315",0.0858922842890024,0.299190955935046,"Marburg",20
"316",0.769991367124021,0.7444714657031,"Marburg",20
"317",0.895601613214239,0.499241779558361,"Marburg",20
"318",1.20883510680869,0.960260084597394,"Marburg",20
"319",0.61061944719404,0.768651258898899,"Marburg",20
"320",0.182046860223636,0.963297182926908,"Marburg",20
"321",1.04007496428676,0.89638196490705,"Marburg",20
"322",0.154680648352951,0.350938963703811,"Marburg",20
"323",0.916916966205463,0.667639518622309,"Marburg",20
"324",1.23877333919518,0.518347534583881,"Marburg",20
"325",0.467632377985865,0.845471063628793,"Marburg",20
"326",0.65400666045025,0.0608644920866936,"Marburg",20
"327",0.438602314330637,0.157571300165728,"Marburg",20
"328",1.11785487527959,0.175707775400952,"Marburg",20
"329",1.15980536257848,0.701006248826161,"Marburg",20
"330",0.332823310280219,0.894315066514537,"Marburg",20
"331",0.664519096724689,0.841404088540003,"Marburg",20
"332",0.118663595058024,0.361364736221731,"Marburg",20
"333",0.819113859208301,0.955855879466981,"Marburg",20
"334",0.348566929344088,0.22112571215257,"Marburg",20
"335",0.117554592434317,0.471879060845822,"Marburg",20
"336",0.147933161118999,0.416579622775316,"Marburg",20
"337",0.587930575478822,0.660563392098993,"Marburg",20
"338",0.98952147946693,0.896452402230352,"Marburg",20
"339",0.435465528164059,0.178258398547769,"Marburg",20
"340",0.481745901284739,0.653852343326434,"Marburg",20
"341",0.851556436624378,0.314215213758871,"Marburg",20
"342",2.43306851852685,0.647736279526725,"Marburg",20
"343",0.164971061283723,0.484974120743573,"Marburg",20
"344",0.51760148210451,0.684444857062772,"Marburg",20
"345",0.781787753105164,0.660290944157168,"Marburg",20
"346",0.987713941605762,0.478993961820379,"Marburg",20
"347",1.45401749806479,0.900552036706358,"Marburg",20
"348",1.29036049498245,0.823827725136653,"Marburg",20
"349",0.120773999020457,0.339596351841465,"Marburg",20
"350",0.220043548615649,0.639872714411467,"Marburg",20
"351",0.226254855282605,0.0436388626694679,"Marburg",20
"352",0.169090200215578,0.399310307810083,"Marburg",20
"353",0.320675722556189,0.615235009696335,"Marburg",20
"354",0.34046833938919,0.66098419087939,"Marburg",20
"355",0.593645411543548,0.470403993502259,"Marburg",20
"356",0.0277395355515182,0.557647474110126,"Marburg",20
"357",0.327419138280675,0.0880506434477866,"Marburg",20
"358",0.284298661630601,0.443935813847929,"Marburg",20
"359",0.327692882856354,0.201276295352727,"Marburg",20
"360",1.16390569671057,0.89448208687827,"Marburg",20
"361",1.51032769703306,0.773427146021277,"Marburg",20
"362",1.47546989656985,0.964164679637179,"Marburg",20
"363",0.747150297509506,0.983999515417963,"Marburg",20
"364",0.917717910837382,0.790471586864442,"Marburg",20
"365",0.917914730496705,0.761758924927562,"Marburg",20
"366",0.434394740732387,0.526872468646616,"Marburg",20
"367",0.832952464465052,0.795120901195332,"Marburg",20
"368",0.624092859914526,0.908544060075656,"Marburg",20
"369",0.49039863771759,0.574036756064743,"Marburg",20
"370",0.293706634780392,0.733634563861415,"Marburg",20
"371",1.20645780628547,0.580689538735896,"Marburg",20
"372",0.14224962098524,0.0171845185104758,"Marburg",20
"373",0.348511856747791,0.577512494986877,"Marburg",20
"374",0.149824729654938,0.751274180132896,"Marburg",20
"375",1.03776651271619,0.748278495389968,"Marburg",20
"376",0.817570905899629,0.834793640533462,"Marburg",20
"377",0.553720190422609,0.217027089558542,"Marburg",20
"378",0.569078335538507,0.708039306569844,"Marburg",20
"379",0.749631454003975,0.81361886812374,"Marburg",20
"380",0.523741267388687,0.178052642615512,"Marburg",20
"381",0.546641968656331,0.642217276850715,"Marburg",20
"382",0.599454444134608,0.322817847365513,"Marburg",20
"383",0.251785326283425,0.291187584167346,"Marburg",20
"384",0.482278055744246,0.620539547875524,"Marburg",20
"385",0.103565205121413,0.601968407165259,"Marburg",20
"386",0.253649565624073,0.58913163957186,"Marburg",20
"387",0.945492686005309,0.811014398932457,"Marburg",20
"388",1.46215875539929,0.862690303009003,"Marburg",20
"389",1.38115539774299,0.696419319137931,"Marburg",20
"390",0.669993643183261,0.733252852689475,"Marburg",20
"391",0.147691576508805,0.993434995412827,"Marburg",20
"392",0.616351985838264,0.306658348534256,"Marburg",20
"393",0.567626178497449,0.662634739652276,"Marburg",20
"394",0.681599778821692,0.808557237032801,"Marburg",20
"395",2.24950797809288,0.810621632961556,"Marburg",20
"396",0.0303814150393009,0.608073828741908,"Marburg",20
"397",0.274977424414828,0.792720252182335,"Marburg",20
"398",0.781235098605976,0.606827199924737,"Marburg",20
"399",0.217505771666765,0.839888413902372,"Marburg",20
"400",0.413427430903539,0.205398618010804,"Marburg",20
"401",0.268543148646131,0.258781924610958,"Marburg",20
"402",1.59139762655832,0.997175472788513,"Marburg",20
"403",0.0875750260893255,0.826878153253347,"Marburg",20
"404",1.1842352966778,0.69153219810687,"Marburg",20
"405",1.06340330117382,0.934433213202283,"Marburg",20
"406",0.234729687916115,0.654505734564736,"Marburg",20
"407",1.38637872249819,0.534887197660282,"Marburg",20
"408",1.79119187104516,0.880047911778092,"Marburg",20
"409",0.471828385256231,0.865131000522524,"Marburg",20
"410",0.239630870288238,0.268858783179894,"Marburg",20
"411",0.0641178900841624,0.890931553440168,"Marburg",20
"412",0.825736918486655,0.0173286960925907,"Marburg",20
"413",0.345674589509144,0.505251080496237,"Marburg",20
"414",0.842234103474766,0.750126723898575,"Marburg",20
"415",0.554242740618065,0.865213776938617,"Marburg",20
"416",0.325511344475672,0.580322535708547,"Marburg",20
"417",0.326483020093292,0.468239714158699,"Marburg",20
"418",0.514829392544925,0.491795649053529,"Marburg",20
"419",0.371941419085488,0.269049743190408,"Marburg",20
"420",0.050483759958297,0.222615983569995,"Marburg",20
"421",0.595172360306606,0.512076938757673,"Marburg",20
"422",0.606764441588894,0.776207862887532,"Marburg",20
"423",0.439843114698306,0.111724049318582,"Marburg",20
"424",0.690074811223894,0.185461723944172,"Marburg",20
"425",0.53577588731423,0.586308827623725,"Marburg",20
"426",0.841704582329839,0.164717466337606,"Marburg",20
"427",0.283869233680889,0.245983720058575,"Marburg",20
"428",0.144328453112394,0.03091248171404,"Marburg",20
"429",1.38077680743299,0.540046597132459,"Marburg",20
"430",0.622841482283548,0.643395173130557,"Marburg",20
"431",0.429187292000279,0.698937801644206,"Marburg",20
"432",0.0541200432926416,0.162104996386915,"Marburg",20
"433",0.848175806226209,0.444264450808987,"Marburg",20
"434",0.700461556669325,0.505241556558758,"Marburg",20
"435",1.12316211126745,0.927073452621698,"Marburg",20
"436",0.546864129602909,0.971937086433172,"Marburg",20
"437",0.326342140557244,0.0210083157289773,"Marburg",20
"438",0.151572151808068,0.0996799557469785,"Marburg",20
"439",0.598360102856532,0.661736840382218,"Marburg",20
"440",0.561219218652695,0.677839076146483,"Marburg",20
"441",1.35071396338753,0.960314016323537,"Marburg",20
"442",0.422863183077425,0.318602564511821,"Marburg",20
"443",0.388641953933984,0.750405116239563,"Marburg",20
"444",0.840363268274814,0.498922062804922,"Marburg",20
"445",0.934918825747445,0.927567121107131,"Marburg",20
"446",0.0668601079378277,0.0728613229002804,"Marburg",20
"447",0.528069379040971,0.824167177081108,"Marburg",20
"448",1.1219984551426,0.779620395973325,"Marburg",20
"449",0.426621668972075,0.384201476117596,"Marburg",20
"450",0.404619968030602,0.732065120246261,"Marburg",20
"451",0.735602233093232,0.345507627585903,"Marburg",20
"452",0.189948374871165,0.833174117607996,"Marburg",20
"453",1.21657759370282,0.640430368017405,"Marburg",20
"454",0.396143458317965,0.387953890487552,"Marburg",20
"455",0.214810759294778,0.119055356131867,"Marburg",20
"456",0.272576081799343,0.637532858643681,"Marburg",20
"457",0.473936738446355,0.790425497572869,"Marburg",20
"458",0.795110179111362,0.534288026858121,"Marburg",20
"459",0.467278522672132,0.458872021175921,"Marburg",20
"460",0.192912602098659,0.0319405545014888,"Marburg",20
"461",0.780907566659153,0.555748391430825,"Marburg",20
"462",0.543492187745869,0.870594556443393,"Marburg",20
"463",0.443196278298274,0.205413186689839,"Marburg",20
"464",1.16305478755385,0.482352352002636,"Marburg",20
"465",0.135951577685773,0.323462307918817,"Marburg",20
"466",0.0481756918597966,0.629366841865703,"Marburg",20
"467",0.782503951108083,0.602197147440165,"Marburg",20
"468",0.391986055998132,0.385278449160978,"Marburg",20
"469",0.631248925812542,0.74727634084411,"Marburg",20
"470",0.381972908042371,0.606137154856697,"Marburg",20
"471",0.4803223349154,0.329455062979832,"Marburg",20
"472",0.31065320642665,0.0944921118207276,"Marburg",20
"473",0.229916231939569,0.290571607183665,"Marburg",20
"474",0.487618324812502,0.23732140683569,"Marburg",20
"475",0.250820805318654,0.0355746049899608,"Marburg",20
"476",0.161733978660777,0.926025822991505,"Marburg",20
"477",0.399999648565426,0.730900199618191,"Marburg",20
"478",1.49244127445854,0.825706945732236,"Marburg",20
"479",0.340090154204518,0.171607592375949,"Marburg",20
"480",1.14847085159272,0.287868396146223,"Marburg",20
"481",0.347014028811827,0.168171624885872,"Marburg",20
"482",0.0977010070346296,0.321204195730388,"Marburg",20
"483",0.598449508426711,0.996269427705556,"Marburg",20
"484",0.466814423678443,0.896769411861897,"Marburg",20
"485",0.286108053289354,0.793144012102857,"Marburg",20
"486",0.145988996140659,0.68650595494546,"Marburg",20
"487",0.0646353552583605,0.745543115772307,"Marburg",20
"488",0.226292304228991,0.291932131862268,"Marburg",20
"489",0.281111240386963,0.334244799800217,"Marburg",20
"490",0.615577457472682,0.93421301827766,"Marburg",20
"491",1.08269466552883,0.951500335009769,"Marburg",20
"492",0.101446997607127,0.424403905170038,"Marburg",20
"493",0.486784245120361,0.10872602276504,"Marburg",20
"494",0.231021927902475,0.350923531223089,"Marburg",20
"495",0.798017497407272,0.29177059349604,"Marburg",20
"496",1.48051135987043,0.961964003741741,"Marburg",20
"497",0.108296256512403,0.592624667333439,"Marburg",20
"498",0.188433624571189,0.555393342627212,"Marburg",20
"499",0.330824959790334,0.668508324073628,"Marburg",20
"500",0.326266999589279,0.688634005375206,"Marburg",20
"501",0.570904535707086,0.843192839063704,"Marburg",20
"502",1.14251237246208,0.805617130361497,"Frankfurt",4
"503",0.54595905309543,0.619149821810424,"Frankfurt",4
"504",0.81560524343513,0.135819763643667,"Frankfurt",4
"505",0.89284309046343,0.372973232995719,"Frankfurt",4
"506",0.883295115781948,0.862870887154713,"Frankfurt",4
"507",1.61045617656782,0.0658668430987746,"Frankfurt",4
"508",2.24387481738813,0.266735937213525,"Frankfurt",4
"509",1.10085413139313,0.920532539254054,"Frankfurt",4
"510",1.0760684623383,0.142889113165438,"Frankfurt",4
"511",0.43542713066563,0.422091930173337,"Frankfurt",4
"512",1.23308362998068,0.348771250341088,"Frankfurt",4
"513",0.122239488177001,0.736908266553655,"Frankfurt",4
"514",1.62360574956983,0.519290429074317,"Frankfurt",4
"515",1.20457229926251,0.81276815244928,"Frankfurt",4
"516",1.22206049133092,0.471991940634325,"Frankfurt",4
"517",1.04133367049508,0.172548123402521,"Frankfurt",4
"518",1.16132327564992,0.464072495466098,"Frankfurt",4
"519",0.778770796023309,0.274371050298214,"Frankfurt",4
"520",1.22793298889883,0.914886615937576,"Frankfurt",4
"521",0.983699357137084,0.625827030278742,"Frankfurt",4
"522",1.44220034312457,0.427771183196455,"Frankfurt",4
"523",1.34740149881691,0.249798330012709,"Frankfurt",4
"524",1.0643431332428,0.133274110266939,"Frankfurt",4
"525",0.553834199672565,0.382038134383038,"Frankfurt",4
"526",2.59819812630303,0.599805255653337,"Frankfurt",4
"527",1.04495301260613,0.420039111049846,"Frankfurt",4
"528",1.26512821018696,0.384763878071681,"Frankfurt",4
"529",0.404730022419244,0.126392781734467,"Frankfurt",4
"530",2.58296163962223,0.219056737143546,"Frankfurt",4
"531",0.907834855606779,0.31737256445922,"Frankfurt",4
"532",1.26155957300216,0.761559121310711,"Frankfurt",4
"533",0.915603524073958,0.190085996175185,"Frankfurt",4
"534",1.23255504970439,0.216119062853977,"Frankfurt",4
"535",0.324691568501294,0.183861070079729,"Frankfurt",4
"536",1.17602056008764,0.890298810787499,"Frankfurt",4
"537",1.2154374292586,0.363063364289701,"Frankfurt",4
"538",0.647049439838156,0.941365566570312,"Frankfurt",4
"539",0.811346971895546,0.872332179918885,"Frankfurt",4
"540",0.794477276969701,0.338497482473031,"Frankfurt",4
"541",2.06354860542342,0.463573910528794,"Frankfurt",4
"542",1.06004268187098,0.72565441695042,"Frankfurt",4
"543",2.94897646852769,0.136943009449169,"Frankfurt",4
"544",0.595491585088894,0.81486498285085,"Frankfurt",4
"545",0.735912281787023,0.944001462310553,"Frankfurt",4
"546",0.184122229227796,0.587480183690786,"Frankfurt",4
"547",2.15798395662569,0.345997038064525,"Frankfurt",4
"548",0.294342025648803,0.631918075261638,"Frankfurt",4
"549",0.769743464654312,0.030301310820505,"Frankfurt",4
"550",1.44516089558601,0.0274621101561934,"Frankfurt",4
"551",1.50967776915058,0.656360685592517,"Frankfurt",4
"552",0.342202974949032,0.52849855273962,"Frankfurt",4
"553",2.04620143747889,0.729128620354459,"Frankfurt",4
"554",0.932440262055025,0.515598529484123,"Frankfurt",4
"555",0.42773856734857,0.651346024358645,"Frankfurt",4
"556",0.2790482416749,0.156457969453186,"Frankfurt",4
"557",0.694614563835785,0.0937635290902108,"Frankfurt",4
"558",0.120802579214796,0.77336533064954,"Frankfurt",4
"559",0.940853070002049,0.37994117452763,"Frankfurt",4
"560",1.10830440628342,0.628120962530375,"Frankfurt",4
"561",0.0630269749090075,0.0673071832861751,"Frankfurt",4
"562",1.05897817178629,0.560047299135476,"Frankfurt",4
"563",0.735759483184665,0.80766791338101,"Frankfurt",4
"564",1.06498694722541,0.33790289144963,"Frankfurt",4
"565",1.36494237044826,0.455942909233272,"Frankfurt",4
"566",1.81336847227067,0.320178612368181,"Frankfurt",4
"567",0.219795478507876,0.924686738289893,"Frankfurt",4
"568",0.687992284074426,0.625718499999493,"Frankfurt",4
"569",1.20618472457863,0.615180751075968,"Frankfurt",4
"570",0.79449148918502,0.182856312254444,"Frankfurt",4
"571",1.34025258966722,0.153724177740514,"Frankfurt",4
"572",1.08144757593982,0.640182887669653,"Frankfurt",4
"573",0.933866646839306,0.521702944301069,"Frankfurt",4
"574",0.701019598636776,0.0512556103058159,"Frankfurt",4
"575",0.266030400060117,0.88429545192048,"Frankfurt",4
"576",0.623069408582523,0.173597634304315,"Frankfurt",4
"577",1.71717789047398,0.286209899699315,"Frankfurt",4
"578",1.49364885524847,0.459067972376943,"Frankfurt",4
"579",0.952741650631651,0.402183872414753,"Frankfurt",4
"580",0.530216518091038,0.532880837563425,"Frankfurt",4
"581",0.84581154724583,0.7121460235212,"Frankfurt",4
"582",2.65605258336291,0.84234348568134,"Frankfurt",4
"583",0.767914867959917,0.853655626764521,"Frankfurt",4
"584",1.81980927963741,0.0457157343626022,"Frankfurt",4
"585",1.17109862691723,0.460120609495789,"Frankfurt",4
"586",1.02671332284808,0.996579162310809,"Frankfurt",4
"587",0.119663547025993,0.941223223228008,"Frankfurt",4
"588",0.367804839508608,0.601514199282974,"Frankfurt",4
"589",0.757283576298505,0.981731378473341,"Frankfurt",4
"590",2.8814576708246,0.695071588037536,"Frankfurt",4
"591",0.642689338652417,0.403604697901756,"Frankfurt",4
"592",1.63396100420505,0.976074550533667,"Frankfurt",4
"593",2.03059772634879,0.782161357114092,"Frankfurt",4
"594",0.0250344013329595,0.224429425084963,"Frankfurt",4
"595",0.402343624038622,0.499716317048296,"Frankfurt",4
"596",1.17792392475531,0.291109051788226,"Frankfurt",4
"597",1.2908234372735,0.46932464838028,"Frankfurt",4
"598",0.220284329261631,0.69123649969697,"Frankfurt",4
"599",0.423098340863362,0.924292175564915,"Frankfurt",4
"600",0.580174600007012,0.445793130900711,"Frankfurt",4
"601",0.232012080727145,0.0157550564035773,"Frankfurt",4
"602",0.929181143408641,0.70481216814369,"Frankfurt",4
"603",0.617884665727615,0.445134525187314,"Frankfurt",4
"604",1.15335855726153,0.0418478983920068,"Frankfurt",4
"605",1.55621273489669,0.188629661221057,"Frankfurt",4
"606",0.724105903180316,0.97602121764794,"Frankfurt",4
"607",2.52385600609705,0.5940646964591,"Frankfurt",4
"608",1.68516816850752,0.411106693325564,"Frankfurt",4
"609",0.393693751422688,0.563341139582917,"Frankfurt",4
"610",0.00259958300739527,0.089359218487516,"Frankfurt",4
"611",1.40664798673242,0.942018510773778,"Frankfurt",4
"612",1.3148709309753,0.407284456770867,"Frankfurt",4
"613",0.777600795496255,0.453616192564368,"Frankfurt",4
"614",1.76584909600206,0.795215220656246,"Frankfurt",4
"615",2.13744696811773,0.0246108376886696,"Frankfurt",4
"616",0.579455364961177,0.360226894263178,"Frankfurt",4
"617",1.59866773453541,0.669578136876225,"Frankfurt",4
"618",1.00884124659933,0.346576820826158,"Frankfurt",4
"619",0.975637030787766,0.329739945940673,"Frankfurt",4
"620",0.898930282099172,0.853074511513114,"Frankfurt",4
"621",1.66960041923448,0.23781406134367,"Frankfurt",4
"622",1.18017468997277,0.739216710906476,"Frankfurt",4
"623",1.33522484614514,0.376321298535913,"Frankfurt",4
"624",0.876101024681702,0.892523798625916,"Frankfurt",4
"625",0.426096646813676,0.476258171722293,"Frankfurt",4
"626",0.50178213045001,0.260684069478884,"Frankfurt",4
"627",0.757182971108705,0.986552634043619,"Frankfurt",4
"628",0.508851832710207,0.4460887205787,"Frankfurt",4
"629",0.466124905273318,0.368457497097552,"Frankfurt",4
"630",1.28667498193681,0.143199912738055,"Frankfurt",4
"631",0.47412891802378,0.923493638634682,"Frankfurt",4
"632",0.341594847617671,0.297670170897618,"Frankfurt",4
"633",1.73997798096389,0.741650368552655,"Frankfurt",4
"634",0.825670389225706,0.775047339266166,"Frankfurt",4
"635",1.49119637114927,0.230115870945156,"Frankfurt",4
"636",0.205835049273446,0.484876452246681,"Frankfurt",4
"637",0.287009522086009,0.942294892622158,"Frankfurt",4
"638",0.504477202892303,0.851923807756975,"Frankfurt",4
"639",0.474195427028462,0.62490968243219,"Frankfurt",4
"640",1.24322873912752,0.937736502150074,"Frankfurt",4
"641",0.462233354570344,0.592614272376522,"Frankfurt",4
"642",0.079564495710656,0.137139684520662,"Frankfurt",4
"643",0.419635217171162,0.503990375902504,"Frankfurt",4
"644",0.31271004024893,0.537306389305741,"Frankfurt",4
"645",0.80434353556484,0.430746777681634,"Frankfurt",4
"646",2.78671967005357,0.942201376426965,"Frankfurt",4
"647",0.606737759895623,0.584379444364458,"Frankfurt",4
"648",2.62112036347389,0.538569319760427,"Frankfurt",4
"649",0.473048257408664,0.972500205272809,"Frankfurt",4
"650",2.38381973351352,0.905980922514573,"Frankfurt",4
"651",1.43640380026773,0.480839547934011,"Frankfurt",4
"652",0.771757952403277,0.390585101209581,"Frankfurt",4
"653",0.723675723653287,0.274217993952334,"Frankfurt",4
"654",1.53590983618051,0.650173355825245,"Frankfurt",4
"655",0.128353844862431,0.892160644521937,"Frankfurt",4
"656",0.0140638235025108,0.805233034770936,"Frankfurt",4
"657",1.2282116250135,0.848442254355177,"Frankfurt",4
"658",1.024251133902,0.99612008430995,"Frankfurt",4
"659",0.620923651847988,0.354441069765016,"Frankfurt",4
"660",1.18112391815521,0.268459302606061,"Frankfurt",4
"661",0.504829445388168,0.893309402279556,"Frankfurt",4
"662",0.234640108421445,0.741550309583545,"Frankfurt",4
"663",0.882779688108712,0.740789874456823,"Frankfurt",4
"664",1.594420657726,0.453489393694326,"Frankfurt",4
"665",0.486937158275396,0.551825466565788,"Frankfurt",4
"666",1.68474973551929,0.811233101878315,"Frankfurt",4
"667",0.742573407478631,0.474629392847419,"Frankfurt",4
"668",1.29206343577243,0.925387547118589,"Frankfurt",4
"669",0.722455913666636,0.611049422528595,"Frankfurt",4
"670",0.634493209887296,0.604992343811318,"Frankfurt",4
"671",0.786169446771964,0.648277298547328,"Frankfurt",4
"672",0.319291801890358,0.166420365683734,"Frankfurt",4
"673",0.159055188065395,0.552348959026858,"Frankfurt",4
"674",1.04890551650897,0.923391840886325,"Frankfurt",4
"675",0.732738155638799,0.752039672341198,"Frankfurt",4
"676",0.309511864325032,0.00942790717817843,"Frankfurt",4
"677",1.55168893374503,0.179426434915513,"Frankfurt",4
"678",0.733884489163756,0.0826092939823866,"Frankfurt",4
"679",0.510383678600192,0.784076418261975,"Frankfurt",4
"680",1.64570717490278,0.300734444987029,"Frankfurt",4
"681",1.58127939817496,0.970963682979345,"Frankfurt",4
"682",0.710778407519683,0.492086437763646,"Frankfurt",4
"683",1.08168924297206,0.444966967683285,"Frankfurt",4
"684",0.545053936773911,0.763513881713152,"Frankfurt",4
"685",0.532391309738159,0.339723479934037,"Frankfurt",4
"686",1.28769041458145,0.618374003563076,"Frankfurt",4
"687",0.167036488652229,0.212095519993454,"Frankfurt",4
"688",0.298300855793059,0.277392439544201,"Frankfurt",4
"689",1.47066659247503,0.182869533542544,"Frankfurt",4
"690",0.643758793361485,0.734011304331943,"Frankfurt",4
"691",0.405961119337007,0.112621729960665,"Frankfurt",4
"692",0.743640373460948,0.573659334331751,"Frankfurt",4
"693",0.896246706135571,0.779856784269214,"Frankfurt",4
"694",0.647803111933172,0.272863442776725,"Frankfurt",4
"695",0.425024789292365,0.908553107175976,"Frankfurt",4
"696",1.65076751564629,0.727013272931799,"Frankfurt",4
"697",0.610882991692051,0.946132241981104,"Frankfurt",4
"698",0.684700647136196,0.411623319378123,"Frankfurt",4
"699",0.785585002508014,0.844295123126358,"Frankfurt",4
"700",1.11711579747498,0.719697650289163,"Frankfurt",4
"701",2.11688260850497,0.110087455250323,"Frankfurt",4
"702",2.80793130886741,0.74740558443591,"Frankfurt",4
"703",1.19739116798155,0.674735367996618,"Frankfurt",4
"704",0.745009011821821,0.810952928150073,"Frankfurt",4
"705",0.58363702101633,0.61797800520435,"Frankfurt",4
"706",0.0837013944983482,0.42514086724259,"Frankfurt",4
"707",1.39621494943276,0.502165475161746,"Frankfurt",4
"708",1.88846373790875,0.330064001260325,"Frankfurt",4
"709",0.867227666079998,0.278966050595045,"Frankfurt",4
"710",2.70976446149871,0.860302749555558,"Frankfurt",4
"711",0.880798456957564,0.862226986093447,"Frankfurt",4
"712",1.1475529584568,0.668351948959753,"Frankfurt",4
"713",0.423544165212661,0.541280132718384,"Frankfurt",4
"714",0.738730821758509,0.419667039299384,"Frankfurt",4
"715",0.352465802337974,0.120096503989771,"Frankfurt",4
"716",1.67794409324415,0.761141649214551,"Frankfurt",4
"717",0.320877155056223,0.728147951420397,"Frankfurt",4
"718",0.229635523399338,0.498767968965694,"Frankfurt",4
"719",1.70595438452438,0.900848024757579,"Frankfurt",4
"720",0.0599392242729664,0.378352224128321,"Frankfurt",4
"721",0.592565664555877,0.288286566967145,"Frankfurt",4
"722",0.961741877021268,0.417762097204104,"Frankfurt",4
"723",0.847061339998618,0.0829586028121412,"Frankfurt",4
"724",0.274936277652159,0.725610913708806,"Frankfurt",4
"725",0.381979330675676,0.337951891357079,"Frankfurt",4
"726",0.930327333044261,0.121266644215211,"Frankfurt",4
"727",1.47725549619645,0.148344406858087,"Frankfurt",4
"728",0.496794138103724,0.106189675396308,"Frankfurt",4
"729",0.548932993551716,0.684343608096242,"Frankfurt",4
"730",1.87621153355576,0.808627563761547,"Frankfurt",4
"731",0.211187326814979,0.8416329594329,"Frankfurt",4
"732",1.79221188090742,0.604670651257038,"Frankfurt",4
"733",1.49337195139378,0.273362788138911,"Frankfurt",4
"734",0.145048615755513,0.504160371143371,"Frankfurt",4
"735",1.14756107283756,0.509830375667661,"Frankfurt",4
"736",1.04906882671639,0.376773634692654,"Frankfurt",4
"737",0.984742156695575,0.494814111618325,"Frankfurt",4
"738",1.45553495711647,0.144289736635983,"Frankfurt",4
"739",0.19323390070349,0.327017379226163,"Frankfurt",4
"740",0.508487669052556,0.967279681470245,"Frankfurt",4
"741",0.108433627523482,0.957236778223887,"Frankfurt",4
"742",0.618598519591615,0.268771853996441,"Frankfurt",4
"743",1.32873750175349,0.0930248009972274,"Frankfurt",4
"744",2.09506307635456,0.678371407324448,"Frankfurt",4
"745",1.25168859679252,0.869704383192584,"Frankfurt",4
"746",1.00342941074632,0.177099524997175,"Frankfurt",4
"747",0.198328063823283,0.751393492799252,"Frankfurt",4
"748",0.872875091386959,0.930685253813863,"Frankfurt",4
"749",1.20410250825807,0.944132543401793,"Frankfurt",4
"750",1.60964592802338,0.0449659095611423,"Frankfurt",4
"751",0.404866840923205,0.82359932991676,"Frankfurt",4
"752",1.46950994222425,0.632681263610721,"Frankfurt",4
"753",0.192590878810734,0.712580085732043,"Frankfurt",4
"754",0.00377596425823867,0.534107026876882,"Frankfurt",4
"755",1.00028312718496,0.22829983336851,"Frankfurt",4
"756",0.0653386604972184,0.249217482283711,"Frankfurt",4
"757",1.06043689604849,0.811808218015358,"Frankfurt",4
"758",1.43107674596831,0.135505059268326,"Frankfurt",4
"759",0.11329052830115,0.723663576180115,"Frankfurt",4
"760",0.25854704179801,0.739011410390958,"Frankfurt",4
"761",1.92724993592128,0.144796857610345,"Frankfurt",4
"762",2.31866351142526,0.699231464182958,"Frankfurt",4
"763",1.01782916416414,0.772285891231149,"Frankfurt",4
"764",0.477759355679154,0.95190096902661,"Frankfurt",4
"765",0.239358398364857,0.0925743479747325,"Frankfurt",4
"766",0.788084780797362,0.0201488086022437,"Frankfurt",4
"767",0.144281037384644,0.554255502298474,"Frankfurt",4
"768",0.967960697365925,0.450465017231181,"Frankfurt",4
"769",0.657136941561475,0.281223945552483,"Frankfurt",4
"770",0.654157501878217,0.443810924421996,"Frankfurt",4
"771",0.718629218637943,0.142511971527711,"Frankfurt",4
"772",0.472162039484829,0.839032745687291,"Frankfurt",4
"773",0.841858454514295,0.0962570623960346,"Frankfurt",4
"774",1.01649666158482,0.953029896132648,"Frankfurt",4
"775",1.72392017813399,0.231927384156734,"Frankfurt",4
"776",1.0550236038398,0.771670084213838,"Frankfurt",4
"777",0.90398508310318,0.804889186983928,"Frankfurt",4
"778",0.971382313175127,0.707403848413378,"Frankfurt",4
"779",0.566708814818412,0.221903479890898,"Frankfurt",4
"780",0.661963309859857,0.512775050010532,"Frankfurt",4
"781",0.340591865591705,0.75606434000656,"Frankfurt",4
"782",0.927239305106923,0.0882161625195295,"Frankfurt",4
"783",1.33272720105015,0.385379367973655,"Frankfurt",4
"784",0.653663671575487,0.759554231073707,"Frankfurt",4
"785",0.310831286944449,0.361850965069607,"Frankfurt",4
"786",0.44315074221231,0.650088802678511,"Frankfurt",4
"787",0.216556009836495,0.530785596463829,"Frankfurt",4
"788",0.755624778103083,0.345655158860609,"Frankfurt",4
"789",0.295705984113738,0.106643244624138,"Frankfurt",4
"790",1.47081142896786,0.298280559945852,"Frankfurt",4
"791",1.27889629499987,0.620668513234705,"Frankfurt",4
"792",1.31325424206443,0.571483437903225,"Frankfurt",4
"793",1.8796065445058,0.448755116434768,"Frankfurt",4
"794",1.09672435303219,0.237221976509318,"Frankfurt",4
"795",0.992176369763911,0.731582428328693,"Frankfurt",4
"796",0.875414406415075,0.836903454037383,"Frankfurt",4
"797",1.67127168900333,0.038157818838954,"Frankfurt",4
"798",1.43217630987056,0.817714194534346,"Frankfurt",4
"799",0.509178378386423,0.531150703085586,"Frankfurt",4
"800",0.218518612906337,0.868338554399088,"Frankfurt",4
"801",0.719257303280756,0.91550045623444,"Frankfurt",4
"802",0.0811152546666563,0.0604233560152352,"Frankfurt",4
"803",0.749063934199512,0.896965094842017,"Frankfurt",4
"804",0.708836326142773,0.242918655043468,"Frankfurt",4
"805",1.01865402725525,0.681875196285546,"Frankfurt",4
"806",2.58736069570296,0.400809159036726,"Frankfurt",4
"807",0.443992781220004,0.211850204272196,"Frankfurt",4
"808",2.86422900832258,0.196546221617609,"Frankfurt",4
"809",0.487213622080162,0.70118970121257,"Frankfurt",4
"810",0.101231168489903,0.0174327800050378,"Frankfurt",4
"811",0.15260773175396,0.409903143066913,"Frankfurt",4
"812",0.248422696022317,0.590370648773387,"Frankfurt",4
"813",0.669576975284144,0.42109794402495,"Frankfurt",4
"814",0.806814158800989,0.109534711809829,"Frankfurt",4
"815",0.160681803245097,0.569878195179626,"Frankfurt",4
"816",0.786213541170582,0.394254008308053,"Frankfurt",4
"817",2.91577637731098,0.194321529939771,"Frankfurt",4
"818",0.236874709837139,0.142802121816203,"Frankfurt",4
"819",1.45843425253406,0.954689075471833,"Frankfurt",4
"820",1.17607348342426,0.939830697607249,"Frankfurt",4
"821",1.07948269997723,0.646102552767843,"Frankfurt",4
"822",0.439505690708756,0.373432926600799,"Frankfurt",4
"823",2.58135325298645,0.8536763752345,"Frankfurt",4
"824",2.70476841134951,0.134812778327614,"Frankfurt",4
"825",1.28314448799938,0.507975343381986,"Frankfurt",4
"826",0.729003704851493,0.314299951773137,"Frankfurt",4
"827",0.516482183709741,0.507371468003839,"Frankfurt",4
"828",0.300849073799327,0.549473789287731,"Frankfurt",4
"829",0.704441993962973,0.361575423041359,"Frankfurt",4
"830",1.33334944210947,0.881622600136325,"Frankfurt",4
"831",1.1559070951771,0.890445722267032,"Frankfurt",4
"832",0.404126030160114,0.0180183469783515,"Frankfurt",4
"833",0.754029798321426,0.631439310032874,"Frankfurt",4
"834",2.56313339760527,0.538790390593931,"Frankfurt",4
"835",1.8341871695593,0.623831584583968,"Frankfurt",4
"836",0.142331324284896,0.839473986066878,"Frankfurt",4
"837",0.737402401864529,0.435070475330576,"Frankfurt",4
"838",2.05224246787839,0.763602468650788,"Frankfurt",4
"839",0.949987248284742,0.201802878407761,"Frankfurt",4
"840",0.765408030711114,0.0142559374216944,"Frankfurt",4
"841",0.730462978826836,0.97166729462333,"Frankfurt",4
"842",1.2447430389002,0.892611200921237,"Frankfurt",4
"843",1.63765059644356,0.0247802052181214,"Frankfurt",4
"844",2.92725806194358,0.404414372285828,"Frankfurt",4
"845",0.301141480682418,0.991857205750421,"Frankfurt",4
"846",0.836451596813276,0.645137143088505,"Frankfurt",4
"847",0.386412732303143,0.92362960265018,"Frankfurt",4
"848",1.52283144788817,0.344236535253003,"Frankfurt",4
"849",1.06516513042152,0.940152039984241,"Frankfurt",4
"850",0.0780300451442599,0.808953570201993,"Frankfurt",4
"851",1.97789642494172,0.310673536034301,"Frankfurt",4
"852",0.817619027802721,0.112087761517614,"Frankfurt",4
"853",1.39882195042446,0.367743800859898,"Frankfurt",4
"854",1.45814225426875,0.0238627286162227,"Frankfurt",4
"855",0.213429234456271,0.632394598331302,"Frankfurt",4
"856",0.216248764190823,0.00112060597166419,"Frankfurt",4
"857",0.403395939152688,0.494477406609803,"Frankfurt",4
"858",0.826814937405288,0.735090450616553,"Frankfurt",4
"859",0.975084326695651,0.966530565172434,"Frankfurt",4
"860",0.945530672091991,0.348116151057184,"Frankfurt",4
"861",1.0574508968275,0.853186008753255,"Frankfurt",4
"862",2.17029174696654,0.238621091004461,"Frankfurt",4
"863",0.710868211230263,0.203320340253413,"Frankfurt",4
"864",0.374036141904071,0.114711528643966,"Frankfurt",4
"865",0.574981044279411,0.918588185450062,"Frankfurt",4
"866",2.08331507421099,0.153268567752093,"Frankfurt",4
"867",0.918106917757541,0.822928950889036,"Frankfurt",4
"868",1.34879295271821,0.00647252495400608,"Frankfurt",4
"869",0.752598274033517,0.527232122141868,"Frankfurt",4
"870",0.756944660330191,0.588921654736623,"Frankfurt",4
"871",0.322397658834234,0.29054358927533,"Frankfurt",4
"872",0.855961093911901,0.158055741107091,"Frankfurt",4
"873",0.505562044680119,0.968169580912217,"Frankfurt",4
"874",1.28889712784439,0.126294242218137,"Frankfurt",4
"875",1.49143708264455,0.425067855510861,"Frankfurt",4
"876",0.984060352435336,0.0449018278159201,"Frankfurt",4
"877",1.13377658184618,0.302647444652393,"Frankfurt",4
"878",0.458552464144304,0.764021798269823,"Frankfurt",4
"879",1.17359582986683,0.961220981786028,"Frankfurt",4
"880",0.495202102465555,0.163400469813496,"Frankfurt",4
"881",2.07298609404825,0.990157699678093,"Frankfurt",4
"882",1.29707813914865,0.338212793925777,"Frankfurt",4
"883",1.71879585483111,0.470422488404438,"Frankfurt",4
"884",1.23169334046543,0.650335608050227,"Frankfurt",4
"885",0.684372923104092,0.4078685475979,"Frankfurt",4
"886",0.667962956009433,0.557462404482067,"Frankfurt",4
"887",0.641571891959757,0.382300180615857,"Frankfurt",4
"888",0.394165056757629,0.93518389435485,"Frankfurt",4
"889",0.857672824524343,0.194701706757769,"Frankfurt",4
"890",0.660371448844671,0.35711049172096,"Frankfurt",4
"891",1.83701623161323,0.867519687395543,"Frankfurt",4
"892",2.10548343602568,0.450018142815679,"Frankfurt",4
"893",0.901159720262513,0.787414204329252,"Frankfurt",4
"894",0.311698140576482,0.205430073197931,"Frankfurt",4
"895",0.661317915190011,0.768365604337305,"Frankfurt",4
"896",1.04218233888969,0.637835601111874,"Frankfurt",4
"897",0.107018937589601,0.488560752477497,"Frankfurt",4
"898",0.269397694151849,0.802916328888386,"Frankfurt",4
"899",0.648330909898505,0.711840193718672,"Frankfurt",4
"900",1.95647096447647,0.0021979077719152,"Frankfurt",4
"901",0.107096959836781,0.00406967313028872,"Frankfurt",4
"902",0.592048780526966,0.5138684224803,"Frankfurt",4
"903",1.56732889311388,0.918468234594911,"Frankfurt",4
"904",1.48762222076766,0.583766247844324,"Frankfurt",4
"905",1.64842331036925,0.291762280045077,"Frankfurt",4
"906",0.815306370612234,0.538066131528467,"Frankfurt",4
"907",0.38733463617973,0.812386385165155,"Frankfurt",4
"908",2.13048616913147,0.121035320684314,"Frankfurt",4
"909",0.829618335468695,0.479856557445601,"Frankfurt",4
"910",0.838812079047784,0.0292362954933196,"Frankfurt",4
"911",0.861315639456734,0.172851911978796,"Frankfurt",4
"912",0.610531783662736,0.457348224008456,"Frankfurt",4
"913",1.77740821614861,0.426941381301731,"Frankfurt",4
"914",0.558109070174396,0.710090109379962,"Frankfurt",4
"915",2.05028644180857,0.148866855306551,"Frankfurt",4
"916",1.36538507952355,0.114292873535305,"Frankfurt",4
"917",1.03490998595953,0.331282746978104,"Frankfurt",4
"918",1.33625663048588,0.0890839553903788,"Frankfurt",4
"919",2.15723744756542,0.802471831906587,"Frankfurt",4
"920",0.796861394774169,0.0227417852729559,"Frankfurt",4
"921",0.752606021007523,0.669247186509892,"Frankfurt",4
"922",0.10366995097138,0.364995763171464,"Frankfurt",4
"923",1.64385670144111,0.496664687758312,"Frankfurt",4
"924",1.2972035931889,0.74912298633717,"Frankfurt",4
"925",2.31714773434214,0.11394690675661,"Frankfurt",4
"926",1.29518943233415,0.391379480948672,"Frankfurt",4
"927",0.906356189399958,0.571817296557128,"Frankfurt",4
"928",0.510583948809654,0.629223255906254,"Frankfurt",4
"929",1.13656917703338,0.870291186496615,"Frankfurt",4
"930",0.383983871201053,0.876871468732134,"Frankfurt",4
"931",0.548939620843157,0.784713408909738,"Frankfurt",4
"932",1.55321768322028,0.212280269246548,"Frankfurt",4
"933",0.219126575393602,0.0615504067391157,"Frankfurt",4
"934",0.132860198384151,0.314536133548245,"Frankfurt",4
"935",2.01967562944628,0.0580653881188482,"Frankfurt",4
"936",1.3880281560123,0.398790065431967,"Frankfurt",4
"937",0.327430154196918,0.0294734560884535,"Frankfurt",4
"938",2.19907024526037,0.735902647487819,"Frankfurt",4
"939",1.64313481352292,0.600469228578731,"Frankfurt",4
"940",0.757238297956064,0.311061466112733,"Frankfurt",4
"941",1.13649037876166,0.0594313004985452,"Frankfurt",4
"942",1.56134728691541,0.357300792820752,"Frankfurt",4
"943",2.07266782759689,0.394894510740414,"Frankfurt",4
"944",1.00922892009839,0.535834036068991,"Frankfurt",4
"945",1.01403553294949,0.000411947956308722,"Frankfurt",4
"946",0.0739221854601055,0.836846540449187,"Frankfurt",4
"947",0.472313994308934,0.807153360452503,"Frankfurt",4
"948",0.529339459491894,0.856231383513659,"Frankfurt",4
"949",1.34865515911952,0.565879236906767,"Frankfurt",4
"950",1.2914004418999,0.844749256968498,"Frankfurt",4
"951",1.43642224324867,0.650437942240387,"Frankfurt",4
"952",2.33302216557786,0.780624055769295,"Frankfurt",4
"953",2.04701025201939,0.810178862884641,"Frankfurt",4
"954",0.982709072297439,0.851363349007443,"Frankfurt",4
"955",1.30270252749324,0.0931061597075313,"Frankfurt",4
"956",0.114396148826927,0.891896315151826,"Frankfurt",4
"957",0.138095739064738,0.00128093222156167,"Frankfurt",4
"958",0.0257828794419765,0.118916612584144,"Frankfurt",4
"959",1.04051321768202,0.348617421463132,"Frankfurt",4
"960",0.575954968342558,0.694433861877769,"Frankfurt",4
"961",0.587416891241446,0.295499329688028,"Frankfurt",4
"962",1.76740417722613,0.103521938668564,"Frankfurt",4
"963",0.878347873454913,0.509000163758174,"Frankfurt",4
"964",0.542223007651046,0.632457548053935,"Frankfurt",4
"965",1.49183100205846,0.87417698232457,"Frankfurt",4
"966",2.1182383953128,0.951800963841379,"Frankfurt",4
"967",1.3363718718756,0.19517515017651,"Frankfurt",4
"968",0.740670776227489,0.456640778807923,"Frankfurt",4
"969",0.859735151287168,0.292694237316027,"Frankfurt",4
"970",0.940982104511932,0.0475107955280691,"Frankfurt",4
"971",0.585440681548789,0.325881911208853,"Frankfurt",4
"972",1.46338455495425,0.788683847757056,"Frankfurt",4
"973",2.31351302051917,0.0934535276610404,"Frankfurt",4
"974",0.62660306179896,0.136459887959063,"Frankfurt",4
"975",0.231811811914667,0.834323368966579,"Frankfurt",4
"976",1.21413769084029,0.323201441438869,"Frankfurt",4
"977",1.14397703460418,0.431145602837205,"Frankfurt",4
"978",1.75239038374275,0.605469770496711,"Frankfurt",4
"979",0.691898559685796,0.0868411313276738,"Frankfurt",4
"980",0.292512414744124,0.382919684518129,"Frankfurt",4
"981",0.605751267168671,0.8170612140093,"Frankfurt",4
"982",0.138294720556587,0.684077229583636,"Frankfurt",4
"983",0.690037496387959,0.0751224523410201,"Frankfurt",4
"984",0.311491878004745,0.858868014998734,"Frankfurt",4
"985",0.63762700301595,0.232651827624068,"Frankfurt",4
"986",0.401526317931712,0.40881071286276,"Frankfurt",4
"987",0.192267417674884,0.539960688678548,"Frankfurt",4
"988",1.42880358360708,0.112790756393224,"Frankfurt",4
"989",0.919457778101787,0.662326223915443,"Frankfurt",4
"990",0.46931222314015,0.575620082207024,"Frankfurt",4
"991",0.801552955526859,0.232454031705856,"Frankfurt",4
"992",0.393166319467127,0.38141711615026,"Frankfurt",4
"993",1.39777841535397,0.198358885245398,"Frankfurt",4
"994",2.40343321999535,0.131807792698964,"Frankfurt",4
"995",1.65540919150226,0.88703882554546,"Frankfurt",4
"996",0.649094363674521,0.905207032803446,"Frankfurt",4
"997",0.211777413496748,0.185291886795312,"Frankfurt",4
"998",0.618500482756644,0.114633994875476,"Frankfurt",4
"999",0.324926424538717,0.788669988978654,"Frankfurt",4
"1000",2.05258950730786,0.293246818473563,"Frankfurt",4
"1001",0.665650246432051,0.27646719571203,"Frankfurt",4
"1002",0.989272966515273,0.389582328731194,"Frankfurt",4
"1003",1.08581381407566,0.653741012094542,"Belgrade",1
"1004",0.450595193076879,0.359951336635277,"Belgrade",1
"1005",2.6339426622726,0.331112803192809,"Belgrade",1
"1006",2.13353564310819,0.940016684355214,"Belgrade",1
"1007",1.95743570965715,0.553313712589443,"Belgrade",1
"1008",1.74230649112724,0.936793031869456,"Belgrade",1
"1009",2.23897700454108,0.496080274926499,"Belgrade",1
"1010",0.107507237233222,0.818269781768322,"Belgrade",1
"1011",1.10403749649413,0.266266454942524,"Belgrade",1
"1012",1.19751693704166,0.235449111321941,"Belgrade",1
"1013",2.25297792325728,0.851833977969363,"Belgrade",1
"1014",0.170444605406374,0.180358537938446,"Belgrade",1
"1015",0.0546555016189814,0.467355857603252,"Belgrade",1
"1016",1.75588847463951,0.847193815978244,"Belgrade",1
"1017",2.14034631662071,0.349040533183143,"Belgrade",1
"1018",0.583430038299412,0.737994896015152,"Belgrade",1
"1019",0.197163614211604,0.349760545883328,"Belgrade",1
"1020",0.564499258529395,0.313558242982253,"Belgrade",1
"1021",0.446315226377919,0.425098336534575,"Belgrade",1
"1022",0.661827344913036,0.163853141479194,"Belgrade",1
"1023",0.166478412458673,0.756201518932357,"Belgrade",1
"1024",0.387642407091334,0.47307592513971,"Belgrade",1
"1025",1.88979741255753,0.981521087232977,"Belgrade",1
"1026",1.71177671290934,0.847937486832961,"Belgrade",1
"1027",0.732252188259736,0.788291478529572,"Belgrade",1
"1028",0.940061669563875,0.711652318947017,"Belgrade",1
"1029",0.738373007392511,0.818856099853292,"Belgrade",1
"1030",0.817905894946307,0.699207762721926,"Belgrade",1
"1031",0.590482710627839,0.922191322315484,"Belgrade",1
"1032",1.20803582947701,0.309964799322188,"Belgrade",1
"1033",2.43248636042699,0.908908582990989,"Belgrade",1
"1034",0.615254069678485,0.662797557888553,"Belgrade",1
"1035",2.05819584312849,0.900270955171436,"Belgrade",1
"1036",0.84232469368726,0.654824918834493,"Belgrade",1
"1037",0.974966935347766,0.40657748375088,"Belgrade",1
"1038",0.811270438833162,0.535629921127111,"Belgrade",1
"1039",0.305896986275911,0.171339174266905,"Belgrade",1
"1040",2.72685324400663,0.672844367101789,"Belgrade",1
"1041",0.628965960815549,0.670090090250596,"Belgrade",1
"1042",1.78258531540632,0.972881697351113,"Belgrade",1
"1043",0.478707457194105,0.36550259962678,"Belgrade",1
"1044",2.32570162089542,0.840855931630358,"Belgrade",1
"1045",1.06689367094077,0.201608810806647,"Belgrade",1
"1046",0.536454071989283,0.179712404031307,"Belgrade",1
"1047",1.31692370655946,0.938447209773585,"Belgrade",1
"1048",0.14647300215438,0.981796637875959,"Belgrade",1
"1049",1.2905575891491,0.164688365999609,"Belgrade",1
"1050",1.69982888130471,0.458011577837169,"Belgrade",1
"1051",0.292037542909384,0.0820089734625071,"Belgrade",1
"1052",1.77194523252547,0.319823521655053,"Belgrade",1
"1053",1.54816775629297,0.724643162218854,"Belgrade",1
"1054",0.112824444193393,0.913870361400768,"Belgrade",1
"1055",1.5031384374015,0.770591635722667,"Belgrade",1
"1056",0.759593350812793,0.763856082689017,"Belgrade",1
"1057",1.03325883345678,0.816551577998325,"Belgrade",1
"1058",0.380284144543111,0.0713392042089254,"Belgrade",1
"1059",1.76228010677733,0.814054691232741,"Belgrade",1
"1060",1.30766987800598,0.808502544416115,"Belgrade",1
"1061",1.31861928245053,0.804836921626702,"Belgrade",1
"1062",1.51330360095017,0.989007910015061,"Belgrade",1
"1063",0.529843533178791,0.808830851688981,"Belgrade",1
"1064",0.499928924487904,0.578590159770101,"Belgrade",1
"1065",0.40983809530735,0.858570403652266,"Belgrade",1
"1066",1.53327191574499,0.297169018303975,"Belgrade",1
"1067",1.58438979811035,0.546630979748443,"Belgrade",1
"1068",1.61778448009863,0.957432750146836,"Belgrade",1
"1069",0.805569314863533,0.250848977128044,"Belgrade",1
"1070",1.46505480911583,0.31078955414705,"Belgrade",1
"1071",0.77515732194297,0.193100339500234,"Belgrade",1
"1072",1.00463212514296,0.844709566794336,"Belgrade",1
"1073",1.1569244004786,0.691639156779274,"Belgrade",1
"1074",1.85033168387599,0.198265532730147,"Belgrade",1
"1075",0.514949190197513,0.991752790519968,"Belgrade",1
"1076",0.662359354784712,0.119138466194272,"Belgrade",1
"1077",1.51977000385523,0.66457782452926,"Belgrade",1
"1078",0.814720020862296,0.336216316791251,"Belgrade",1
"1079",1.29721332038753,0.958938592346385,"Belgrade",1
"1080",0.509573546703905,0.491351068485528,"Belgrade",1
"1081",0.14062360720709,0.0359827210195363,"Belgrade",1
"1082",2.01591881434433,0.803620521677658,"Belgrade",1
"1083",1.08949756831862,0.936505596386269,"Belgrade",1
"1084",1.92444827780128,0.891254181275144,"Belgrade",1
"1085",0.331205612048507,0.926262371474877,"Belgrade",1
"1086",2.04295490635559,0.809272570069879,"Belgrade",1
"1087",0.677622039802372,0.717004966223612,"Belgrade",1
"1088",0.905579714337364,0.227916974807158,"Belgrade",1
"1089",0.376527102431282,0.0114943420048803,"Belgrade",1
"1090",0.457824159180745,0.0808482069987804,"Belgrade",1
"1091",0.525230537401512,0.0560846661683172,"Belgrade",1
"1092",0.376460281200707,0.655056928982958,"Belgrade",1
"1093",0.177302540978417,0.918565664673224,"Belgrade",1
"1094",1.33536496222951,0.816303998697549,"Belgrade",1
"1095",0.263096750713885,0.29347583395429,"Belgrade",1
"1096",2.77797438553534,0.476683971239254,"Belgrade",1
"1097",0.635191784240305,0.974156295880675,"Belgrade",1
"1098",0.994172423612326,0.840626219986007,"Belgrade",1
"1099",0.546536723384634,0.113236942794174,"Belgrade",1
"1100",1.45058538392186,0.942283091135323,"Belgrade",1
"1101",1.27778159407899,0.963740456616506,"Belgrade",1
"1102",0.491148135624826,0.864400940248743,"Belgrade",1
"1103",0.230335136409849,0.910620831418782,"Belgrade",1
"1104",1.07191894599237,0.589298076462001,"Belgrade",1
"1105",0.0303357839584351,0.476029124343768,"Belgrade",1
"1106",0.216898696962744,0.172252273652703,"Belgrade",1
"1107",1.74267588509247,0.423094328958541,"Belgrade",1
"1108",0.612484378740191,0.380218940554187,"Belgrade",1
"1109",2.98803339153528,0.299369928659871,"Belgrade",1
"1110",0.239333024946973,0.873476654756814,"Belgrade",1
"1111",0.425671949051321,0.889385531656444,"Belgrade",1
"1112",1.1776577392593,0.787730549927801,"Belgrade",1
"1113",0.225949915358797,0.343587476294488,"Belgrade",1
"1114",2.34979972871952,0.877608879469335,"Belgrade",1
"1115",1.12279270403087,0.990970126818866,"Belgrade",1
"1116",2.9673166370485,0.770254445262253,"Belgrade",1
"1117",0.322938919533044,0.370885530486703,"Belgrade",1
"1118",0.822274781763554,0.634812330827117,"Belgrade",1
"1119",2.51782841188833,0.287440344458446,"Belgrade",1
"1120",2.48291431856342,0.114412683062255,"Belgrade",1
"1121",1.27932819840498,0.497758436249569,"Belgrade",1
"1122",0.36534652649425,0.0682536389213055,"Belgrade",1
"1123",0.343434884212911,0.0151336533017457,"Belgrade",1
"1124",1.24010618194006,0.775691469898447,"Belgrade",1
"1125",0.354175193002447,0.239914128789678,"Belgrade",1
"1126",1.57790978928097,0.984314317349344,"Belgrade",1
"1127",0.645211099879816,0.840672816382721,"Belgrade",1
"1128",1.73618212924339,0.977172255748883,"Belgrade",1
"1129",2.55129294935614,0.910371750826016,"Belgrade",1
"1130",0.073672452243045,0.471072336891666,"Belgrade",1
"1131",1.90994019247591,0.410145175410435,"Belgrade",1
"1132",1.52057525259443,0.455983015708625,"Belgrade",1
"1133",2.50742425373755,0.0473219193518162,"Belgrade",1
"1134",1.15561821777374,0.938700408441946,"Belgrade",1
"1135",0.128466068767011,0.680603897199035,"Belgrade",1
"1136",1.11231019045226,0.642277168575674,"Belgrade",1
"1137",1.15106726973318,0.791122089140117,"Belgrade",1
"1138",2.16995669575408,0.99428977817297,"Belgrade",1
"1139",2.59206988639198,0.763623259961605,"Belgrade",1
"1140",0.755000512115657,0.471803334541619,"Belgrade",1
"1141",0.382613909197971,0.0224743273574859,"Belgrade",1
"1142",2.43143923790194,0.899615126196295,"Belgrade",1
"1143",1.0470541943796,0.790236212546006,"Belgrade",1
"1144",1.12767464085482,0.791019037133083,"Belgrade",1
"1145",1.69338282756507,0.000441792886704206,"Belgrade",1
"1146",0.087579787010327,0.0872494163922966,"Belgrade",1
"1147",1.50435512582771,0.185169442091137,"Belgrade",1
"1148",0.324753446504474,0.972407605033368,"Belgrade",1
"1149",1.05829855939373,0.693801740650088,"Belgrade",1
"1150",0.938792745117098,0.151532640913501,"Belgrade",1
"1151",0.774886670289561,0.989604867994785,"Belgrade",1
"1152",0.633141229161993,0.146336470497772,"Belgrade",1
"1153",0.231685968814418,0.252785213524476,"Belgrade",1
"1154",0.851472485577688,0.712500755209476,"Belgrade",1
"1155",2.24850855837576,0.825405395124108,"Belgrade",1
"1156",0.517170006176457,0.716778486268595,"Belgrade",1
"1157",0.8211674625054,0.785405702423304,"Belgrade",1
"1158",0.709140054881573,0.134857759112492,"Belgrade",1
"1159",1.40865536383353,0.116965532302856,"Belgrade",1
"1160",2.23937345738523,0.996861974708736,"Belgrade",1
"1161",0.194930402794853,0.912321975920349,"Belgrade",1
"1162",1.06581917102449,0.395846917992458,"Belgrade",1
"1163",0.890234779799357,0.853742777137086,"Belgrade",1
"1164",2.24556866660714,0.420001071179286,"Belgrade",1
"1165",1.30458648595959,0.865777986356989,"Belgrade",1
"1166",0.653138782130554,0.72964066429995,"Belgrade",1
"1167",0.282401371048763,0.453462332719937,"Belgrade",1
"1168",0.0978202116675675,0.586474996758625,"Belgrade",1
"1169",0.988771217409521,0.812894244911149,"Belgrade",1
"1170",1.04050744953565,0.707030986202881,"Belgrade",1
"1171",1.00715859560296,0.0102163408882916,"Belgrade",1
"1172",1.1886014516931,0.660082869930193,"Belgrade",1
"1173",0.659643043996766,0.962470202706754,"Belgrade",1
"1174",0.368021670263261,0.0595420952886343,"Belgrade",1
"1175",0.457394172437489,0.304939119843766,"Belgrade",1
"1176",1.04936690465547,0.695896715624258,"Belgrade",1
"1177",0.94937356794253,0.921151746064425,"Belgrade",1
"1178",0.710387721424922,0.091583066387102,"Belgrade",1
"1179",1.68788412166759,0.819546728394926,"Belgrade",1
"1180",1.45835738629103,0.155831732554361,"Belgrade",1
"1181",0.0438996227458119,0.115480144042522,"Belgrade",1
"1182",0.949793567648157,0.630659920861945,"Belgrade",1
"1183",0.975018304539844,0.691902405116707,"Belgrade",1
"1184",0.236039099050686,0.713722091168165,"Belgrade",1
"1185",1.39438073406927,0.99719299399294,"Belgrade",1
"1186",1.9752928535454,0.0895045092329383,"Belgrade",1
"1187",1.42977737495676,0.583021505735815,"Belgrade",1
"1188",1.55572785646655,0.919203916098922,"Belgrade",1
"1189",0.326893449062482,0.249160523759201,"Belgrade",1
"1190",0.295849836431444,0.0202804927248508,"Belgrade",1
"1191",1.15357180056162,0.266020624432713,"Belgrade",1
"1192",0.180904855951667,0.98896197299473,"Belgrade",1
"1193",2.64753783959895,0.922887844732031,"Belgrade",1
"1194",1.79283975739963,0.317851219326258,"Belgrade",1
"1195",0.735029438976198,0.1112292020116,"Belgrade",1
"1196",0.5727036036551,0.752406175481156,"Belgrade",1
"1197",1.12370388256386,0.232097088824958,"Belgrade",1
"1198",2.17396239610389,0.834380059735849,"Belgrade",1
"1199",1.98154816101305,0.784660803852603,"Belgrade",1
"1200",0.605408809846267,0.661413338733837,"Belgrade",1
"1201",2.08846014202572,0.710405932040885,"Belgrade",1
"1202",0.914909781888127,0.0740311837289482,"Belgrade",1
"1203",0.419331538723782,0.900132291251794,"Belgrade",1
"1204",0.0687440992332995,0.899755747057498,"Belgrade",1
"1205",1.39351359126158,0.637673039687797,"Belgrade",1
"1206",0.688751651672646,0.213991783093661,"Belgrade",1
"1207",0.745749927358702,0.42555397329852,"Belgrade",1
"1208",2.22107089147903,0.40864587482065,"Belgrade",1
"1209",0.977046441519633,0.726157482713461,"Belgrade",1
"1210",0.276156841311604,0.227593571180478,"Belgrade",1
"1211",2.81124008470215,0.96364403446205,"Belgrade",1
"1212",0.0383725133724511,0.0723672080785036,"Belgrade",1
"1213",1.14959340635687,0.219281260622665,"Belgrade",1
"1214",0.849616927094758,0.0651276872958988,"Belgrade",1
"1215",0.0244872299954295,0.815618589753285,"Belgrade",1
"1216",1.07098313025199,0.147361399140209,"Belgrade",1
"1217",1.9184875334613,0.990404397016391,"Belgrade",1
"1218",1.11031348630786,0.185705455718562,"Belgrade",1
"1219",0.276888485765085,0.139650357421488,"Belgrade",1
"1220",0.606348808854818,0.788516431581229,"Belgrade",1
"1221",0.847598624881357,0.526285308180377,"Belgrade",1
"1222",2.93100481526926,0.878385154763237,"Belgrade",1
"1223",0.587289041373879,0.416977857239544,"Belgrade",1
"1224",0.0580714386887848,0.80790955061093,"Belgrade",1
"1225",0.0770672103390098,0.649745743721724,"Belgrade",1
"1226",0.654963064938784,0.657283989712596,"Belgrade",1
"1227",0.427160584134981,0.70602482650429,"Belgrade",1
"1228",0.726437551667914,0.472184187034145,"Belgrade",1
"1229",0.0780316377058625,0.863905491074547,"Belgrade",1
"1230",0.490929897408932,0.856920087477192,"Belgrade",1
"1231",1.9486510490533,0.978523769881576,"Belgrade",1
"1232",0.359664501389489,0.158226628554985,"Belgrade",1
"1233",0.0159557077568024,0.429005618207157,"Belgrade",1
"1234",0.350128217367455,0.353252675384283,"Belgrade",1
"1235",2.01987609034404,0.787175077944994,"Belgrade",1
"1236",2.38895036629401,0.90245978650637,"Belgrade",1
"1237",0.812415157444775,0.719708200311288,"Belgrade",1
"1238",1.93723973399028,0.927721239859238,"Belgrade",1
"1239",1.78598430636339,0.419641826068982,"Belgrade",1
"1240",2.32358400360681,0.418059510411695,"Belgrade",1
"1241",0.941907862666994,0.162745377514511,"Belgrade",1
"1242",0.401552263414487,0.845933650853112,"Belgrade",1
"1243",0.627272915560752,0.396022988017648,"Belgrade",1
"1244",2.13309373171069,0.263680933974683,"Belgrade",1
"1245",0.625982789089903,0.755332805216312,"Belgrade",1
"1246",0.367609958862886,0.270653511397541,"Belgrade",1
"1247",1.82128561567515,0.116051664808765,"Belgrade",1
"1248",1.47390083153732,0.535571279935539,"Belgrade",1
"1249",1.93284436594695,0.838957579340786,"Belgrade",1
"1250",2.43166549131274,0.0611107239965349,"Belgrade",1
"1251",1.67435675603338,0.865331175504252,"Belgrade",1
"1252",0.519397225230932,0.15285608661361,"Belgrade",1
"1253",0.4497747765854,0.0429085076320916,"Belgrade",1
"1254",0.684394000098109,0.768530228175223,"Belgrade",1
"1255",0.673448803368956,0.829022767487913,"Belgrade",1
"1256",0.386632104869932,0.0240165127906948,"Belgrade",1
"1257",0.879685440100729,0.226646969094872,"Belgrade",1
"1258",2.54050859855488,0.380332426633686,"Belgrade",1
"1259",1.88417144771665,0.158146482193843,"Belgrade",1
"1260",0.441443098476157,0.0353767168708146,"Belgrade",1
"1261",1.27968316152692,0.212227625772357,"Belgrade",1
"1262",1.81571430154145,0.837566674919799,"Belgrade",1
"1263",1.14233539556153,0.310503297485411,"Belgrade",1
"1264",0.645107418531552,0.933257111115381,"Belgrade",1
"1265",1.42058207653463,0.347496674628928,"Belgrade",1
"1266",2.45347697823308,0.745871632592753,"Belgrade",1
"1267",1.06471950863488,0.105013966094702,"Belgrade",1
"1268",0.334551748819649,0.453477521194145,"Belgrade",1
"1269",0.953815920045599,0.336973065976053,"Belgrade",1
"1270",0.182793733896688,0.899340105475858,"Belgrade",1
"1271",0.0447910311631858,0.433662298135459,"Belgrade",1
"1272",1.73928073304705,0.598048772430047,"Belgrade",1
"1273",2.85679874802008,0.769994594389573,"Belgrade",1
"1274",1.8861046708189,0.596250337082893,"Belgrade",1
"1275",0.232678269501776,0.0358132557012141,"Belgrade",1
"1276",2.74956824351102,0.767813640413806,"Belgrade",1
"1277",0.166819801088423,0.935914476402104,"Belgrade",1
"1278",1.6149301417172,0.527144401799887,"Belgrade",1
"1279",0.286735879490152,0.280613322509453,"Belgrade",1
"1280",0.211195410462096,0.0905402977950871,"Belgrade",1
"1281",1.4348231870681,0.410167039604858,"Belgrade",1
"1282",0.521342479856685,0.496425492456183,"Belgrade",1
"1283",0.742591939866543,0.926919053308666,"Belgrade",1
"1284",1.35002140863799,0.978455509757623,"Belgrade",1
"1285",0.40540558216162,0.782359550241381,"Belgrade",1
"1286",0.453223070595413,0.141494134441018,"Belgrade",1
"1287",0.892719918396324,0.851110526593402,"Belgrade",1
"1288",0.173579344293103,0.292523542186245,"Belgrade",1
"1289",2.84865273186006,0.612695992691442,"Belgrade",1
"1290",0.228802991565317,0.0169135865289718,"Belgrade",1
"1291",0.333321339916438,0.79343591677025,"Belgrade",1
"1292",1.44923655828461,0.864688834408298,"Belgrade",1
"1293",0.0562927855644375,0.00794740533456206,"Belgrade",1
"1294",0.546968464041129,0.348935815272853,"Belgrade",1
"1295",0.672704524593428,0.77405492332764,"Belgrade",1
"1296",1.43934026453644,0.992007746826857,"Belgrade",1
"1297",1.37643581908196,0.414105350384489,"Belgrade",1
"1298",2.81131774862297,0.801662305602804,"Belgrade",1
"1299",0.53870091936551,0.851438470883295,"Belgrade",1
"1300",0.0530599120538682,0.452134230872616,"Belgrade",1
"1301",2.07819039397873,0.984446596819907,"Belgrade",1
"1302",0.458840230945498,0.953754637623206,"Belgrade",1
"1303",0.344371752580628,0.89426000486128,"Belgrade",1
"1304",0.136304768035188,0.524973671417683,"Belgrade",1
"1305",0.808715489460155,0.849567761877552,"Belgrade",1
"1306",1.5673888809979,0.892549769021571,"Belgrade",1
"1307",0.938314551953226,0.8275123515632,"Belgrade",1
"1308",0.180511847371235,0.536158664384857,"Belgrade",1
"1309",0.589378836331889,0.103588599711657,"Belgrade",1
"1310",0.807615688769147,0.657146276673302,"Belgrade",1
"1311",0.544648703886196,0.712341031059623,"Belgrade",1
"1312",1.10759008163586,0.788462540833279,"Belgrade",1
"1313",0.563491938170046,0.682471754262224,"Belgrade",1
"1314",0.892166736535728,0.77554139890708,"Belgrade",1
"1315",1.88625801424496,0.478540603537112,"Belgrade",1
"1316",0.776861856691539,0.8918391559273,"Belgrade",1
"1317",0.836295883404091,0.821772843133658,"Belgrade",1
"1318",0.868044288363308,0.607794712530449,"Belgrade",1
"1319",1.25045253848657,0.275237273424864,"Belgrade",1
"1320",2.01132922363468,0.737907769856974,"Belgrade",1
"1321",1.40216464642435,0.946243341313675,"Belgrade",1
"1322",2.13911272957921,0.44745941623114,"Belgrade",1
"1323",1.62550408858806,0.65074005513452,"Belgrade",1
"1324",0.900443370686844,0.111313932342455,"Belgrade",1
"1325",2.81365618016571,0.618373707868159,"Belgrade",1
"1326",2.55965521023609,0.162971833953634,"Belgrade",1
"1327",0.649694638559595,0.350523302331567,"Belgrade",1
"1328",0.755074536893517,0.752775756409392,"Belgrade",1
"1329",0.399776207981631,0.511188103351742,"Belgrade",1
"1330",0.448143837042153,0.509364134864882,"Belgrade",1
"1331",1.9322110300418,0.691186452982947,"Belgrade",1
"1332",0.378359978087246,0.96545867761597,"Belgrade",1
"1333",0.329485349357128,0.404446793720126,"Belgrade",1
"1334",1.79328055749647,0.440776066621765,"Belgrade",1
"1335",2.43521965155378,0.937798308674246,"Belgrade",1
"1336",1.78417477430776,0.892494005383924,"Belgrade",1
"1337",0.60700569790788,0.933226491091773,"Belgrade",1
"1338",0.931028581922874,0.389939245069399,"Belgrade",1
"1339",1.80321013648063,0.24296128586866,"Belgrade",1
"1340",0.714750983985141,0.829194827470928,"Belgrade",1
"1341",1.20202437671833,0.39880730654113,"Belgrade",1
"1342",2.27784892707132,0.8274419545196,"Belgrade",1
"1343",0.357744208769873,0.528934402856976,"Belgrade",1
"1344",0.313814584398642,0.84786806255579,"Belgrade",1
"1345",2.72344630979933,0.90937207872048,"Belgrade",1
"1346",0.0265168638434261,0.913218343630433,"Belgrade",1
"1347",0.0180648732930422,0.307486904086545,"Belgrade",1
"1348",1.56081755133346,0.556611660169438,"Belgrade",1
"1349",1.14738409942947,0.958106064004824,"Belgrade",1
"1350",1.98858262156136,0.670867753913626,"Belgrade",1
"1351",1.12412696820684,0.533393359044567,"Belgrade",1
"1352",1.25696632289328,0.731710250489414,"Belgrade",1
"1353",1.00880581559613,0.19511231710203,"Belgrade",1
"1354",0.933905005920678,0.905330633046106,"Belgrade",1
"1355",0.308312827488407,0.753219376318157,"Belgrade",1
"1356",0.330384294502437,0.613689263118431,"Belgrade",1
"1357",0.383497722214088,0.43588972161524,"Belgrade",1
"1358",0.56743711209856,0.949022125685588,"Belgrade",1
"1359",1.27064820192754,0.405873575480655,"Belgrade",1
"1360",1.49554326455109,0.310039390344173,"Belgrade",1
"1361",0.169516766443849,0.531080754008144,"Belgrade",1
"1362",0.433770319679752,0.430881551699713,"Belgrade",1
"1363",1.87839646171778,0.60131328436546,"Belgrade",1
"1364",1.45488097378984,0.0767749785445631,"Belgrade",1
"1365",0.561364002758637,0.305886400397867,"Belgrade",1
"1366",0.825212856754661,0.269078563898802,"Belgrade",1
"1367",0.0579541171900928,0.216770650586113,"Belgrade",1
"1368",0.0411767663899809,0.584021525457501,"Belgrade",1
"1369",0.554981231689453,0.475659767631441,"Belgrade",1
"1370",1.67838031612337,0.505997488740832,"Belgrade",1
"1371",0.958403307711706,0.967711316654459,"Belgrade",1
"1372",0.0283190575428307,0.451428141212091,"Belgrade",1
"1373",1.77609801711515,0.763309508562088,"Belgrade",1
"1374",1.22094065439887,0.236412105383351,"Belgrade",1
"1375",0.0931139294989407,0.544537832960486,"Belgrade",1
"1376",1.53127633687109,0.837360578589141,"Belgrade",1
"1377",0.230487487977371,0.707622392103076,"Belgrade",1
"1378",0.152158854296431,0.111306313192472,"Belgrade",1
"1379",0.268244493054226,0.662014910485595,"Belgrade",1
"1380",0.107313452521339,0.855297877918929,"Belgrade",1
"1381",1.45941079943441,0.953950812574476,"Belgrade",1
"1382",0.883070138515905,0.795750969089568,"Belgrade",1
"1383",1.64200829062611,0.697156234411523,"Belgrade",1
"1384",0.964921241160482,0.379697226686403,"Belgrade",1
"1385",1.71484516561031,0.776664839824662,"Belgrade",1
"1386",0.063875550404191,0.939195297425613,"Belgrade",1
"1387",0.737896557664499,0.1030920795165,"Belgrade",1
"1388",2.85793331474997,0.917271626181901,"Belgrade",1
"1389",0.62716122251004,0.835505551891401,"Belgrade",1
"1390",1.66499530593865,0.520161499967799,"Belgrade",1
"1391",2.16939997533336,0.149532449431717,"Belgrade",1
"1392",1.04903406905942,0.507021427154541,"Belgrade",1
"1393",0.349661758868024,0.304994188249111,"Belgrade",1
"1394",0.0988635434769094,0.803284120513126,"Belgrade",1
"1395",0.902440143981948,0.558711329242215,"Belgrade",1
"1396",0.778570516733453,0.402127590030432,"Belgrade",1
"1397",0.14045512676239,0.982354849344119,"Belgrade",1
"1398",0.145943207200617,0.214914708165452,"Belgrade",1
"1399",0.140013066586107,0.426534701604396,"Belgrade",1
"1400",0.196015221532434,0.380387337179855,"Belgrade",1
"1401",2.69325773441233,0.491572492057458,"Belgrade",1
"1402",0.707405274035409,0.373270196607336,"Belgrade",1
"1403",0.468574713449925,0.215200828853995,"Belgrade",1
"1404",1.55061129340902,0.79877082305029,"Belgrade",1
"1405",1.36629641242325,0.817632374586537,"Belgrade",1
"1406",0.487300067441538,0.980059603694826,"Belgrade",1
"1407",1.52084503741935,0.332465318962932,"Belgrade",1
"1408",0.594007560051978,0.214195175794885,"Belgrade",1
"1409",0.573164473520592,0.97190937702544,"Belgrade",1
"1410",0.42790167639032,0.544106282060966,"Belgrade",1
"1411",1.17029423662461,0.638604422332719,"Belgrade",1
"1412",0.486548147862777,0.126777082448825,"Belgrade",1
"1413",0.224550440674648,0.539083531592041,"Belgrade",1
"1414",0.0083644618280232,0.572928776498884,"Belgrade",1
"1415",1.75985138607211,0.576816313667223,"Belgrade",1
"1416",0.461431767325848,0.348521124338731,"Belgrade",1
"1417",0.672847341746092,0.347491480177268,"Belgrade",1
"1418",0.300964595284313,0.311426593456417,"Belgrade",1
"1419",0.387041663518175,0.322216316359118,"Belgrade",1
"1420",0.205574664054438,0.140022649196908,"Belgrade",1
"1421",0.611813897732645,0.360489606158808,"Belgrade",1
"1422",0.651844929205254,0.994765945943072,"Belgrade",1
"1423",0.159047382418066,0.938682398293167,"Belgrade",1
"1424",0.224226845428348,0.969151637284085,"Belgrade",1
"1425",1.49839450023137,0.620972908567637,"Belgrade",1
"1426",1.56079287012108,0.245787572814152,"Belgrade",1
"1427",0.0878121759742498,0.224869441473857,"Belgrade",1
"1428",1.5140628379304,0.664712685160339,"Belgrade",1
"1429",0.886630255496129,0.0522573993075639,"Belgrade",1
"1430",0.921899443957955,0.277118143392727,"Belgrade",1
"1431",0.718283819966018,0.11690996051766,"Belgrade",1
"1432",0.525998604716733,0.0770715330727398,"Belgrade",1
"1433",0.82064834330231,0.797344781924039,"Belgrade",1
"1434",0.698339434107766,0.858784136828035,"Belgrade",1
"1435",1.65216417959891,0.720647670095786,"Belgrade",1
"1436",0.693207726348191,0.229425091994926,"Belgrade",1
"1437",0.750134955625981,0.601599960587919,"Belgrade",1
"1438",1.33620973862708,0.914895878173411,"Belgrade",1
"1439",1.26487952889875,0.669719033641741,"Belgrade",1
"1440",0.1879003259819,0.621587548870593,"Belgrade",1
"1441",0.404635455692187,0.29539962625131,"Belgrade",1
"1442",0.0622672790195793,0.426427754340693,"Belgrade",1
"1443",1.86194668407552,0.0766201429069042,"Belgrade",1
"1444",0.9391417382285,0.754417314892635,"Belgrade",1
"1445",1.16506832186133,0.988121179165319,"Belgrade",1
"1446",0.151321097044274,0.0925115742720664,"Belgrade",1
"1447",0.687181891640648,0.712783383904025,"Belgrade",1
"1448",0.191644302103668,0.555265728151426,"Belgrade",1
"1449",2.91725901584141,0.848901816178113,"Belgrade",1
"1450",1.64450308657251,0.707382523454726,"Belgrade",1
"1451",2.98678939766251,0.178102443227544,"Belgrade",1
"1452",2.39597102534026,0.789317035581917,"Belgrade",1
"1453",1.43427018192597,0.683357268804684,"Belgrade",1
"1454",1.3551313248463,0.850054173264652,"Belgrade",1
"1455",0.62558128265664,0.322385621955618,"Belgrade",1
"1456",0.885664361994714,0.748033941024914,"Belgrade",1
"1457",0.297112638596445,0.162190536502749,"Belgrade",1
"1458",0.0472529197577387,0.8129447104875,"Belgrade",1
"1459",1.62821683497168,0.632179721258581,"Belgrade",1
"1460",1.66485200892203,0.664620586903766,"Belgrade",1
"1461",0.620965592795983,0.0787709173746407,"Belgrade",1
"1462",1.35662164259702,0.0333386964630336,"Belgrade",1
"1463",0.22388495109044,0.701020069885999,"Belgrade",1
"1464",1.84662783122621,0.542214855318889,"Belgrade",1
"1465",1.66517417086288,0.724785125581548,"Belgrade",1
"1466",1.48854919080622,0.68415240640752,"Belgrade",1
"1467",0.934988262830302,0.0760364606976509,"Belgrade",1
"1468",1.62441887380555,0.84749202337116,"Belgrade",1
"1469",0.117726088967174,0.746588265290484,"Belgrade",1
"1470",1.60142012033612,0.899451004108414,"Belgrade",1
"1471",0.200440084096044,0.774386976845562,"Belgrade",1
"1472",0.62246975954622,0.824568828335032,"Belgrade",1
"1473",0.495670691365376,0.849158464930952,"Belgrade",1
"1474",0.390308100264519,0.149529206100851,"Belgrade",1
"1475",1.36449223430827,0.270984912058339,"Belgrade",1
"1476",1.38221050961874,0.580823518102989,"Belgrade",1
"1477",1.47708837711252,0.83983467426151,"Belgrade",1
"1478",0.354277546517551,0.90312343207188,"Belgrade",1
"1479",1.17312073870562,0.717407404212281,"Belgrade",1
"1480",0.710554393474013,0.949862076435238,"Belgrade",1
"1481",0.151419944828376,0.912622577045113,"Belgrade",1
"1482",2.0912886292208,0.224590663332492,"Belgrade",1
"1483",2.00960993603803,0.811715903226286,"Belgrade",1
"1484",1.57666921452619,0.525543401017785,"Belgrade",1
"1485",2.91262069065124,0.639177066506818,"Belgrade",1
"1486",0.744160021422431,0.648381007602438,"Belgrade",1
"1487",0.638147378806025,0.263376052025706,"Belgrade",1
"1488",1.7616456951946,0.542255100561306,"Belgrade",1
"1489",0.301801858702675,0.928431217093021,"Belgrade",1
"1490",0.28768539824523,0.417738310294226,"Belgrade",1
"1491",1.78948411275633,0.580499356845394,"Belgrade",1
"1492",0.621169092133641,0.753375784959644,"Belgrade",1
"1493",2.3751240153797,0.476266555953771,"Belgrade",1
"1494",0.843630037503317,0.03431122074835,"Belgrade",1
"1495",0.364030662691221,0.754131211200729,"Belgrade",1
"1496",1.07636434631422,0.355992985656485,"Belgrade",1
"1497",0.493841991992667,0.0804387030657381,"Belgrade",1
"1498",1.40018362901174,0.300956061342731,"Belgrade",1
"1499",1.62966536963359,0.607550167478621,"Belgrade",1
"1500",0.0075432350859046,0.239667005371302,"Belgrade",1
"1501",1.59061131323688,0.109858601354063,"Belgrade",1
"1502",2.82161470851861,0.909488843055442,"Belgrade",1
"1503",0.547783883521333,0.416739977197722,"Belgrade",1
"1504",0.824758437136188,0.63849444151856,"DRC",50
"1505",0.863125749398023,0.664190120762214,"DRC",50
"1506",0.719206877565011,0.644956005271524,"DRC",50
"1507",0.84085941570811,0.40585601143539,"DRC",50
"1508",0.837357109924778,0.738531573442742,"DRC",50
"1509",0.684356559207663,0.0725640915334225,"DRC",50
"1510",0.710475108912215,0.434047618415207,"DRC",50
"1511",0.994269292475656,0.362601686269045,"DRC",50
"1512",0.884189191274345,0.730075824307278,"DRC",50
"1513",0.822046935698018,0.895437981234863,"DRC",50
"1514",0.805584059236571,0.0103786101099104,"DRC",50
"1515",1.00138031058013,0.725541489198804,"DRC",50
"1516",0.829650337528437,0.112809984013438,"DRC",50
"1517",0.768021953618154,0.853603839874268,"DRC",50
"1518",0.825333887245506,0.867598252603784,"DRC",50
"1519",0.810905359359458,0.223361678188667,"DRC",50
"1520",0.758333762129769,0.608830421697348,"DRC",50
"1521",0.80925924484618,0.139516988070682,"DRC",50
"1522",0.702414185553789,0.308197872713208,"DRC",50
"1523",0.758946576155722,0.316147681325674,"DRC",50
"1524",0.657447462808341,0.035784357925877,"DRC",50
"1525",0.777090741787106,0.470697311218828,"DRC",50
"1526",0.819951189495623,0.959006739314646,"DRC",50
"1527",0.771041703782976,0.531624564668164,"DRC",50
"1528",0.836445777444169,0.328395488206297,"DRC",50
"1529",0.827089270111174,0.858499475521967,"DRC",50
"1530",0.803892542934045,0.999856485286728,"DRC",50
"1531",0.908700778055936,0.959485091269016,"DRC",50
"1532",0.916325685242191,0.572882276261225,"DRC",50
"1533",0.822833907045424,0.676018563332036,"DRC",50
"1534",0.818715693382546,0.281942673726007,"DRC",50
"1535",0.974154930142686,0.489440522389486,"DRC",50
"1536",0.916473269741982,0.323730199132115,"DRC",50
"1537",0.75241033048369,0.384596663527191,"DRC",50
"1538",0.909428314119577,0.655676584690809,"DRC",50
"1539",0.848659970285371,0.658667594660074,"DRC",50
"1540",0.885705426940695,0.887608711142093,"DRC",50
"1541",0.755340182688087,0.112374973949045,"DRC",50
"1542",0.623026134399697,0.151159603148699,"DRC",50
"1543",0.949035521503538,0.733522672206163,"DRC",50
"1544",0.696109448745847,0.572989768348634,"DRC",50
"1545",0.779383702715859,0.706958304625005,"DRC",50
"1546",0.723424171376973,0.774539715144783,"DRC",50
"1547",0.709900443535298,0.471588722895831,"DRC",50
"1548",0.642028528358787,0.721133782761171,"DRC",50
"1549",0.845278054848313,0.65806539892219,"DRC",50
"1550",0.892139194859192,0.636688060825691,"DRC",50
"1551",0.480194989265874,0.0171623474452645,"DRC",50
"1552",0.66855319654569,0.162750785239041,"DRC",50
"1553",0.571069807326421,0.414889864390716,"DRC",50
"1554",0.792271589348093,0.543042893288657,"DRC",50
"1555",0.822170438850299,0.937949852785096,"DRC",50
"1556",0.643523349333555,0.344139678403735,"DRC",50
"1557",0.675778569933027,0.33782905805856,"DRC",50
"1558",0.836952333990485,0.286616681376472,"DRC",50
"1559",0.748083340609446,0.289137781364843,"DRC",50
"1560",0.83627511812374,0.358862662920728,"DRC",50
"1561",0.764505442231894,0.308848398271948,"DRC",50
"1562",0.695901775360107,0.0754389094654471,"DRC",50
"1563",0.891934399167076,0.849815178895369,"DRC",50
"1564",0.763753236783668,0.209663750603795,"DRC",50
"1565",0.733455134695396,0.997767618624493,"DRC",50
"1566",0.657985641201958,0.219157227082178,"DRC",50
"1567",0.828411474032328,0.553526374977082,"DRC",50
"1568",0.862850523460656,0.273430582135916,"DRC",50
"1569",0.574034591391683,0.243458565324545,"DRC",50
"1570",0.673542984109372,0.188883807044476,"DRC",50
"1571",0.822377640986815,0.44229325465858,"DRC",50
"1572",0.847309012990445,0.435343940276653,"DRC",50
"1573",0.864733280893415,0.321710750926286,"DRC",50
"1574",0.864738368848339,0.838311963714659,"DRC",50
"1575",0.677662205835804,0.662795655662194,"DRC",50
"1576",0.763254019943997,0.901403105119243,"DRC",50
"1577",0.772208164446056,0.386959831928834,"DRC",50
"1578",0.851496094604954,0.981041954364628,"DRC",50
"1579",0.689659753628075,0.278017722070217,"DRC",50
"1580",0.767735299887136,0.0519307111389935,"DRC",50
"1581",0.784418336302042,0.815516910515726,"DRC",50
"1582",0.784388229623437,0.44429896841757,"DRC",50
"1583",0.680447007529438,0.54567891266197,"DRC",50
"1584",1.04730425113812,0.808771886397153,"DRC",50
"1585",0.65646793032065,0.303901601117104,"DRC",50
"1586",0.705330502148718,0.59157483978197,"DRC",50
"1587",1.01267843847163,0.389695202000439,"DRC",50
"1588",0.795039826119319,0.630705487914383,"DRC",50
"1589",0.705096448538825,0.70426343078725,"DRC",50
"1590",0.809726403933019,0.822622835403308,"DRC",50
"1591",0.724501606402919,0.74572390364483,"DRC",50
"1592",0.566122181713581,0.38644408620894,"DRC",50
"1593",0.745180187234655,0.380971966776997,"DRC",50
"1594",0.778233529347926,0.596035042544827,"DRC",50
"1595",0.594105177745223,0.32832547579892,"DRC",50
"1596",0.849037029594183,0.175445674452931,"DRC",50
"1597",0.574132633768022,0.199717353563756,"DRC",50
"1598",0.788738142699003,0.289368158206344,"DRC",50
"1599",0.740707321139053,0.249918406130746,"DRC",50
"1600",0.745104801189154,0.120865804608911,"DRC",50
"1601",0.778259644750506,0.301254855468869,"DRC",50
"1602",0.853607117477804,0.526472483295947,"DRC",50
"1603",0.525891600735486,0.00119430106133223,"DRC",50
"1604",0.58392161061056,0.376040511997417,"DRC",50
"1605",0.960272955568507,0.710932301590219,"DRC",50
"1606",0.898135075950995,0.813286784105003,"DRC",50
"1607",0.577149004256353,0.265579164260998,"DRC",50
"1608",0.539667265070602,0.13483273354359,"DRC",50
"1609",0.682183634676039,0.165492197265849,"DRC",50
"1610",0.800475902063772,0.969219721853733,"DRC",50
"1611",0.800825094664469,0.0656479189638048,"DRC",50
"1612",0.705653343722224,0.0996516337618232,"DRC",50
"1613",0.81171502340585,0.529157723300159,"DRC",50
"1614",0.748843773454428,0.130570944864303,"DRC",50
"1615",0.841670885356143,0.416116104461253,"DRC",50
"1616",0.798667283914983,0.892655221745372,"DRC",50
"1617",0.818834567535669,0.230518685886636,"DRC",50
"1618",0.666893725702539,0.856925958767533,"DRC",50
"1619",0.704805299500003,0.548517500748858,"DRC",50
"1620",0.599006559979171,0.0836641048081219,"DRC",50
"1621",0.702867167210206,0.0762868449091911,"DRC",50
"1622",0.633621475007385,0.614111107541248,"DRC",50
"1623",0.625034814234823,0.0119461410213262,"DRC",50
"1624",0.767968029901385,0.148261201567948,"DRC",50
"1625",0.758949966588989,0.553238330408931,"DRC",50
"1626",0.883578281197697,0.439817267935723,"DRC",50
"1627",0.863591414317489,0.860392901115119,"DRC",50
"1628",0.638419980974868,0.823418057058007,"DRC",50
"1629",0.69696107446216,0.24706071196124,"DRC",50
"1630",0.638868585648015,0.277317193103954,"DRC",50
"1631",0.567790769180283,0.36287482152693,"DRC",50
"1632",0.881667516194284,0.585337518714368,"DRC",50
"1633",0.774154710583389,0.384041173616424,"DRC",50
"1634",0.84729850566946,0.907994581619278,"DRC",50
"1635",0.756473308615387,0.329353472916409,"DRC",50
"1636",0.976803216570988,0.431412020465359,"DRC",50
"1637",0.714794410252944,0.280209442134947,"DRC",50
"1638",0.753958015888929,0.854680102085695,"DRC",50
"1639",0.750814419379458,0.653576649259776,"DRC",50
"1640",0.9115486277733,0.608011650154367,"DRC",50
"1641",0.769482466112822,0.253794049378484,"DRC",50
"1642",0.77915970874019,0.137207367923111,"DRC",50
"1643",0.997868052218109,0.980577886337414,"DRC",50
"1644",0.639005556283519,0.0572496063541621,"DRC",50
"1645",0.732186249550432,0.0371705384459347,"DRC",50
"1646",0.829593929508701,0.662077471846715,"DRC",50
"1647",0.63403878309764,0.872388802468777,"DRC",50
"1648",0.701917415624485,0.953371627721936,"DRC",50
"1649",0.789558916445822,0.0924922931008041,"DRC",50
"1650",0.844983962550759,0.804239503107965,"DRC",50
"1651",0.917746695782989,0.723249696427956,"DRC",50
"1652",0.999051320087165,0.418574256123975,"DRC",50
"1653",0.834790055593476,0.667745293816552,"DRC",50
"1654",0.675621194718406,0.389814959140494,"DRC",50
"1655",0.727408226020634,0.273411318194121,"DRC",50
"1656",0.661135692801327,0.223385006189346,"DRC",50
"1657",0.844537817593664,0.688103205524385,"DRC",50
"1658",0.76711266185157,0.301582484040409,"DRC",50
"1659",0.575550724100322,0.0564292373601347,"DRC",50
"1660",0.843977284571156,0.727895200951025,"DRC",50
"1661",0.665262763900682,0.656499333679676,"DRC",50
"1662",0.928596004378051,0.329787609865889,"DRC",50
"1663",0.733806178998202,0.850564818829298,"DRC",50
"1664",0.771831588679925,0.18742564576678,"DRC",50
"1665",0.871723787253723,0.45574703393504,"DRC",50
"1666",0.636718962341547,0.125680150464177,"DRC",50
"1667",0.800573717523366,0.315786865074188,"DRC",50
"1668",0.742473780922592,0.478777564596385,"DRC",50
"1669",0.831461700191721,0.184384851250798,"DRC",50
"1670",0.720414011133835,0.0126345357857645,"DRC",50
"1671",0.858081730781123,0.864239764399827,"DRC",50
"1672",0.700049644429237,0.0143702344503254,"DRC",50
"1673",0.981491455342621,0.940016356529668,"DRC",50
"1674",0.898067427100614,0.985325773013756,"DRC",50
"1675",0.953840051777661,0.835509626427665,"DRC",50
"1676",0.868370468448848,0.769322194857523,"DRC",50
"1677",0.830510885734111,0.641856590518728,"DRC",50
"1678",0.682629642356187,0.128882336663082,"DRC",50
"1679",0.665119921602309,0.194110495271161,"DRC",50
"1680",0.666266996506602,0.274927907856181,"DRC",50
"1681",0.921661706268787,0.73491954151541,"DRC",50
"1682",0.713652042206377,0.0735787758603692,"DRC",50
"1683",0.834440167900175,0.912105731200427,"DRC",50
"1684",0.593104493850842,0.538371099624783,"DRC",50
"1685",0.735176605544984,0.932240615366027,"DRC",50
"1686",0.748729742411524,0.0959166290704161,"DRC",50
"1687",0.703518310701475,0.0567021518945694,"DRC",50
"1688",0.739154493482784,0.0324241535272449,"DRC",50
"1689",0.631555345281959,0.03094970760867,"DRC",50
"1690",0.832717780675739,0.819293592590839,"DRC",50
"1691",0.686724513303488,0.0616357545368373,"DRC",50
"1692",0.806122901989147,0.917900233063847,"DRC",50
"1693",0.71850168844685,0.626344486605376,"DRC",50
"1694",0.743655691901222,0.379444282734767,"DRC",50
"1695",0.698571271589026,0.62995067355223,"DRC",50
"1696",0.822510614199564,0.461931486614048,"DRC",50
"1697",0.673595489980653,0.880386527162045,"DRC",50
"1698",0.608621044503525,0.145809991983697,"DRC",50
"1699",0.884676518803462,0.792541141388938,"DRC",50
"1700",0.853610731242225,0.0901557030156255,"DRC",50
"1701",0.67040511071682,0.482813818845898,"DRC",50
"1702",0.728604579763487,0.629881150554866,"DRC",50
"1703",0.847362393233925,0.932277025422081,"DRC",50
"1704",0.753369248891249,0.301221286179498,"DRC",50
"1705",0.937781460536644,0.442943681729957,"DRC",50
"1706",0.753936302056536,0.339024051092565,"DRC",50
"1707",0.586919728387147,0.963965501636267,"DRC",50
"1708",0.797164217103273,0.443662565434352,"DRC",50
"1709",0.962921389518306,0.765415427973494,"DRC",50
"1710",0.460102427843958,0.123492485843599,"DRC",50
"1711",0.663856872776523,0.277260273462161,"DRC",50
"1712",0.727697323076427,0.3074236207176,"DRC",50
"1713",0.48301515718922,0.135307369055226,"DRC",50
"1714",0.903474394185469,0.456858073361218,"DRC",50
"1715",0.774263461586088,0.23457330907695,"DRC",50
"1716",0.761677982239053,0.0879634832963347,"DRC",50
"1717",0.919008533190936,0.505640930263326,"DRC",50
"1718",0.562283016229048,0.164523361017928,"DRC",50
"1719",0.8604970802553,0.245347633492202,"DRC",50
"1720",0.646109258243814,0.246716576861218,"DRC",50
"1721",0.753969505662099,0.906177397817373,"DRC",50
"1722",0.885041211917996,0.477384878322482,"DRC",50
"1723",0.762223242688924,0.357847563456744,"DRC",50
"1724",0.634286692971364,0.269196992041543,"DRC",50
"1725",0.598213323066011,0.341910047689453,"DRC",50
"1726",0.640919718379155,0.117532483302057,"DRC",50
"1727",0.753467766614631,0.58415388292633,"DRC",50
"1728",0.781027565989643,0.187994014006108,"DRC",50
"1729",0.851463400665671,0.389815880451351,"DRC",50
"1730",0.803211941244081,0.972710693487898,"DRC",50
"1731",0.614101356919855,0.272507639601827,"DRC",50
"1732",0.668504094937816,0.453446036204696,"DRC",50
"1733",0.695405768137425,0.572055016411468,"DRC",50
"1734",0.715614693798125,0.0181630232837051,"DRC",50
"1735",0.959604107448831,0.935399960260838,"DRC",50
"1736",0.692624246748164,0.674337742617354,"DRC",50
"1737",0.675195994740352,0.225761172128841,"DRC",50
"1738",0.638678273698315,0.403346280334517,"DRC",50
"1739",0.942600452015177,0.758054891601205,"DRC",50
"1740",0.714310682145879,0.467629548162222,"DRC",50
"1741",0.656614241423085,0.0970173538662493,"DRC",50
"1742",0.885600339900702,0.27963361912407,"DRC",50
"1743",0.987927868915722,0.894556679064408,"DRC",50
"1744",0.64923965362832,0.355710382573307,"DRC",50
"1745",0.725320819905028,0.291578898672014,"DRC",50
"1746",0.690919614350423,0.303578688995913,"DRC",50
"1747",0.72004855889827,0.99844335555099,"DRC",50
"1748",0.821803915547207,0.385776459472254,"DRC",50
"1749",0.919095510430634,0.878672488965094,"DRC",50
"1750",0.791191005147994,0.188761258963495,"DRC",50
"1751",0.673428116599098,0.150933487573639,"DRC",50
"1752",0.674356697825715,0.634474746650085,"DRC",50
"1753",0.674096453003585,0.0278678969480097,"DRC",50
"1754",0.615063617611304,0.397592836990952,"DRC",50
"1755",0.749467003624886,0.934638479258865,"DRC",50
"1756",0.726685736933723,0.64312259783037,"DRC",50
"1757",0.860293539520353,0.484911687904969,"DRC",50
"1758",0.66854446050711,0.546593876322731,"DRC",50
"1759",0.934237582376227,0.798912490950897,"DRC",50
"1760",0.848241248447448,0.247160028200597,"DRC",50
"1761",0.84396295347251,0.815977298654616,"DRC",50
"1762",0.971494426066056,0.357607785612345,"DRC",50
"1763",0.568456390267238,0.0687648984603584,"DRC",50
"1764",0.738555796444416,0.935801008949056,"DRC",50
"1765",0.631553638027981,0.0014560092240572,"DRC",50
"1766",0.840123392036185,0.469072456238791,"DRC",50
"1767",0.912910261936486,0.726904065348208,"DRC",50
"1768",0.786365989875048,0.303586260881275,"DRC",50
"1769",0.670648560114205,0.265389037085697,"DRC",50
"1770",0.823035023408011,0.410670064855367,"DRC",50
"1771",0.736109039746225,0.572616031626239,"DRC",50
"1772",0.630951946508139,0.664736746810377,"DRC",50
"1773",0.733253678213805,0.0889141699299216,"DRC",50
"1774",0.716558244870976,0.559946376364678,"DRC",50
"1775",0.684768917644397,0.448439169675112,"DRC",50
"1776",0.648706312710419,0.0590491951443255,"DRC",50
"1777",0.83571729939431,0.212307162350044,"DRC",50
"1778",0.822739054309204,0.917547108372673,"DRC",50
"1779",0.576392481243238,0.0365049121901393,"DRC",50
"1780",0.898070805240423,0.394066703738645,"DRC",50
"1781",0.890952195413411,0.425091549754143,"DRC",50
"1782",0.711861095903441,0.702413226943463,"DRC",50
"1783",0.738756541954353,0.78389365109615,"DRC",50
"1784",0.582964995177463,0.365394357824698,"DRC",50
"1785",0.748931288020685,0.210020445752889,"DRC",50
"1786",0.764692996349186,0.411497830180451,"DRC",50
"1787",0.66939566261135,0.937985822325572,"DRC",50
"1788",0.767901627300307,0.583047011168674,"DRC",50
"1789",0.676541999308392,0.25689048320055,"DRC",50
"1790",0.70880916044116,0.460227625677362,"DRC",50
"1791",0.644969475409016,0.790070304879919,"DRC",50
"1792",0.998795350827277,0.726218103896827,"DRC",50
"1793",0.790298312110826,0.762743416475132,"DRC",50
"1794",0.852593887085095,0.893235523719341,"DRC",50
"1795",0.775720252236351,0.940452905371785,"DRC",50
"1796",0.619422638090327,0.0766713928896934,"DRC",50
"1797",0.779866031929851,0.602910199202597,"DRC",50
"1798",0.679203715315089,0.0521511014085263,"DRC",50
"1799",0.647259804513305,0.0608076709322631,"DRC",50
"1800",0.792879967484623,0.584826145321131,"DRC",50
"1801",0.511275509512052,0.0720128456596285,"DRC",50
"1802",0.896936599025503,0.382994454354048,"DRC",50
"1803",0.847775407833979,0.607595087727532,"DRC",50
"1804",0.791596919251606,0.411414695205167,"DRC",50
"1805",0.755051502585411,0.860348437912762,"DRC",50
"1806",0.633186760405079,0.813609276898205,"DRC",50
"1807",0.785286921868101,0.542063869070262,"DRC",50
"1808",0.809525148756802,0.623464958975092,"DRC",50
"1809",0.700857489556074,0.0410113860853016,"DRC",50
"1810",0.775233582407236,0.472055206773803,"DRC",50
"1811",0.702708818763495,0.0394009742885828,"DRC",50
"1812",0.910191146750003,0.830920487176627,"DRC",50
"1813",0.799752431036905,0.194112098077312,"DRC",50
"1814",0.578599709132686,0.151049070293084,"DRC",50
"1815",0.749710320867598,0.372639092383906,"DRC",50
"1816",0.873981606308371,0.490272046765313,"DRC",50
"1817",0.726058136438951,0.336393835488707,"DRC",50
"1818",0.600718397367746,0.0980368820019066,"DRC",50
"1819",0.821469442825765,0.7889242565725,"DRC",50
"1820",0.86389652104117,0.80173686821945,"DRC",50
"1821",0.837957220710814,0.210730748483911,"DRC",50
"1822",0.821805183822289,0.991851206403226,"DRC",50
"1823",0.55644216844812,0.0579337293747813,"DRC",50
"1824",0.566184870665893,0.050328504992649,"DRC",50
"1825",0.742091357056052,0.183134935796261,"DRC",50
"1826",0.974574230797589,0.333233300596476,"DRC",50
"1827",0.843500279961154,0.441708869533613,"DRC",50
"1828",0.769873721292243,0.0624603186734021,"DRC",50
"1829",0.723009646730498,0.968160968739539,"DRC",50
"1830",0.80110382065177,0.483184065436944,"DRC",50
"1831",0.747083984408528,0.421172181144357,"DRC",50
"1832",0.593789363931865,0.617145579308271,"DRC",50
"1833",1.01200622092001,0.686705300118774,"DRC",50
"1834",0.725587462959811,0.54580120393075,"DRC",50
"1835",0.78249563742429,0.245341606670991,"DRC",50
"1836",0.667170726507902,0.138167254859582,"DRC",50
"1837",0.745406678831205,0.744997746543959,"DRC",50
"1838",0.681358982855454,0.618063792819157,"DRC",50
"1839",0.784156684391201,0.754609882598743,"DRC",50
"1840",0.566974151646718,0.133043278474361,"DRC",50
"1841",0.67312607197091,0.558883084682748,"DRC",50
"1842",0.611639061290771,0.735195675166324,"DRC",50
"1843",0.654376113414764,0.181205358123407,"DRC",50
"1844",0.832547787250951,0.779503533849493,"DRC",50
"1845",0.808491012826562,0.807571227429435,"DRC",50
"1846",0.869700100179762,0.760982498526573,"DRC",50
"1847",0.798704280564562,0.191717964829877,"DRC",50
"1848",0.860113420896232,0.815310348989442,"DRC",50
"1849",0.701469702739269,0.504647073335946,"DRC",50
"1850",0.77149485447444,0.376388089265674,"DRC",50
"1851",0.866339753102511,0.598976872395724,"DRC",50
"1852",0.880919329170138,0.134928127052262,"DRC",50
"1853",0.682413703156635,0.125729359453544,"DRC",50
"1854",0.877762674959377,0.750692141940817,"DRC",50
"1855",0.824528660112992,0.886086685117334,"DRC",50
"1856",0.763398147933185,0.446088946191594,"DRC",50
"1857",0.669842079561204,0.327078555710614,"DRC",50
"1858",0.805211822036654,0.192588285310194,"DRC",50
"1859",0.700009436625987,0.604417060036212,"DRC",50
"1860",0.841789340507239,0.0804987705778331,"DRC",50
"1861",0.805329055013135,0.346357214264572,"DRC",50
"1862",0.776758202211931,0.352198376320302,"DRC",50
"1863",0.794171534571797,0.149218601640314,"DRC",50
"1864",0.807741943234578,0.135955196805298,"DRC",50
"1865",0.780332935415208,0.168994896812364,"DRC",50
"1866",0.853020898811519,0.960110077634454,"DRC",50
"1867",0.857312763202935,0.652865132549778,"DRC",50
"1868",0.710619073500857,0.858642968581989,"DRC",50
"1869",0.795706271892414,0.149907951243222,"DRC",50
"1870",0.796612485684455,0.273660834180191,"DRC",50
"1871",0.933201791439205,0.725405497010797,"DRC",50
"1872",0.965228179562837,0.541395785287023,"DRC",50
"1873",0.741840681666508,0.747866111341864,"DRC",50
"1874",0.788366359844804,0.038903578184545,"DRC",50
"1875",0.707993591437116,0.921027488540858,"DRC",50
"1876",0.815787501819432,0.319882064592093,"DRC",50
"1877",0.694365121796727,0.525484577054158,"DRC",50
"1878",0.750359622389078,0.142800482455641,"DRC",50
"1879",0.933616949198768,0.772388532059267,"DRC",50
"1880",0.78948272773996,0.686174162197858,"DRC",50
"1881",0.840922828949988,0.500979514559731,"DRC",50
"1882",0.742237889952958,0.78289727284573,"DRC",50
"1883",0.765239654155448,0.883052500896156,"DRC",50
"1884",0.697835702775046,0.868739705299959,"DRC",50
"1885",0.75438817422837,0.231649552006274,"DRC",50
"1886",0.670593063347042,0.480002976953983,"DRC",50
"1887",0.769458686979488,0.865987997269258,"DRC",50
"1888",0.795659089600667,0.513536092592403,"DRC",50
"1889",0.819950255192816,0.502416099887341,"DRC",50
"1890",0.762415208108723,0.824134343536571,"DRC",50
"1891",0.737023749854416,0.028264026157558,"DRC",50
"1892",0.800252411095426,0.760431808186695,"DRC",50
"1893",0.688950909255073,0.0268592550419271,"DRC",50
"1894",0.644506058143452,0.12319682049565,"DRC",50
"1895",0.707905204547569,0.00645133946090937,"DRC",50
"1896",0.705056975781918,0.817916841013357,"DRC",50
"1897",1.09489063704386,0.912486124783754,"DRC",50
"1898",0.790418898127973,0.396151817170903,"DRC",50
"1899",0.647836945485324,0.879754027118906,"DRC",50
"1900",0.706283728173003,0.509594884468243,"DRC",50
"1901",0.724972665589303,0.855005498277023,"DRC",50
"1902",0.703333744918928,0.739793292246759,"DRC",50
"1903",0.81677990606986,0.822855064179748,"DRC",50
"1904",0.701840012939647,0.213375651044771,"DRC",50
"1905",0.758843527268618,0.523378504440188,"DRC",50
"1906",0.933128552651033,0.595806512515992,"DRC",50
"1907",0.847548616584391,0.0717423558235168,"DRC",50
"1908",0.849563692091033,0.478448047768325,"DRC",50
"1909",1.04154969574884,0.473855779971927,"DRC",50
"1910",0.779735900042579,0.899272445356473,"DRC",50
"1911",0.775766077637672,0.152031855890527,"DRC",50
"1912",0.682902399357408,0.351147740380839,"DRC",50
"1913",0.893797988537699,0.246870725182816,"DRC",50
"1914",0.821829645242542,0.807859353488311,"DRC",50
"1915",0.750494693173096,0.0569341646041721,"DRC",50
"1916",0.71959335571155,0.97340063448064,"DRC",50
"1917",0.779554372793064,0.0557301954831928,"DRC",50
"1918",0.736464891303331,0.635901271831244,"DRC",50
"1919",0.881745800422505,0.662043069023639,"DRC",50
"1920",0.837714875163511,0.49505760637112,"DRC",50
"1921",0.816881816275418,0.228371301665902,"DRC",50
"1922",0.671407116670162,0.172269251430407,"DRC",50
"1923",0.81472000349313,0.798612732673064,"DRC",50
"1924",0.795733262691647,0.963524535996839,"DRC",50
"1925",0.657565734069794,0.640476388158277,"DRC",50
"1926",0.820480559114367,0.0127995966468006,"DRC",50
"1927",0.744661569269374,0.247019814327359,"DRC",50
"1928",0.889021503739059,0.661648800596595,"DRC",50
"1929",0.686094416724518,0.158091888763011,"DRC",50
"1930",0.706917398562655,0.456949010491371,"DRC",50
"1931",0.889254662999883,0.45050886948593,"DRC",50
"1932",0.788186779571697,0.736440367996693,"DRC",50
"1933",0.803013142198324,0.714622305240482,"DRC",50
"1934",0.877146277902648,0.252672202186659,"DRC",50
"1935",0.596778369182721,0.0210347881074995,"DRC",50
"1936",0.692162641230971,0.284712810767815,"DRC",50
"1937",0.789270008401945,0.323695390252396,"DRC",50
"1938",0.839074915274978,0.503300103591755,"DRC",50
"1939",0.881609670864418,0.561346481088549,"DRC",50
"1940",0.715688947821036,0.0911252477671951,"DRC",50
"1941",0.830493456171826,0.878889652434736,"DRC",50
"1942",0.72282128687948,0.129963676445186,"DRC",50
"1943",0.728311907872558,0.827914180234075,"DRC",50
"1944",0.797072395216674,0.980773409828544,"DRC",50
"1945",0.74436325468123,0.666662546340376,"DRC",50
"1946",0.739950265409425,0.14116402878426,"DRC",50
"1947",0.734622070705518,0.361804044805467,"DRC",50
"1948",0.779796425858513,0.370758450590074,"DRC",50
"1949",0.752438763715327,0.891129166120663,"DRC",50
"1950",0.844750612229109,0.447104612365365,"DRC",50
"1951",0.635253239469603,0.660573369357735,"DRC",50
"1952",0.609442839119583,0.713585052639246,"DRC",50
"1953",0.663767355401069,0.209366130176932,"DRC",50
"1954",0.623597997892648,0.444696897640824,"DRC",50
"1955",0.83211174546741,0.204678630223498,"DRC",50
"1956",0.600661444850266,0.00710444455035031,"DRC",50
"1957",0.840316701028496,0.755451526725665,"DRC",50
"1958",0.777855802094564,0.170124265830964,"DRC",50
"1959",0.701415967522189,0.307693742681295,"DRC",50
"1960",0.803720175335184,0.895409982651472,"DRC",50
"1961",0.689214890263975,0.659395306836814,"DRC",50
"1962",0.709517957177013,0.0690794549882412,"DRC",50
"1963",0.634144430514425,0.194183386629447,"DRC",50
"1964",0.858999487105757,0.189160647802055,"DRC",50
"1965",0.711002552043647,0.382299307268113,"DRC",50
"1966",0.750892851129174,0.374898466048762,"DRC",50
"1967",0.751074294373393,0.789406930329278,"DRC",50
"1968",0.618827617308125,0.38542482117191,"DRC",50
"1969",0.718260606564581,0.959867868339643,"DRC",50
"1970",0.669311232166365,0.432890826836228,"DRC",50
"1971",0.697969358274713,0.415859812870622,"DRC",50
"1972",0.796293222019449,0.470538755180314,"DRC",50
"1973",0.668585577001795,0.974541319301352,"DRC",50
"1974",0.766055966401473,0.0887234944384545,"DRC",50
"1975",0.842248209193349,0.210645099403337,"DRC",50
"1976",0.887024501152337,0.914399386849254,"DRC",50
"1977",0.711776540474966,0.920260951854289,"DRC",50
"1978",0.608989944541827,0.701833439525217,"DRC",50
"1979",0.743732016347349,0.390336934709921,"DRC",50
"1980",0.663137211184949,0.251721178181469,"DRC",50
"1981",0.723754225112498,0.318591309478506,"DRC",50
"1982",0.851224096212536,0.213762225583196,"DRC",50
"1983",0.543786100577563,0.493403187021613,"DRC",50
"1984",0.686602794239298,0.00484356214292347,"DRC",50
"1985",0.703292328771204,0.483689536107704,"DRC",50
"1986",0.835865675285459,0.994415376568213,"DRC",50
"1987",0.869572861865163,0.840084922965616,"DRC",50
"1988",0.674616867862642,0.117044406710193,"DRC",50
"1989",0.762340821418911,0.718266860814765,"DRC",50
"1990",0.618766573630273,0.846513384953141,"DRC",50
"1991",0.764224864030257,0.357659665867686,"DRC",50
"1992",0.722449828265235,0.676426235353574,"DRC",50
"1993",0.546686088386923,0.431712750578299,"DRC",50
"1994",0.752365577686578,0.187421833630651,"DRC",50
"1995",0.797293279971927,0.241078006569296,"DRC",50
"1996",0.748092067427933,0.238293446600437,"DRC",50
"1997",0.802603671187535,0.405688072787598,"DRC",50
"1998",0.618698150292039,0.265804143855348,"DRC",50
"1999",0.690585151361302,0.153569881338626,"DRC",50
"2000",0.686783312400803,0.877715654438362,"DRC",50
"2001",0.744469068059698,0.892958668293431,"DRC",50
"2002",0.857519942289218,0.278336389921606,"DRC",50
"2003",0.731585734104738,0.10388758033514,"DRC",50
"2004",0.841362675558776,0.248365795006976,"DRC",50
"2005",1.11902021579444,0.171219483716413,"Angola",1
"2006",1.10055799100082,0.970684899948537,"Angola",1
"2007",1.08240928575397,0.920904998201877,"Angola",1
"2008",1.12475297823548,0.385116307297722,"Angola",1
"2009",1.08168482305482,0.597096919082105,"Angola",1
"2010",1.29398712783586,0.835530082462355,"Angola",1
"2011",1.41958389668725,0.998573537217453,"Angola",1
"2012",1.21320993150584,0.228034250438213,"Angola",1
"2013",1.09748184126802,0.704608859028667,"Angola",1
"2014",1.25598137585912,0.31649211817421,"Angola",1
"2015",1.90601631582249,0.514214688679203,"Angola",1
"2016",1.22027816837654,0.918853829614818,"Angola",1
"2017",1.29090105646756,0.345877935411409,"Angola",1
"2018",1.74109620572999,0.39107433333993,"Angola",1
"2019",1.17538723223843,0.809119252022356,"Angola",1
"2020",1.12878123295959,0.785949675599113,"Angola",1
"2021",1.2334059741348,0.852107523242012,"Angola",1
"2022",1.6826304992428,0.414474088232964,"Angola",1
"2023",1.29876923274714,0.433539680205286,"Angola",1
"2024",1.27897669905797,0.624487111577764,"Angola",1
"2025",1.0702725273557,0.00810173479840159,"Angola",1
"2026",2.09366744591389,0.0601523439399898,"Angola",1
"2027",2.17595542371273,0.425749848829582,"Angola",1
"2028",1.51734010796063,0.340914036147296,"Angola",1
"2029",1.19538922749925,0.940392320277169,"Angola",1
"2030",1.18156426434871,0.764641073066741,"Angola",1
"2031",1.17175462394953,0.0576420694123954,"Angola",1
"2032",1.0962367485743,0.622378679923713,"Angola",1
"2033",1.3159301601816,0.86826459527947,"Angola",1
"2034",1.13694147106726,0.00700763077475131,"Angola",1
"2035",1.05366083532572,0.838050743564963,"Angola",1
"2036",1.76653466827702,0.107797611504793,"Angola",1
"2037",1.38810437459033,0.946392321493477,"Angola",1
"2038",1.08339661613572,0.854746251599863,"Angola",1
"2039",1.32368321719114,0.437386637786403,"Angola",1
"2040",1.31074662029278,0.999579954193905,"Angola",1
"2041",1.30675669603515,0.64504865813069,"Angola",1
"2042",1.46442232874688,0.127843789989129,"Angola",1
"2043",1.05734058916569,0.49588723666966,"Angola",1
"2044",1.1206217042869,0.886814495548606,"Angola",1
"2045",1.26688154377043,0.624331424944103,"Angola",1
"2046",1.01124976465944,0.43134369328618,"Angola",1
"2047",1.2379381370265,0.924414579290897,"Angola",1
"2048",1.34144878785592,0.502669032663107,"Angola",1
"2049",1.19296697448008,0.467952652135864,"Angola",1
"2050",1.24181830175221,0.628235906595364,"Angola",1
"2051",1.05403987253085,0.235872080549598,"Angola",1
"2052",1.0898961861385,0.0886270741466433,"Angola",1
"2053",1.12975730099715,0.815090625314042,"Angola",1
"2054",1.14750383272767,0.321818431140855,"Angola",1
"2055",1.26773501094431,0.95471831667237,"Angola",1
"2056",1.11854081293568,0.394903955049813,"Angola",1
"2057",1.27771641523577,0.27521424787119,"Angola",1
"2058",1.04201808972284,0.0173396116588265,"Angola",1
"2059",1.2884107212536,0.924951985478401,"Angola",1
"2060",1.00919239863288,0.441420057089999,"Angola",1
"2061",1.20408569804858,0.992617554496974,"Angola",1
"2062",1.13493017707951,0.456947547849268,"Angola",1
"2063",1.28789194244891,0.690719558624551,"Angola",1
"2064",1.15139551018365,0.602123784832656,"Angola",1
"2065",1.32264784243889,0.148906220681965,"Angola",1
"2066",1.78236947658006,0.661659938516095,"Angola",1
"2067",1.59977355138399,0.931202925974503,"Angola",1
"2068",1.23489427450113,0.487251490354538,"Angola",1
"2069",1.12249663744587,0.312924793222919,"Angola",1
"2070",1.07290027674753,0.524910699343309,"Angola",1
"2071",1.18640250430908,0.0702014158014208,"Angola",1
"2072",1.62427960431669,0.643760664621368,"Angola",1
"2073",1.11651572389528,0.978504695463926,"Angola",1
"2074",1.07019302889239,0.276520814979449,"Angola",1
"2075",1.10276853248943,0.795136197470129,"Angola",1
"2076",1.06040459116921,0.114853089442477,"Angola",1
"2077",1.87211638984736,0.0947406792547554,"Angola",1
"2078",1.1150837091729,0.355631154030561,"Angola",1
"2079",1.10400117130484,0.765659471275285,"Angola",1
"2080",1.21233752754051,0.691018781624734,"Angola",1
"2081",1.18817499633878,0.322879500919953,"Angola",1
"2082",1.07525651932228,0.297706254292279,"Angola",1
"2083",1.13932937860955,0.333592232549563,"Angola",1
"2084",1.35802309631836,0.629397563869134,"Angola",1
"2085",1.29305261187255,0.730703769484535,"Angola",1
"2086",1.1755261734128,0.327670047758147,"Angola",1
"2087",1.52840909450315,0.539129910059273,"Angola",1
"2088",1.6388197616674,0.50168165564537,"Angola",1
"2089",1.48598648982588,0.101849261205643,"Angola",1
"2090",1.43912490571383,0.762452177703381,"Angola",1
"2091",1.1301367785316,0.719638661248609,"Angola",1
"2092",1.01790374426637,0.141635874751955,"Angola",1
"2093",1.12850239453837,0.821001609787345,"Angola",1
"2094",1.32844787465874,0.840459842933342,"Angola",1
"2095",1.2173244100064,0.346453365636989,"Angola",1
"2096",1.04826755744871,0.36831553443335,"Angola",1
"2097",1.8889725625515,0.95280964882113,"Angola",1
"2098",1.17456995369866,0.122283071279526,"Angola",1
"2099",1.25228665517643,0.327357597649097,"Angola",1
"2100",1.79272993581835,0.482856661314145,"Angola",1
"2101",1.07628680893686,0.717236109543592,"Angola",1
"2102",1.11048986166716,0.0242640818469226,"Angola",1
"2103",1.54532513318118,0.50028881477192,"Angola",1
"2104",1.07204088456929,0.72297273366712,"Angola",1
"2105",1.0733651150018,0.262847069418058,"Angola",1
"2106",1.4213358302135,0.142980359494686,"Angola",1
"2107",2.30961866341531,0.36611538939178,"Angola",1
"2108",1.6719800074352,0.798383914167061,"Angola",1
"2109",1.24959145640023,0.65264328266494,"Angola",1
"2110",1.05040887985378,0.559668021276593,"Angola",1
"2111",1.08767363822553,0.416773080825806,"Angola",1
"2112",1.14160641373601,0.85182263632305,"Angola",1
"2113",1.83517757100053,0.0810447137337178,"Angola",1
"2114",1.23718876105268,0.545136012602597,"Angola",1
"2115",1.14527787864208,0.827059522969648,"Angola",1
"2116",1.40976803912781,0.268869974650443,"Angola",1
"2117",1.08151628614869,0.902127321111038,"Angola",1
"2118",1.19709136919118,0.73646955168806,"Angola",1
"2119",1.27101490041241,0.515948725165799,"Angola",1
"2120",1.13208722246345,0.419835300184786,"Angola",1
"2121",1.08588596454356,0.641146522713825,"Angola",1
"2122",1.03073857924901,0.053951766109094,"Angola",1
"2123",1.36093765757978,0.793251775903627,"Angola",1
"2124",1.5318290008232,0.250240953173488,"Angola",1
"2125",1.8994509676937,0.580857810098678,"Angola",1
"2126",1.25531533062458,0.763924137689173,"Angola",1
"2127",1.48855989202857,0.198208421003073,"Angola",1
"2128",1.63793781208806,0.164813446579501,"Angola",1
"2129",1.18022126425058,0.355822361307219,"Angola",1
"2130",1.49898740404751,0.184578312793747,"Angola",1
"2131",1.36963658342138,0.809989085188136,"Angola",1
"2132",1.10926580764353,0.493496403563768,"Angola",1
"2133",1.10571369209792,0.444063148461282,"Angola",1
"2134",1.77535712141544,0.595083337510005,"Angola",1
"2135",1.20538440609816,0.899923371616751,"Angola",1
"2136",1.94926621541381,0.0276514017023146,"Angola",1
"2137",1.1794698911719,0.270084033720195,"Angola",1
"2138",1.07588585140184,0.367765954462811,"Angola",1
"2139",1.99673221404664,0.621985388221219,"Angola",1
"2140",1.20960625642911,0.240372955566272,"Angola",1
"2141",1.17577138717752,0.891480525722727,"Angola",1
"2142",1.05285081777256,0.120040421374142,"Angola",1
"2143",1.70160141512752,0.0965688312426209,"Angola",1
"2144",1.30687321522273,0.60425086831674,"Angola",1
"2145",1.17117383519653,0.384835505625233,"Angola",1
"2146",1.39074746037368,0.584074152400717,"Angola",1
"2147",1.10232437599916,0.187316120136529,"Angola",1
"2148",1.24410604254808,0.50634145271033,"Angola",1
"2149",1.26855693489779,0.335152950836346,"Angola",1
"2150",1.29367816911545,0.778722303453833,"Angola",1
"2151",1.26346280456055,0.594661907292902,"Angola",1
"2152",1.14529768482316,0.696918563218787,"Angola",1
"2153",1.09897176509257,0.883211066015065,"Angola",1
"2154",1.28506141037215,0.75993998721242,"Angola",1
"2155",1.11849480492529,0.757990963058546,"Angola",1
"2156",1.12557978522964,0.66026327945292,"Angola",1
"2157",1.27318160573486,0.248301055282354,"Angola",1
"2158",1.07005991763435,0.286342006642371,"Angola",1
"2159",1.24570975503884,0.590263700578362,"Angola",1
"2160",1.1466859663371,0.594244965352118,"Angola",1
"2161",1.06126532070339,0.510290047386661,"Angola",1
"2162",1.52938293640036,0.807288192911074,"Angola",1
"2163",1.33405161127448,0.638301121303812,"Angola",1
"2164",1.9532608846901,0.314009185880423,"Angola",1
"2165",1.51344926171005,0.758093149168417,"Angola",1
"2166",1.10704031961504,0.83834457048215,"Angola",1
"2167",1.4451265350217,0.905777184758335,"Angola",1
"2168",1.12216267106123,0.993088177638128,"Angola",1
"2169",1.92681216038764,0.617086697136983,"Angola",1
"2170",1.22037912635133,0.39484743680805,"Angola",1
"2171",1.11676760173868,0.206607924075797,"Angola",1
"2172",1.54301290586591,0.0185076964553446,"Angola",1
"2173",1.16435787570663,0.887835080269724,"Angola",1
"2174",1.37378030584659,0.861595903290436,"Angola",1
"2175",1.51305505977944,0.0526272694114596,"Angola",1
"2176",1.20071366245393,0.0693311144132167,"Angola",1
"2177",1.46052911148872,0.632408725796267,"Angola",1
"2178",1.32914972305298,0.989352057687938,"Angola",1
"2179",1.1841375663178,0.882046999642625,"Angola",1
"2180",1.60075214111712,0.918926699785516,"Angola",1
"2181",1.15711103025824,0.0237605341244489,"Angola",1
"2182",1.36616861377843,0.0691313638817519,"Angola",1
"2183",1.14538495275192,0.872244222089648,"Angola",1
"2184",1.78069246143568,0.40921204793267,"Angola",1
"2185",1.07383127470966,0.461625222815201,"Angola",1
"2186",1.33628069905099,0.25762574817054,"Angola",1
"2187",1.8575313052861,0.181322634685785,"Angola",1
"2188",1.07378892297857,0.633195362053812,"Angola",1
"2189",1.46248492375016,0.95344075653702,"Angola",1
"2190",1.17704202723689,0.921069881180301,"Angola",1
"2191",1.2451003247872,0.837573744822294,"Angola",1
"2192",1.18564174026251,0.831087345257401,"Angola",1
"2193",1.01940319859423,0.499039609916508,"Angola",1
"2194",1.1073401178699,0.82465821551159,"Angola",1
"2195",1.42428496598732,0.0592522176448256,"Angola",1
"2196",1.36054142476059,0.526638130890206,"Angola",1
"2197",1.10044588230085,0.046727143228054,"Angola",1
"2198",1.28282590599265,0.591019143350422,"Angola",1
"2199",1.009185781423,0.36815224098973,"Angola",1
"2200",1.13903659901116,0.293290933826938,"Angola",1
"2201",1.18350442647934,0.161823040805757,"Angola",1
"2202",1.14904342386872,0.957241099793464,"Angola",1
"2203",1.18868997804821,0.218417963245884,"Angola",1
"2204",1.0708794456441,0.831421410199255,"Angola",1
"2205",1.22475819028914,0.703664085827768,"Angola",1
"2206",2.02571028149687,0.729599386453629,"Angola",1
"2207",1.18842055688146,0.452443409478292,"Angola",1
"2208",1.35224446803331,0.847717741969973,"Angola",1
"2209",1.27495959005319,0.195495889754966,"Angola",1
"2210",1.36854477094021,0.452763994922861,"Angola",1
"2211",1.36403600026388,0.303421715274453,"Angola",1
"2212",1.35573527903762,0.162843982921913,"Angola",1
"2213",1.08924910835922,0.233276243554428,"Angola",1
"2214",1.39867133446969,0.167850489029661,"Angola",1
"2215",1.07371858647093,0.397206784458831,"Angola",1
"2216",1.09053129786626,0.232489151181653,"Angola",1
"2217",1.19222830003127,0.50508550205268,"Angola",1
"2218",1.3534451196203,0.432071452029049,"Angola",1
"2219",1.1798211876303,0.17009179154411,"Angola",1
"2220",1.13693105159327,0.554215842625126,"Angola",1
"2221",1.32120810858905,0.0540434527210891,"Angola",1
"2222",1.11064522198867,0.633930061478168,"Angola",1
"2223",1.53706180825829,0.698181350249797,"Angola",1
"2224",1.01428943611681,0.949308018200099,"Angola",1
"2225",1.03884886084124,0.373778227483854,"Angola",1
"2226",1.17054445317481,0.0349608447868377,"Angola",1
"2227",1.28781673696358,0.64621038059704,"Angola",1
"2228",1.23549333824776,0.597397787729278,"Angola",1
"2229",1.03100546048954,0.694995360448956,"Angola",1
"2230",1.18225327245891,0.710578755941242,"Angola",1
"2231",1.10202742393594,0.655440252507105,"Angola",1
"2232",1.30175004261546,0.762858456233516,"Angola",1
"2233",1.1774002345046,0.494398056529462,"Angola",1
"2234",1.48621480725706,0.00225677411071956,"Angola",1
"2235",1.4051686265273,0.755466408096254,"Angola",1
"2236",1.41904151521157,0.730189555324614,"Angola",1
"2237",1.24997082329355,0.419558027526364,"Angola",1
"2238",1.22998625759501,0.104751835111529,"Angola",1
"2239",1.0789732048288,0.0868699050042778,"Angola",1
"2240",1.09835994530004,0.576655844692141,"Angola",1
"2241",1.08862090036273,0.876674914965406,"Angola",1
"2242",1.14145602658391,0.65683323261328,"Angola",1
"2243",1.05526306263637,0.0896619155537337,"Angola",1
"2244",1.07151556201279,0.612858537118882,"Angola",1
"2245",1.1674854118377,0.278398395283148,"Angola",1
"2246",1.99137026483659,0.821447760565206,"Angola",1
"2247",1.09511076668277,0.303879709681496,"Angola",1
"2248",1.57140689752996,0.881819567875937,"Angola",1
"2249",1.61137011270039,0.34000064432621,"Angola",1
"2250",1.14817351698875,0.36039018095471,"Angola",1
"2251",1.22380233935546,0.738139003282413,"Angola",1
"2252",1.18172650672495,0.0956682530231774,"Angola",1
"2253",1.14424771876074,0.368891055462882,"Angola",1
"2254",1.19599391170777,0.0485603560227901,"Angola",1
"2255",1.11726971010212,0.578991088317707,"Angola",1
"2256",1.15203083353117,0.859131001401693,"Angola",1
"2257",1.18178547974676,0.768918179674074,"Angola",1
"2258",1.17628828303423,0.875804747687653,"Angola",1
"2259",1.11742479354143,0.893227143213153,"Angola",1
"2260",1.26615183253307,0.633237487869337,"Angola",1
"2261",1.18861885294318,0.513424214906991,"Angola",1
"2262",1.77596069870051,0.206723911920562,"Angola",1
"2263",1.15419085710309,0.688496620859951,"Angola",1
"2264",1.21604369522538,0.823835683986545,"Angola",1
"2265",1.05539758303203,0.897025854559615,"Angola",1
"2266",1.29303289316595,0.481156433699653,"Angola",1
"2267",1.16615607999265,0.768722299253568,"Angola",1
"2268",1.03873274682555,0.492477498017251,"Angola",1
"2269",1.46583096233662,0.0371415950357914,"Angola",1
"2270",1.48793708607554,0.829301301157102,"Angola",1
"2271",1.22204287096392,0.840528955683112,"Angola",1
"2272",1.40045990224462,0.389068767195567,"Angola",1
"2273",1.5601570956409,0.895640837261453,"Angola",1
"2274",1.19406951121055,0.856455280212685,"Angola",1
"2275",1.49732375061139,0.590052948798984,"Angola",1
"2276",1.02442263234407,0.799512433120981,"Angola",1
"2277",1.06609619408846,0.552076954161748,"Angola",1
"2278",1.24308943802025,0.413983730832115,"Angola",1
"2279",1.10736531510483,0.911805883981287,"Angola",1
"2280",1.17644078955054,0.904777667485178,"Angola",1
"2281",1.39995249616913,0.367177680367604,"Angola",1
"2282",1.35489656068385,0.841584953712299,"Angola",1
"2283",1.0842767913593,0.560969113139436,"Angola",1
"2284",1.32315115374513,0.488774438854307,"Angola",1
"2285",1.38077780043241,0.982827033149078,"Angola",1
"2286",1.10742825428024,0.275160543620586,"Angola",1
"2287",1.14653293711599,0.527397494064644,"Angola",1
"2288",1.22715892002452,0.8626888548024,"Angola",1
"2289",1.87430291862693,0.512279941234738,"Angola",1
"2290",1.18507002778351,0.973834703676403,"Angola",1
"2291",1.03695000999141,0.319420550949872,"Angola",1
"2292",1.2078968920745,0.506296927109361,"Angola",1
"2293",1.88977145515382,0.137204775819555,"Angola",1
"2294",1.0671081546694,0.379194860113785,"Angola",1
"2295",1.59901249157265,0.275008101249114,"Angola",1
"2296",1.10061203150544,0.230371117824689,"Angola",1
"2297",1.07262418544851,0.250225165393203,"Angola",1
"2298",1.14899290082976,0.126713998848572,"Angola",1
"2299",1.09286537989974,0.615099315065891,"Angola",1
"2300",1.27480343785137,0.385184802347794,"Angola",1
"2301",1.17683228161186,0.11444199248217,"Angola",1
"2302",1.14960486916825,0.452911069616675,"Angola",1
"2303",1.10145635157824,0.155290380818769,"Angola",1
"2304",2.02385568283498,0.223390386672691,"Angola",1
"2305",1.30464699829463,0.66944240569137,"Angola",1
"2306",1.00149292983115,0.894297233084217,"Angola",1
"2307",1.46396483744029,0.485761017072946,"Angola",1
"2308",1.31818900830112,0.807838317938149,"Angola",1
"2309",1.30813923266251,0.974873536499217,"Angola",1
"2310",1.89315954649355,0.74001422827132,"Angola",1
"2311",1.14560747714713,0.382135918596759,"Angola",1
"2312",1.11950489741284,0.563690581126139,"Angola",1
"2313",1.26120733458083,0.612181763164699,"Angola",1
"2314",1.43000910556875,0.567359152715653,"Angola",1
"2315",1.09466251698323,0.527672927128151,"Angola",1
"2316",1.096779931942,0.316101223463193,"Angola",1
"2317",1.17772817120422,0.406571410829201,"Angola",1
"2318",1.53941627184395,0.726783694466576,"Angola",1
"2319",1.20374100878835,0.512633258942515,"Angola",1
"2320",1.36823205091059,0.4091142101679,"Angola",1
"2321",1.25656647793949,0.225927846971899,"Angola",1
"2322",1.26185515038669,0.626069145044312,"Angola",1
"2323",1.35694319261238,0.154602533672005,"Angola",1
"2324",1.3475489000557,0.588962047593668,"Angola",1
"2325",1.09538321429864,0.671886027324945,"Angola",1
"2326",1.21019919833634,0.797141491901129,"Angola",1
"2327",1.19882071041502,0.695336834527552,"Angola",1
"2328",1.13335816855542,0.392131092725322,"Angola",1
"2329",1.29055484195705,0.48285080306232,"Angola",1
"2330",1.02101852747146,0.773922612192109,"Angola",1
"2331",1.06720124091953,0.728553033433855,"Angola",1
"2332",1.65440616861451,0.341737859882414,"Angola",1
"2333",1.13579525055829,0.486647577257827,"Angola",1
"2334",1.4020036481088,0.61477471748367,"Angola",1
"2335",1.29667107388377,0.532415152760223,"Angola",1
"2336",1.14241208855528,0.383119842037559,"Angola",1
"2337",1.35857534781098,0.659212433267385,"Angola",1
"2338",1.79432484500576,0.694157539168373,"Angola",1
"2339",1.03211110457778,0.194258315023035,"Angola",1
"2340",1.17299076057971,0.584043123060837,"Angola",1
"2341",1.06423702291213,0.5676945282612,"Angola",1
"2342",1.03819742307533,0.786369372857735,"Angola",1
"2343",1.10921492886264,0.174182466464117,"Angola",1
"2344",1.07733712741174,0.839482581242919,"Angola",1
"2345",1.25374244314153,0.582976483274251,"Angola",1
"2346",1.12569064507261,0.422785014845431,"Angola",1
"2347",1.06730795714539,0.192304111551493,"Angola",1
"2348",1.4505628752755,0.235436456045136,"Angola",1
"2349",1.25045416133944,0.536157821537927,"Angola",1
"2350",1.16401351904497,0.416657537920401,"Angola",1
"2351",1.09244381161407,0.316140808630735,"Angola",1
"2352",1.06071120460983,0.357375370105729,"Angola",1
"2353",1.35843630402815,0.783158781239763,"Angola",1
"2354",1.1963033800479,0.673402206273749,"Angola",1
"2355",1.0604202800896,0.933711641468108,"Angola",1
"2356",1.28249767501838,0.633110597962514,"Angola",1
"2357",1.22155680248979,0.14690697286278,"Angola",1
"2358",1.18919082954526,0.780887447064742,"Angola",1
"2359",1.20861026272178,0.438470862340182,"Angola",1
"2360",1.24372524977662,0.838776740478352,"Angola",1
"2361",1.80259630535729,0.540306911338121,"Angola",1
"2362",1.41183948516846,0.449299732921645,"Angola",1
"2363",1.23640734702349,0.541381035465747,"Angola",1
"2364",1.13614558661357,0.547560524661094,"Angola",1
"2365",1.74766810524743,0.479127029655501,"Angola",1
"2366",1.64381919556763,0.603554760105908,"Angola",1
"2367",1.16413482960779,0.233093937393278,"Angola",1
"2368",1.13590098351706,0.971042897086591,"Angola",1
"2369",1.04233435685746,0.911689713131636,"Angola",1
"2370",1.31320262923837,0.938875874271616,"Angola",1
"2371",1.19881821458694,0.778198534157127,"Angola",1
"2372",1.3404611593578,0.465800101170316,"Angola",1
"2373",1.01466841858346,0.16732481517829,"Angola",1
"2374",1.97402870766819,0.544231949839741,"Angola",1
"2375",1.07871737054084,0.397306762402877,"Angola",1
"2376",1.20693411608227,0.294634973397478,"Angola",1
"2377",1.25547533282079,0.840278576128185,"Angola",1
"2378",1.44643508321606,0.305926421191543,"Angola",1
"2379",1.13232125481591,0.959671749034896,"Angola",1
"2380",1.36400341279805,0.274623394710943,"Angola",1
"2381",1.25852304175496,0.562211392447352,"Angola",1
"2382",1.02077018425334,0.201382983010262,"Angola",1
"2383",1.63071494707838,0.757876521442086,"Angola",1
"2384",1.82757806889713,0.528082146542147,"Angola",1
"2385",1.10139180964325,0.612567850388587,"Angola",1
"2386",1.16758682364598,0.429581384640187,"Angola",1
"2387",1.90356479822658,0.640357181197032,"Angola",1
"2388",1.28850121570285,0.931131841382012,"Angola",1
"2389",1.00899103563279,0.413965466432273,"Angola",1
"2390",1.03881139704026,0.160884474171326,"Angola",1
"2391",1.68582213507034,0.89819258148782,"Angola",1
"2392",1.18167118208949,0.233835041290149,"Angola",1
"2393",1.1080916894367,0.688274319283664,"Angola",1
"2394",1.72828199819196,0.206342374440283,"Angola",1
"2395",1.12279930212535,0.317479233955964,"Angola",1
"2396",1.15089914575219,0.88319991575554,"Angola",1
"2397",1.42866465740371,0.73462375649251,"Angola",1
"2398",1.23942224315833,0.988187333568931,"Angola",1
"2399",1.17242673730943,0.903570087160915,"Angola",1
"2400",1.16136512325611,0.216529724886641,"Angola",1
"2401",1.2777899073204,0.88316128612496,"Angola",1
"2402",1.11227183293086,0.779662954155356,"Angola",1
"2403",1.21256315112114,0.901409812504426,"Angola",1
"2404",1.15310535244644,0.97295723692514,"Angola",1
"2405",1.04644948230125,0.470702327322215,"Angola",1
"2406",1.21817350890487,0.962774361250922,"Angola",1
"2407",1.16668528318405,0.650914774509147,"Angola",1
"2408",1.13135337159038,0.0938828242942691,"Angola",1
"2409",1.25541756073944,0.693131781881675,"Angola",1
"2410",1.29958198526874,0.649079166119918,"Angola",1
"2411",1.21078215055168,0.208192811347544,"Angola",1
"2412",1.223537079175,0.0895681278780103,"Angola",1
"2413",1.27703166245483,0.0280556629877537,"Angola",1
"2414",1.08167293476872,0.254676633514464,"Angola",1
"2415",1.58412797525525,0.0150028048083186,"Angola",1
"2416",1.13191260881722,0.870907586999238,"Angola",1
"2417",1.297980203107,0.5909785812255,"Angola",1
"2418",1.12232166850008,0.137019106419757,"Angola",1
"2419",1.11319299326278,0.318965710466728,"Angola",1
"2420",1.29178857549559,0.920601604273543,"Angola",1
"2421",1.25815852421802,0.789554634131491,"Angola",1
"2422",1.28844659663737,0.368514949223027,"Angola",1
"2423",1.15438660762738,0.56011933577247,"Angola",1
"2424",1.00683380626142,0.305015586782247,"Angola",1
"2425",1.19849679470062,0.757279900601134,"Angola",1
"2426",1.66752324013505,0.112822531722486,"Angola",1
"2427",1.19897401854396,0.653143305331469,"Angola",1
"2428",1.3036328668939,0.508649412775412,"Angola",1
"2429",1.12457594797015,0.163677243050188,"Angola",1
"2430",1.02999309294391,0.867238069884479,"Angola",1
"2431",1.67553411656991,0.499084889655933,"Angola",1
"2432",1.1060479786247,0.784718328155577,"Angola",1
"2433",1.39589725651313,0.869274178519845,"Angola",1
"2434",1.0465685849078,0.0103561207652092,"Angola",1
"2435",1.17252659322694,0.971864692401141,"Angola",1
"2436",1.10056540742517,0.389463720144704,"Angola",1
"2437",1.26768053120468,0.997646283591166,"Angola",1
"2438",1.47473277486861,0.884942466625944,"Angola",1
"2439",1.16271130403038,0.987370033282787,"Angola",1
"2440",1.09136561490595,0.600718126865104,"Angola",1
"2441",1.39092553071678,0.853958803694695,"Angola",1
"2442",1.19923377546947,0.75097951409407,"Angola",1
"2443",1.11413081712089,0.0454981632065028,"Angola",1
"2444",1.10966827727389,0.112670168746263,"Angola",1
"2445",1.82669918332249,0.176319908583537,"Angola",1
"2446",1.06131390496157,0.862696763360873,"Angola",1
"2447",1.05510846301913,0.658486740663648,"Angola",1
"2448",1.42095142987091,0.276241090847179,"Angola",1
"2449",1.42204466075636,0.935258037410676,"Angola",1
"2450",1.11943971212022,0.897703857161105,"Angola",1
"2451",1.2776295542717,0.607892442960292,"Angola",1
"2452",1.00953421853483,0.966476538218558,"Angola",1
"2453",1.97436895002611,0.662100950488821,"Angola",1
"2454",1.17479001954198,0.935316663002595,"Angola",1
"2455",1.04623014549725,0.459991730051115,"Angola",1
"2456",1.35368693245109,0.832605304662138,"Angola",1
"2457",1.03596158511937,0.34732896508649,"Angola",1
"2458",1.17983375550248,0.124431454809383,"Angola",1
"2459",1.19219699858222,0.524702589260414,"Angola",1
"2460",1.09068493945524,0.549856685334817,"Angola",1
"2461",1.14712221531663,0.157785822404549,"Angola",1
"2462",1.1624672886217,0.294046968687326,"Angola",1
"2463",1.11639661591034,0.412432584678754,"Angola",1
"2464",1.01897850700188,0.239405279513448,"Angola",1
"2465",1.18093011341989,0.993372179102153,"Angola",1
"2466",1.17937937264796,0.632572658127174,"Angola",1
"2467",1.16107102173846,0.541472489014268,"Angola",1
"2468",1.03568903182168,0.378413524245843,"Angola",1
"2469",1.18434350639582,0.728339890716597,"Angola",1
"2470",1.83302833847702,0.0319994827732444,"Angola",1
"2471",1.43216859474778,0.968895602505654,"Angola",1
"2472",1.18893019668758,0.995324786985293,"Angola",1
"2473",1.63832060911227,0.621990573126823,"Angola",1
"2474",1.07643122992013,0.420356594026089,"Angola",1
"2475",1.16097204172984,0.814015583368018,"Angola",1
"2476",1.34373306217603,0.260905546601862,"Angola",1
"2477",1.1375756475376,0.956411922816187,"Angola",1
"2478",1.16490161381662,0.0699680796824396,"Angola",1
"2479",1.27653034189716,0.180291613563895,"Angola",1
"2480",1.18671256375965,0.192061512032524,"Angola",1
"2481",1.08610615010839,0.363552220864221,"Angola",1
"2482",1.18988465266302,0.805630680173635,"Angola",1
"2483",1.72884723264724,0.355339569738135,"Angola",1
"2484",1.04970066423994,0.817092034267262,"Angola",1
"2485",1.12217524342705,0.33941214857623,"Angola",1
"2486",1.16037105068099,0.823972191428766,"Angola",1
"2487",1.09827657644637,0.330679951235652,"Angola",1
"2488",1.38797690551728,0.476537045091391,"Angola",1
"2489",1.10995608249214,0.562947826460004,"Angola",1
"2490",1.23296668867115,0.172823276836425,"Angola",1
"2491",1.19020999313798,0.778061043238267,"Angola",1
"2492",2.05067223731894,0.532254509627819,"Angola",1
"2493",1.10328643284738,0.692221604054794,"Angola",1
"2494",1.27023252758663,0.507584347156808,"Angola",1
"2495",1.08728537163697,0.807636962272227,"Angola",1
"2496",1.15488975683693,0.161190397338942,"Angola",1
"2497",1.38341861777008,0.174781773937866,"Angola",1
"2498",1.30182524938136,0.376482389401644,"Angola",1
"2499",1.03005888350308,0.400336687453091,"Angola",1
"2500",1.08449936313555,0.0675689256750047,"Angola",1
"2501",1.94081091843545,0.78452177089639,"Angola",1
"2502",1.28843617485836,0.573867406928912,"Angola",1
"2503",1.1058778607985,0.810698193497956,"Angola",1
"2504",1.2246547782328,0.439344823593274,"Angola",1
"2505",1.064695911319,0.705166258849204,"Angola",1
"2506",1.54786401484162,0.958695451496169,"Uganda 2012",1
"2507",0.972130797430873,0.917095212964341,"Uganda 2012",1
"2508",0.895603866269812,0.541240959661081,"Uganda 2012",1
"2509",0.618342196801677,0.829181605018675,"Uganda 2012",1
"2510",0.885864525288343,0.241648478200659,"Uganda 2012",1
"2511",1.32114564701915,0.0436680191196501,"Uganda 2012",1
"2512",1.26251054597087,0.771833684993908,"Uganda 2012",1
"2513",1.14045788343064,0.210175339598209,"Uganda 2012",1
"2514",1.45010051098652,0.680263040121645,"Uganda 2012",1
"2515",1.33337535215542,0.0732186499517411,"Uganda 2012",1
"2516",0.811374518182129,0.589842156972736,"Uganda 2012",1
"2517",0.970176470559091,0.231606208952144,"Uganda 2012",1
"2518",0.800697149476037,0.000253401696681976,"Uganda 2012",1
"2519",2.08992471117526,0.302433370845392,"Uganda 2012",1
"2520",1.35511302873492,0.627275598002598,"Uganda 2012",1
"2521",0.679685897519812,0.278192605823278,"Uganda 2012",1
"2522",1.65612312555313,0.62177239311859,"Uganda 2012",1
"2523",0.888659670390189,0.639977016951889,"Uganda 2012",1
"2524",1.42401915104128,0.0796482188161463,"Uganda 2012",1
"2525",1.69783790698275,0.663716809824109,"Uganda 2012",1
"2526",0.749599666940048,0.563806669553742,"Uganda 2012",1
"2527",1.58988924040459,0.337928728200495,"Uganda 2012",1
"2528",1.45124228228815,0.0258979599457234,"Uganda 2012",1
"2529",0.73936714110896,0.490243576467037,"Uganda 2012",1
"2530",0.857129255170003,0.414303238270804,"Uganda 2012",1
"2531",1.06007885918953,0.293536935932934,"Uganda 2012",1
"2532",2.19992895149626,0.038661373546347,"Uganda 2012",1
"2533",1.21557317422703,0.171133013674989,"Uganda 2012",1
"2534",1.44381272941828,0.922609639819711,"Uganda 2012",1
"2535",1.37121277693659,0.603266357909888,"Uganda 2012",1
"2536",1.4267898669932,0.788286031689495,"Uganda 2012",1
"2537",1.75035211578943,0.40558642661199,"Uganda 2012",1
"2538",0.768217288982123,0.465381089132279,"Uganda 2012",1
"2539",1.92765740612522,0.898198697017506,"Uganda 2012",1
"2540",1.40812576953322,0.367120190290734,"Uganda 2012",1
"2541",1.17531341728754,0.146457263501361,"Uganda 2012",1
"2542",1.10997931952588,0.0802470576018095,"Uganda 2012",1
"2543",0.685302964923903,0.637052491540089,"Uganda 2012",1
"2544",1.05025124400854,0.409970585489646,"Uganda 2012",1
"2545",2.07321693161503,0.185531962662935,"Uganda 2012",1
"2546",1.45295808790252,0.0127572454512119,"Uganda 2012",1
"2547",1.79907069792971,0.574978627031669,"Uganda 2012",1
"2548",0.939185136277229,0.0208158255554736,"Uganda 2012",1
"2549",0.679739964660257,0.193662397796288,"Uganda 2012",1
"2550",1.39206934655085,0.479127143276855,"Uganda 2012",1
"2551",1.13226120341569,0.348968249047175,"Uganda 2012",1
"2552",0.899043360678479,0.678747973870486,"Uganda 2012",1
"2553",0.752404840430245,0.39035168918781,"Uganda 2012",1
"2554",1.45883570080623,0.640890484675765,"Uganda 2012",1
"2555",0.954569725366309,0.710552245378494,"Uganda 2012",1
"2556",0.872433628933504,0.719480216968805,"Uganda 2012",1
"2557",1.36105907624587,0.967019171454012,"Uganda 2012",1
"2558",0.751812922721729,0.601277598645538,"Uganda 2012",1
"2559",1.08329379605129,0.477534553036094,"Uganda 2012",1
"2560",1.55587460314855,0.980670057469979,"Uganda 2012",1
"2561",0.834664651053026,0.3036220127251,"Uganda 2012",1
"2562",1.77495897738263,0.417097271420062,"Uganda 2012",1
"2563",0.856541864015162,0.912227177293971,"Uganda 2012",1
"2564",0.996685166470707,0.363391197286546,"Uganda 2012",1
"2565",2.16001848191954,0.275407555280253,"Uganda 2012",1
"2566",1.0417854453437,0.0835664598271251,"Uganda 2012",1
"2567",0.948298901086673,0.731431904714555,"Uganda 2012",1
"2568",0.966634484054521,0.677491035079584,"Uganda 2012",1
"2569",1.53322443543002,0.344458741368726,"Uganda 2012",1
"2570",1.05087382160127,0.616650151088834,"Uganda 2012",1
"2571",1.03068990083411,0.929360508685932,"Uganda 2012",1
"2572",1.19672366632149,0.965495590819046,"Uganda 2012",1
"2573",0.91724196174182,0.421757843811065,"Uganda 2012",1
"2574",1.09144073058851,0.884650596650317,"Uganda 2012",1
"2575",0.679197442065924,0.327752087032422,"Uganda 2012",1
"2576",0.84876588457264,0.280850541777909,"Uganda 2012",1
"2577",0.967292535956949,0.792613956611603,"Uganda 2012",1
"2578",1.14660699530505,0.620424634078518,"Uganda 2012",1
"2579",1.6173699114006,0.782835790188983,"Uganda 2012",1
"2580",0.60331971407868,0.703739084070548,"Uganda 2012",1
"2581",1.08536533387378,0.268084471579641,"Uganda 2012",1
"2582",1.05967608913779,0.331740193068981,"Uganda 2012",1
"2583",0.968419754877687,0.655439515830949,"Uganda 2012",1
"2584",0.681396319624037,0.87184800952673,"Uganda 2012",1
"2585",1.34910479886457,0.399591467576101,"Uganda 2012",1
"2586",0.879477246617898,0.222605183720589,"Uganda 2012",1
"2587",1.10164867001586,0.859545063925907,"Uganda 2012",1
"2588",1.36038529896177,0.705244917888194,"Uganda 2012",1
"2589",1.81280720555224,0.823228932917118,"Uganda 2012",1
"2590",0.78956187251024,0.627829654607922,"Uganda 2012",1
"2591",1.44730355618522,0.881557404296473,"Uganda 2012",1
"2592",1.332584916614,0.377774282591417,"Uganda 2012",1
"2593",0.886238276632503,0.798904299503192,"Uganda 2012",1
"2594",1.0360747827217,0.600821460830048,"Uganda 2012",1
"2595",1.28513169805519,0.609051468316466,"Uganda 2012",1
"2596",2.02897350778803,0.726471344009042,"Uganda 2012",1
"2597",1.50377505370416,0.715763256186619,"Uganda 2012",1
"2598",1.73493901407346,0.209763200720772,"Uganda 2012",1
"2599",1.20996918347664,0.418401706963778,"Uganda 2012",1
"2600",1.74779787738808,0.814708146033809,"Uganda 2012",1
"2601",1.52308945716359,0.120074486359954,"Uganda 2012",1
"2602",1.1070729339961,0.357075270498171,"Uganda 2012",1
"2603",1.16665558866225,0.217943651601672,"Uganda 2012",1
"2604",1.42624544096179,0.524692420614883,"Uganda 2012",1
"2605",0.946685344260186,0.220760296331719,"Uganda 2012",1
"2606",1.47811347334646,0.15761235030368,"Uganda 2012",1
"2607",1.41693543619476,0.994065877282992,"Uganda 2012",1
"2608",1.1935136067681,0.997260037111118,"Uganda 2012",1
"2609",1.14430154114962,0.955775109818205,"Uganda 2012",1
"2610",1.26263388623483,0.183929825201631,"Uganda 2012",1
"2611",1.16102803698741,0.648980194237083,"Uganda 2012",1
"2612",0.925808658963069,0.396261180518195,"Uganda 2012",1
"2613",0.998152780998498,0.414082327857614,"Uganda 2012",1
"2614",0.803793213842437,0.515473700594157,"Uganda 2012",1
"2615",0.861358048999682,0.408514980692416,"Uganda 2012",1
"2616",0.960396890016273,0.163159393006936,"Uganda 2012",1
"2617",1.21748716370203,0.588437889236957,"Uganda 2012",1
"2618",1.21740128723904,0.536719567142427,"Uganda 2012",1
"2619",1.05180580299348,0.145336417714134,"Uganda 2012",1
"2620",1.10444668000564,0.929394262842834,"Uganda 2012",1
"2621",1.22757294611074,0.901639812393114,"Uganda 2012",1
"2622",1.23548800963908,0.931385410483927,"Uganda 2012",1
"2623",1.35160106439143,0.744888477027416,"Uganda 2012",1
"2624",1.19285184224136,0.104994822992012,"Uganda 2012",1
"2625",1.14997273511253,0.564668362960219,"Uganda 2012",1
"2626",1.02025069072843,0.362410615431145,"Uganda 2012",1
"2627",1.11742137637921,0.717152570839971,"Uganda 2012",1
"2628",0.947878443310037,0.585920203244314,"Uganda 2012",1
"2629",1.12951059238985,0.859355257358402,"Uganda 2012",1
"2630",0.792457983782515,0.615867358632386,"Uganda 2012",1
"2631",1.32671774649061,0.655235090991482,"Uganda 2012",1
"2632",1.55499975099228,0.447962035890669,"Uganda 2012",1
"2633",0.810951784066856,0.851529809413478,"Uganda 2012",1
"2634",1.05240221805871,0.117097764043137,"Uganda 2012",1
"2635",1.1392876660917,0.311912743607536,"Uganda 2012",1
"2636",1.1058799686376,0.600072710076347,"Uganda 2012",1
"2637",1.07764530144632,0.167879019398242,"Uganda 2012",1
"2638",0.983916221093387,0.533361305715516,"Uganda 2012",1
"2639",0.888434470118955,0.554644887568429,"Uganda 2012",1
"2640",1.20237147659063,0.555716668721288,"Uganda 2012",1
"2641",1.3901203750167,0.735272258520126,"Uganda 2012",1
"2642",0.862757537793368,0.986765934620053,"Uganda 2012",1
"2643",1.18353103152476,0.825027391314507,"Uganda 2012",1
"2644",1.38136303648353,0.88239603699185,"Uganda 2012",1
"2645",1.00219737887383,0.0929631209000945,"Uganda 2012",1
"2646",1.15204393025488,0.879480183357373,"Uganda 2012",1
"2647",0.771314452076331,0.4025754975155,"Uganda 2012",1
"2648",1.27748856581748,0.155382456025109,"Uganda 2012",1
"2649",0.981395276961848,0.558172480436042,"Uganda 2012",1
"2650",0.73561672619544,0.7345488560386,"Uganda 2012",1
"2651",0.810003393469378,0.611000241478905,"Uganda 2012",1
"2652",1.24392142989673,0.859935303917155,"Uganda 2012",1
"2653",0.9735293621663,0.220326103502885,"Uganda 2012",1
"2654",0.843542229849845,0.67349307728,"Uganda 2012",1
"2655",0.685645180474967,0.728459680685773,"Uganda 2012",1
"2656",1.2744152228348,0.653463570866734,"Uganda 2012",1
"2657",1.14851960176602,0.0178364808671176,"Uganda 2012",1
"2658",0.713663228740916,0.439538864651695,"Uganda 2012",1
"2659",1.32787637314759,0.757241992047057,"Uganda 2012",1
"2660",1.05688889943995,0.913050884148106,"Uganda 2012",1
"2661",1.11681458512321,0.476636152015999,"Uganda 2012",1
"2662",0.928624902199954,0.0208632813300937,"Uganda 2012",1
"2663",1.08000052515417,0.450706138275564,"Uganda 2012",1
"2664",1.15725201736204,0.702828702749684,"Uganda 2012",1
"2665",1.53456770470366,0.536586901172996,"Uganda 2012",1
"2666",1.05926741515286,0.822653851704672,"Uganda 2012",1
"2667",1.00033310670406,0.84128849604167,"Uganda 2012",1
"2668",0.873730112891644,0.815001812996343,"Uganda 2012",1
"2669",1.49349456699565,0.901392173953354,"Uganda 2012",1
"2670",0.836878639832139,0.0566730003338307,"Uganda 2012",1
"2671",1.2574623091612,0.315706358058378,"Uganda 2012",1
"2672",1.52697316901758,0.533622389193624,"Uganda 2012",1
"2673",1.99235629374161,0.983591700205579,"Uganda 2012",1
"2674",1.39459937554784,0.862124653765932,"Uganda 2012",1
"2675",0.967678533634171,0.953736471245065,"Uganda 2012",1
"2676",1.63905448177829,0.758316465420648,"Uganda 2012",1
"2677",1.16099720243365,0.820466191973537,"Uganda 2012",1
"2678",0.819330572197214,0.81239794427529,"Uganda 2012",1
"2679",1.76477311598137,0.561798530630767,"Uganda 2012",1
"2680",0.65944224386476,0.659276973688975,"Uganda 2012",1
"2681",1.76133266524412,0.926666382933035,"Uganda 2012",1
"2682",0.878600770188496,0.833614158211276,"Uganda 2012",1
"2683",0.879534608405083,0.169502607546747,"Uganda 2012",1
"2684",1.11266677137464,0.829509662464261,"Uganda 2012",1
"2685",0.770963494339958,0.10346763045527,"Uganda 2012",1
"2686",1.32319961697794,0.159752658568323,"Uganda 2012",1
"2687",0.900512756733224,0.204146324656904,"Uganda 2012",1
"2688",0.96311494181864,0.598565659020096,"Uganda 2012",1
"2689",1.25558289759792,0.516812761547044,"Uganda 2012",1
"2690",1.27105501969345,0.700535367941484,"Uganda 2012",1
"2691",1.29847507933155,0.296862585702911,"Uganda 2012",1
"2692",2.10027544680052,0.67049454478547,"Uganda 2012",1
"2693",0.885315388813615,0.750713015906513,"Uganda 2012",1
"2694",1.39196193707176,0.675780455581844,"Uganda 2012",1
"2695",1.27549751377665,0.235793364001438,"Uganda 2012",1
"2696",1.37757164952345,0.0326724324841052,"Uganda 2012",1
"2697",1.14712185044773,0.988680149661377,"Uganda 2012",1
"2698",1.09438280095346,0.342906558187678,"Uganda 2012",1
"2699",0.928666025865823,0.414550968445837,"Uganda 2012",1
"2700",1.09412486986257,0.403854400618002,"Uganda 2012",1
"2701",1.41603842866607,0.2549307057634,"Uganda 2012",1
"2702",1.08819944257848,0.49408596707508,"Uganda 2012",1
"2703",0.617621658788994,0.0940239562187344,"Uganda 2012",1
"2704",0.870413719536737,0.748538393992931,"Uganda 2012",1
"2705",0.87277015876025,0.687350014224648,"Uganda 2012",1
"2706",0.654091811319813,0.472904599970207,"Uganda 2012",1
"2707",0.802636975701898,0.206339361611754,"Uganda 2012",1
"2708",0.657051929505542,0.612200534902513,"Uganda 2012",1
"2709",0.936713739903644,0.182051521493122,"Uganda 2012",1
"2710",1.43388179130852,0.19694231916219,"Uganda 2012",1
"2711",1.30877745402977,0.206710305297747,"Uganda 2012",1
"2712",0.574859755439684,0.908551938598976,"Uganda 2012",1
"2713",0.598049506079406,0.482446811394766,"Uganda 2012",1
"2714",0.925376346195117,0.678556225495413,"Uganda 2012",1
"2715",1.41497008670121,0.0734355801250786,"Uganda 2012",1
"2716",1.30485085491091,0.0782336730044335,"Uganda 2012",1
"2717",0.668569246167317,0.835344058461487,"Uganda 2012",1
"2718",1.20336142573506,0.734221475431696,"Uganda 2012",1
"2719",1.31314573301934,0.960578293073922,"Uganda 2012",1
"2720",0.705724620167166,0.780403957236558,"Uganda 2012",1
"2721",0.93302629054524,0.398739031516016,"Uganda 2012",1
"2722",1.25702627147548,0.416068707359955,"Uganda 2012",1
"2723",1.05397528945468,0.0117040912155062,"Uganda 2012",1
"2724",0.801289157336578,0.88838159898296,"Uganda 2012",1
"2725",0.988989679468796,0.65006252983585,"Uganda 2012",1
"2726",0.971731256972998,0.20133006433025,"Uganda 2012",1
"2727",1.17683923365548,0.231487867888063,"Uganda 2012",1
"2728",1.05592495198362,0.702739040832967,"Uganda 2012",1
"2729",1.19378273463808,0.559417046839371,"Uganda 2012",1
"2730",1.40168757238425,0.290462645934895,"Uganda 2012",1
"2731",1.44505244372413,0.172326083295047,"Uganda 2012",1
"2732",1.24539834391326,0.23083314509131,"Uganda 2012",1
"2733",1.99974152613431,0.548313804669306,"Uganda 2012",1
"2734",1.84495591972955,0.0336505670566112,"Uganda 2012",1
"2735",1.25781550584361,0.602041993057355,"Uganda 2012",1
"2736",1.21162714888342,0.966139984549955,"Uganda 2012",1
"2737",1.03020519590937,0.932166228536516,"Uganda 2012",1
"2738",0.842829827545211,0.430451479740441,"Uganda 2012",1
"2739",1.74219170198776,0.36231322796084,"Uganda 2012",1
"2740",0.574500717315823,0.78911168477498,"Uganda 2012",1
"2741",0.904083232814446,0.0556751925032586,"Uganda 2012",1
"2742",1.16706052953377,0.739982284372672,"Uganda 2012",1
"2743",0.945367170544341,0.423033809522167,"Uganda 2012",1
"2744",0.967676470894367,0.759450427955016,"Uganda 2012",1
"2745",1.24461154928431,0.697750840568915,"Uganda 2012",1
"2746",0.94133911607787,0.178949465043843,"Uganda 2012",1
"2747",1.24977158177644,0.0277338854502887,"Uganda 2012",1
"2748",1.11175577491522,0.726013729348779,"Uganda 2012",1
"2749",0.909879879979417,0.973686611512676,"Uganda 2012",1
"2750",0.819605515897274,0.22185484552756,"Uganda 2012",1
"2751",1.24400429343805,0.795121347298846,"Uganda 2012",1
"2752",1.68186275707558,0.643233923707157,"Uganda 2012",1
"2753",1.05136349205859,0.421134249074385,"Uganda 2012",1
"2754",0.962057784851641,0.864731100387871,"Uganda 2012",1
"2755",1.32004084317014,0.843160751508549,"Uganda 2012",1
"2756",1.12355265300721,0.509895538212731,"Uganda 2012",1
"2757",1.37880338742398,0.768461976898834,"Uganda 2012",1
"2758",1.17478218930773,0.701794721418992,"Uganda 2012",1
"2759",1.00998220089823,0.160590013954788,"Uganda 2012",1
"2760",1.47495073797181,0.792780592804775,"Uganda 2012",1
"2761",0.745871691172943,0.949081165483221,"Uganda 2012",1
"2762",1.02315876712091,0.209336979780346,"Uganda 2012",1
"2763",0.804111102689058,0.966142517980188,"Uganda 2012",1
"2764",1.15553570310585,0.206102746073157,"Uganda 2012",1
"2765",0.571366438223049,0.47698463825509,"Uganda 2012",1
"2766",1.37926443819888,0.818195769330487,"Uganda 2012",1
"2767",1.14405422648415,0.212753693107516,"Uganda 2012",1
"2768",0.910655783629045,0.112594210775569,"Uganda 2012",1
"2769",0.821002415381372,0.104026695014909,"Uganda 2012",1
"2770",1.06181033896282,0.759917041752487,"Uganda 2012",1
"2771",0.91580640906468,0.877470735227689,"Uganda 2012",1
"2772",1.33267553425394,0.177520821569487,"Uganda 2012",1
"2773",0.774723365483806,0.842262065503746,"Uganda 2012",1
"2774",1.06249396330677,0.00829427572898567,"Uganda 2012",1
"2775",0.985159383201972,0.627087647328153,"Uganda 2012",1
"2776",1.07465662453324,0.591922758845612,"Uganda 2012",1
"2777",0.869600391015411,0.923152931733057,"Uganda 2012",1
"2778",0.894896636437625,0.0475099566392601,"Uganda 2012",1
"2779",0.934790261415765,0.118346962612122,"Uganda 2012",1
"2780",0.983607037039474,0.551128253806382,"Uganda 2012",1
"2781",1.64140432146378,0.726483817212284,"Uganda 2012",1
"2782",1.02645639143884,0.588702597189695,"Uganda 2012",1
"2783",1.65280970362946,0.820273103425279,"Uganda 2012",1
"2784",1.11744752763771,0.208495975006372,"Uganda 2012",1
"2785",1.48490276397206,0.522671205224469,"Uganda 2012",1
"2786",1.00353727564216,0.5758395944722,"Uganda 2012",1
"2787",1.12074095271528,0.275643188972026,"Uganda 2012",1
"2788",1.46570661691949,0.437180153559893,"Uganda 2012",1
"2789",1.10839061136357,0.504369861446321,"Uganda 2012",1
"2790",1.28534497008659,0.726259602233768,"Uganda 2012",1
"2791",0.980572269391269,0.38775450270623,"Uganda 2012",1
"2792",1.27747205160558,0.654933187644929,"Uganda 2012",1
"2793",1.41315520708449,0.298699712846428,"Uganda 2012",1
"2794",1.53563492437825,0.669678180245683,"Uganda 2012",1
"2795",0.885025279596448,0.365563187049702,"Uganda 2012",1
"2796",0.901147422892973,0.448636878514662,"Uganda 2012",1
"2797",1.15254225479439,0.789261998143047,"Uganda 2012",1
"2798",0.893991510616616,0.341498527908698,"Uganda 2012",1
"2799",1.79146123952232,0.22899305797182,"Uganda 2012",1
"2800",0.862062779674307,0.300554033601657,"Uganda 2012",1
"2801",0.959357026359066,0.739286279771477,"Uganda 2012",1
"2802",1.19066628054716,0.759626134997234,"Uganda 2012",1
"2803",1.19897251115181,0.346372962230816,"Uganda 2012",1
"2804",1.2015808576718,0.00589752779342234,"Uganda 2012",1
"2805",1.16664980612695,0.781418516533449,"Uganda 2012",1
"2806",1.03688557264395,0.606493011815473,"Uganda 2012",1
"2807",1.13187339757569,0.902336332481354,"Uganda 2012",1
"2808",1.16096396911889,0.367103362921625,"Uganda 2012",1
"2809",0.786937588034198,0.130483340704814,"Uganda 2012",1
"2810",0.7046130892355,0.0695843733847141,"Uganda 2012",1
"2811",1.92334202895872,0.0555898461025208,"Uganda 2012",1
"2812",1.18099094647914,0.938234258908778,"Uganda 2012",1
"2813",1.44188002827577,0.331766661489382,"Uganda 2012",1
"2814",0.916120010567829,0.38747055339627,"Uganda 2012",1
"2815",1.33463994739577,0.0482359291054308,"Uganda 2012",1
"2816",1.41382171586156,0.904612565180287,"Uganda 2012",1
"2817",1.37058422472328,0.43820291548036,"Uganda 2012",1
"2818",0.892858036886901,0.0830956818535924,"Uganda 2012",1
"2819",0.839289490412921,0.369570396840572,"Uganda 2012",1
"2820",0.709088224498555,0.630823040148243,"Uganda 2012",1
"2821",1.03068206887692,0.765130237909034,"Uganda 2012",1
"2822",1.11910378476605,0.0934311111923307,"Uganda 2012",1
"2823",1.82582503301092,0.386480327928439,"Uganda 2012",1
"2824",1.09515455453657,0.784873543074355,"Uganda 2012",1
"2825",1.17021695426665,0.143059340072796,"Uganda 2012",1
"2826",0.836292567150667,0.888872409006581,"Uganda 2012",1
"2827",0.898819026071578,0.815425123320892,"Uganda 2012",1
"2828",1.06259011402726,0.8286439885851,"Uganda 2012",1
"2829",0.986800184892491,0.542634194716811,"Uganda 2012",1
"2830",1.03371986788698,0.766964694485068,"Uganda 2012",1
"2831",1.19905650927685,0.989535591099411,"Uganda 2012",1
"2832",1.28207026692107,0.786373274168,"Uganda 2012",1
"2833",0.999755506264046,0.614346582675353,"Uganda 2012",1
"2834",1.12782036741264,0.666828471934423,"Uganda 2012",1
"2835",1.08500868016854,0.378773506032303,"Uganda 2012",1
"2836",0.945967141492292,0.971730869729072,"Uganda 2012",1
"2837",1.65040452238172,0.482265093829483,"Uganda 2012",1
"2838",1.06169127169997,0.868180736433715,"Uganda 2012",1
"2839",1.67055869093165,0.551490354118869,"Uganda 2012",1
"2840",1.58317581168376,0.665533304447308,"Uganda 2012",1
"2841",0.86333517357707,0.757753875106573,"Uganda 2012",1
"2842",1.3420270468574,0.221078114816919,"Uganda 2012",1
"2843",0.624001405155286,0.0630890936590731,"Uganda 2012",1
"2844",0.832731337286532,0.332062969682738,"Uganda 2012",1
"2845",0.968447665637359,0.541490201372653,"Uganda 2012",1
"2846",0.97951573273167,0.701903491048142,"Uganda 2012",1
"2847",1.65724414703436,0.154780760174617,"Uganda 2012",1
"2848",1.36376309096813,0.580541195580736,"Uganda 2012",1
"2849",0.974545365246013,0.409900995437056,"Uganda 2012",1
"2850",1.06736676017754,0.313411043025553,"Uganda 2012",1
"2851",1.1422852106858,0.971184736583382,"Uganda 2012",1
"2852",0.680369285214692,0.297521643107757,"Uganda 2012",1
"2853",1.19699017773382,0.00608816999010742,"Uganda 2012",1
"2854",0.768495745537803,0.151034044101834,"Uganda 2012",1
"2855",0.84466449553147,0.752463204786181,"Uganda 2012",1
"2856",0.995662140240893,0.903893871232867,"Uganda 2012",1
"2857",0.90314477942884,0.931523673003539,"Uganda 2012",1
"2858",0.739691770868376,0.366047489456832,"Uganda 2012",1
"2859",1.35674124294892,0.812653036322445,"Uganda 2012",1
"2860",0.874142843205482,0.537535305134952,"Uganda 2012",1
"2861",1.21925955712795,0.8571227255743,"Uganda 2012",1
"2862",1.11402520872653,0.359170755604282,"Uganda 2012",1
"2863",1.33411711635999,0.606054301839322,"Uganda 2012",1
"2864",0.990331457136199,0.697554317768663,"Uganda 2012",1
"2865",0.819081174302846,0.0457083466462791,"Uganda 2012",1
"2866",0.926852917019278,0.107347053941339,"Uganda 2012",1
"2867",0.92436200119555,0.408187405439094,"Uganda 2012",1
"2868",1.0369720893912,0.577093244763091,"Uganda 2012",1
"2869",1.40301574119367,0.849343304755166,"Uganda 2012",1
"2870",1.0826730967965,0.431508565554395,"Uganda 2012",1
"2871",1.63651923676953,0.505005820654333,"Uganda 2012",1
"2872",1.22631743215024,0.629802200011909,"Uganda 2012",1
"2873",1.17831680178642,0.90775929717347,"Uganda 2012",1
"2874",0.832557838689536,0.627703776350245,"Uganda 2012",1
"2875",1.55744630843401,0.96838393365033,"Uganda 2012",1
"2876",1.42685010135174,0.799069430446252,"Uganda 2012",1
"2877",0.99410428404808,0.628142077242956,"Uganda 2012",1
"2878",1.21217206665315,0.0634830056224018,"Uganda 2012",1
"2879",1.66227812753059,0.698065634816885,"Uganda 2012",1
"2880",0.834453099081293,0.806143038906157,"Uganda 2012",1
"2881",0.913475750759244,0.537527872016653,"Uganda 2012",1
"2882",0.648515392234549,0.481976508861408,"Uganda 2012",1
"2883",0.829455480072647,0.639334295643494,"Uganda 2012",1
"2884",0.936086403205991,0.538180354749784,"Uganda 2012",1
"2885",0.881695186719298,0.875140391057357,"Uganda 2012",1
"2886",1.18492719340138,0.166429836535826,"Uganda 2012",1
"2887",1.08681570990011,0.215823076432571,"Uganda 2012",1
"2888",1.00811287816614,0.446940628113225,"Uganda 2012",1
"2889",0.788055695453659,0.0666123244445771,"Uganda 2012",1
"2890",1.2387972604949,0.543328034691513,"Uganda 2012",1
"2891",0.839277936099097,0.804558178177103,"Uganda 2012",1
"2892",1.26776006100699,0.78070441680029,"Uganda 2012",1
"2893",1.32382992408238,0.688594848383218,"Uganda 2012",1
"2894",0.885978269996122,0.86963206762448,"Uganda 2012",1
"2895",1.58514656517655,0.920321042183787,"Uganda 2012",1
"2896",1.27004162590019,0.892945548752323,"Uganda 2012",1
"2897",1.37298894855194,0.521876820130274,"Uganda 2012",1
"2898",1.02004540790804,0.0461288723163307,"Uganda 2012",1
"2899",1.40648213829845,0.578025170369074,"Uganda 2012",1
"2900",1.68254883345217,0.421790961176157,"Uganda 2012",1
"2901",0.949194343248382,0.84112244984135,"Uganda 2012",1
"2902",1.88129759179428,0.203557863598689,"Uganda 2012",1
"2903",0.974311091890559,0.336427655769512,"Uganda 2012",1
"2904",1.13957284050994,0.116177464136854,"Uganda 2012",1
"2905",0.83928877892904,0.646207049489021,"Uganda 2012",1
"2906",1.36774325473234,0.470460460055619,"Uganda 2012",1
"2907",1.75550031736493,0.0318000530824065,"Uganda 2012",1
"2908",1.06358720720746,0.955299267778173,"Uganda 2012",1
"2909",0.841549228783697,0.733536068117246,"Uganda 2012",1
"2910",1.49000426935963,0.552874290850013,"Uganda 2012",1
"2911",0.991485599242151,0.538133142283186,"Uganda 2012",1
"2912",0.866102523682639,0.302297394257039,"Uganda 2012",1
"2913",1.25690628066659,0.86159471096471,"Uganda 2012",1
"2914",1.09182161060162,0.014753005001694,"Uganda 2012",1
"2915",1.46195238335058,0.23708648327738,"Uganda 2012",1
"2916",1.03529067165218,0.975886248750612,"Uganda 2012",1
"2917",0.722210103785619,0.868677721824497,"Uganda 2012",1
"2918",1.11572086587548,0.306786875938997,"Uganda 2012",1
"2919",1.0232024396304,0.275447064079344,"Uganda 2012",1
"2920",0.872118370886892,0.10782980103977,"Uganda 2012",1
"2921",1.36446061716415,0.971405839780346,"Uganda 2012",1
"2922",1.30602554809302,0.857264259131625,"Uganda 2012",1
"2923",1.083202914102,0.487750669708475,"Uganda 2012",1
"2924",0.926072445325553,0.601231929147616,"Uganda 2012",1
"2925",1.05593109410256,0.19922710256651,"Uganda 2012",1
"2926",1.42745628408156,0.410269921412691,"Uganda 2012",1
"2927",1.3113996793516,0.936482896795496,"Uganda 2012",1
"2928",1.22018789453432,0.340961954556406,"Uganda 2012",1
"2929",1.28463211753406,0.891178392106667,"Uganda 2012",1
"2930",0.998015192104504,0.495319373207167,"Uganda 2012",1
"2931",0.886394953681156,0.492927873041481,"Uganda 2012",1
"2932",1.34421928697266,0.265515215462074,"Uganda 2012",1
"2933",1.06109677390195,0.595217475201935,"Uganda 2012",1
"2934",1.91866158936173,0.637468372704461,"Uganda 2012",1
"2935",1.08406363236718,0.540521204238757,"Uganda 2012",1
"2936",0.950777700683102,0.891566928941756,"Uganda 2012",1
"2937",1.83074106085114,0.527813706081361,"Uganda 2012",1
"2938",0.939311646716669,0.40999668231234,"Uganda 2012",1
"2939",1.28351525943726,0.313989901216701,"Uganda 2012",1
"2940",0.902692077448592,0.769099273486063,"Uganda 2012",1
"2941",1.0527643003501,0.718732176814228,"Uganda 2012",1
"2942",0.969332968769595,0.476660871412605,"Uganda 2012",1
"2943",0.763467914843932,0.853740297490731,"Uganda 2012",1
"2944",0.789641220122576,0.127331027528271,"Uganda 2012",1
"2945",1.30216740355827,0.619747073855251,"Uganda 2012",1
"2946",1.12649218528531,0.253506400855258,"Uganda 2012",1
"2947",1.49123896537349,0.527946983929724,"Uganda 2012",1
"2948",0.90962030463852,0.0253025414422154,"Uganda 2012",1
"2949",0.946266407798976,0.796382571337745,"Uganda 2012",1
"2950",1.56078389571048,0.113550310954452,"Uganda 2012",1
"2951",0.777314698882401,0.583300139755011,"Uganda 2012",1
"2952",1.36205856921151,0.587662783684209,"Uganda 2012",1
"2953",1.03099539224058,0.558896563947201,"Uganda 2012",1
"2954",0.583547392114997,0.370966776274145,"Uganda 2012",1
"2955",0.976012531574816,0.0129192182794213,"Uganda 2012",1
"2956",1.21441331617534,0.91088521364145,"Uganda 2012",1
"2957",1.19503375329077,0.75976061122492,"Uganda 2012",1
"2958",1.10867892266251,0.0790851386263967,"Uganda 2012",1
"2959",0.866302280081436,0.0764861356001347,"Uganda 2012",1
"2960",1.60786580471322,0.71338872355409,"Uganda 2012",1
"2961",1.15461016553454,0.0836165891960263,"Uganda 2012",1
"2962",1.2892877576407,0.821067921351641,"Uganda 2012",1
"2963",1.22146624820307,0.977681314572692,"Uganda 2012",1
"2964",1.44927902780473,0.566590182017535,"Uganda 2012",1
"2965",0.671022430807352,0.643889110069722,"Uganda 2012",1
"2966",1.14782316763885,0.995089821284637,"Uganda 2012",1
"2967",0.711109295627102,0.527241366915405,"Uganda 2012",1
"2968",1.4954589412082,0.8670597106684,"Uganda 2012",1
"2969",1.4256580749061,0.673537732101977,"Uganda 2012",1
"2970",1.0111097455956,0.0187605132814497,"Uganda 2012",1
"2971",1.47212336352095,0.991455561947078,"Uganda 2012",1
"2972",1.00439570578747,0.551801825175062,"Uganda 2012",1
"2973",2.04866232285276,0.728068594122306,"Uganda 2012",1
"2974",0.658598038274795,0.723406184697524,"Uganda 2012",1
"2975",1.21442071991041,0.799032667651772,"Uganda 2012",1
"2976",1.67294608457014,0.736123964888975,"Uganda 2012",1
"2977",0.921506936755031,0.218607751419768,"Uganda 2012",1
"2978",1.64650566088967,0.565738030942157,"Uganda 2012",1
"2979",0.770995354885236,0.144488884136081,"Uganda 2012",1
"2980",1.22965968376957,0.38619093503803,"Uganda 2012",1
"2981",0.990951351169497,0.0477530669886619,"Uganda 2012",1
"2982",1.24108501975425,0.870810760417953,"Uganda 2012",1
"2983",1.59375788406469,0.899249966721982,"Uganda 2012",1
"2984",1.15180866881274,0.671684819972143,"Uganda 2012",1
"2985",1.27691390966065,0.521615164121613,"Uganda 2012",1
"2986",1.37171176173724,0.111207487527281,"Uganda 2012",1
"2987",1.54254440199584,0.980110641103238,"Uganda 2012",1
"2988",0.856625681323931,0.986234256299213,"Uganda 2012",1
"2989",1.24821731322445,0.945420773001388,"Uganda 2012",1
"2990",0.994823843706399,0.162712803576142,"Uganda 2012",1
"2991",0.818944337870926,0.535524901933968,"Uganda 2012",1
"2992",1.67095192740671,0.307667973684147,"Uganda 2012",1
"2993",1.18486129073426,0.867931768065318,"Uganda 2012",1
"2994",0.78545841970481,0.958602875005454,"Uganda 2012",1
"2995",0.847407322237268,0.447638966375962,"Uganda 2012",1
"2996",0.812608862295747,0.212612833362073,"Uganda 2012",1
"2997",0.788226863415912,0.425574169261381,"Uganda 2012",1
"2998",0.889446085458621,0.738624163437635,"Uganda 2012",1
"2999",1.12184301204979,0.29791662003845,"Uganda 2012",1
"3000",1.00289860335179,0.00197394681163132,"Uganda 2012",1
"3001",0.742555631278083,0.191975458525121,"Uganda 2012",1
"3002",1.90263288351707,0.268549769185483,"Uganda 2012",1
"3003",0.864483958296478,0.749171930830926,"Uganda 2012",1
"3004",2.00677972086705,0.498686953447759,"Uganda 2012",1
"3005",1.20921458182856,0.276648984989151,"Uganda 2012",1
"3006",1.02585455034859,0.238565860548988,"Uganda 2012",1
"3007",0.163698291638866,0.891057718778029,"Uganda 2007",2
"3008",2.39917501970194,0.840762235457078,"Uganda 2007",2
"3009",0.464405941776931,0.256202361313626,"Uganda 2007",2
"3010",0.944821906043217,0.426317778648809,"Uganda 2007",2
"3011",0.261091186897829,0.376497801626101,"Uganda 2007",2
"3012",0.438158160075545,0.920366845792159,"Uganda 2007",2
"3013",0.85320110921748,0.175755699863657,"Uganda 2007",2
"3014",0.476879556896165,0.490990627324209,"Uganda 2007",2
"3015",0.560914620989934,0.158480416284874,"Uganda 2007",2
"3016",0.289675447158515,0.631230163155124,"Uganda 2007",2
"3017",0.330177364870906,0.191837065620348,"Uganda 2007",2
"3018",1.18304884526879,0.602284680353478,"Uganda 2007",2
"3019",0.193644676124677,0.212243318324909,"Uganda 2007",2
"3020",0.0317377354949713,0.999433387303725,"Uganda 2007",2
"3021",1.90852022194304,0.859981918474659,"Uganda 2007",2
"3022",0.45243188040331,0.612842884613201,"Uganda 2007",2
"3023",1.19647103617899,0.840982333291322,"Uganda 2007",2
"3024",0.923929161624983,0.959864006843418,"Uganda 2007",2
"3025",0.490406094817445,0.548371238168329,"Uganda 2007",2
"3026",0.0251779519021511,0.442073503509164,"Uganda 2007",2
"3027",1.43572973040864,0.894210243597627,"Uganda 2007",2
"3028",0.751321527175605,0.931633783504367,"Uganda 2007",2
"3029",0.7571082750801,0.888503550551832,"Uganda 2007",2
"3030",0.915847593918443,0.881864004069939,"Uganda 2007",2
"3031",0.111240339232609,0.648284269496799,"Uganda 2007",2
"3032",1.71733979741111,0.933809062466025,"Uganda 2007",2
"3033",1.07389338640496,0.831621278077364,"Uganda 2007",2
"3034",0.715193660231307,0.500834148842841,"Uganda 2007",2
"3035",0.700511041330174,0.909541104221717,"Uganda 2007",2
"3036",0.222747095860541,0.264415901619941,"Uganda 2007",2
"3037",0.213043337920681,0.6263669913169,"Uganda 2007",2
"3038",0.633286074036732,0.225073918467388,"Uganda 2007",2
"3039",0.866962361382321,0.0871171627659351,"Uganda 2007",2
"3040",1.24442150839604,0.144266847521067,"Uganda 2007",2
"3041",0.923163216328248,0.0923920494969934,"Uganda 2007",2
"3042",0.397658773697913,0.24960184819065,"Uganda 2007",2
"3043",1.00100028351881,0.344952814746648,"Uganda 2007",2
"3044",0.369362986413762,0.619384558405727,"Uganda 2007",2
"3045",1.35308417282067,0.275342183187604,"Uganda 2007",2
"3046",0.793653367320076,0.832720289472491,"Uganda 2007",2
"3047",0.767221366753802,0.83327231160365,"Uganda 2007",2
"3048",0.160804726649076,0.841026129666716,"Uganda 2007",2
"3049",0.879588335752487,0.555437218863517,"Uganda 2007",2
"3050",0.838131752097979,0.38965826947242,"Uganda 2007",2
"3051",0.955506308935583,0.891966193215922,"Uganda 2007",2
"3052",0.157055173767731,0.837184575386345,"Uganda 2007",2
"3053",0.533162613864988,0.831604327308014,"Uganda 2007",2
"3054",0.651130730984733,0.32756223063916,"Uganda 2007",2
"3055",1.50540731870569,0.671221824130043,"Uganda 2007",2
"3056",0.950824645115063,0.436939824838191,"Uganda 2007",2
"3057",1.85151330451481,0.871494085527956,"Uganda 2007",2
"3058",1.07625441066921,0.939870714442804,"Uganda 2007",2
"3059",0.318285564193502,0.606979778036475,"Uganda 2007",2
"3060",2.10121454531327,0.944289163453504,"Uganda 2007",2
"3061",0.114471255568787,0.4113552311901,"Uganda 2007",2
"3062",0.0576540715992451,0.037682686233893,"Uganda 2007",2
"3063",0.0771028466988355,0.19348807958886,"Uganda 2007",2
"3064",0.636459780391306,0.25709145446308,"Uganda 2007",2
"3065",0.238903210032731,0.879645727574825,"Uganda 2007",2
"3066",0.412131401477382,0.351096990285441,"Uganda 2007",2
"3067",0.309259604662657,0.594866079976782,"Uganda 2007",2
"3068",0.573160896543413,0.859695659950376,"Uganda 2007",2
"3069",0.213262591743842,0.117721999064088,"Uganda 2007",2
"3070",0.0406460640951991,0.703490953426808,"Uganda 2007",2
"3071",2.39515877352096,0.736896906048059,"Uganda 2007",2
"3072",0.971103310352191,0.426959334407002,"Uganda 2007",2
"3073",0.353711492149159,0.122173356125131,"Uganda 2007",2
"3074",0.459640154382214,0.134228719398379,"Uganda 2007",2
"3075",0.7984558660537,0.770647469907999,"Uganda 2007",2
"3076",0.864190513500944,0.99824475357309,"Uganda 2007",2
"3077",0.711166727123782,0.494973975932226,"Uganda 2007",2
"3078",0.983021657215431,0.919566689990461,"Uganda 2007",2
"3079",1.2478782646358,0.957361885113642,"Uganda 2007",2
"3080",0.138627913082018,0.982407596195117,"Uganda 2007",2
"3081",1.38943377672695,0.883565958123654,"Uganda 2007",2
"3082",0.118693963391706,0.242355415364727,"Uganda 2007",2
"3083",0.517605561995879,0.0908184244763106,"Uganda 2007",2
"3084",1.22358759236522,0.668982956325635,"Uganda 2007",2
"3085",0.0382283334620297,0.403898233082145,"Uganda 2007",2
"3086",2.90389571757987,0.306720375549048,"Uganda 2007",2
"3087",0.962350635090843,0.375806557247415,"Uganda 2007",2
"3088",1.16000355966389,0.45758157572709,"Uganda 2007",2
"3089",0.117966207442805,0.349451547022909,"Uganda 2007",2
"3090",1.89477340620942,0.993024421622977,"Uganda 2007",2
"3091",1.09270212356932,0.121551799122244,"Uganda 2007",2
"3092",0.514149460941553,0.104957666946575,"Uganda 2007",2
"3093",1.00941542163491,0.630342418095097,"Uganda 2007",2
"3094",0.447624723426998,0.655751790618524,"Uganda 2007",2
"3095",0.486266575986519,0.316852203337476,"Uganda 2007",2
"3096",0.285654450533912,0.465178274316713,"Uganda 2007",2
"3097",0.596455728868023,0.718443711055443,"Uganda 2007",2
"3098",0.530811010161415,0.228974585188553,"Uganda 2007",2
"3099",2.29622338316403,0.598539820173755,"Uganda 2007",2
"3100",2.17425104230642,0.478465408785269,"Uganda 2007",2
"3101",0.890905980952084,0.390328676206991,"Uganda 2007",2
"3102",0.24039253173396,0.46500123408623,"Uganda 2007",2
"3103",1.05504559865221,0.62248527421616,"Uganda 2007",2
"3104",2.13715450745076,0.466030500130728,"Uganda 2007",2
"3105",1.98060247767717,0.86546628922224,"Uganda 2007",2
"3106",1.69452720810659,0.304417789913714,"Uganda 2007",2
"3107",2.83526308997534,0.351611447054893,"Uganda 2007",2
"3108",0.325308464700356,0.777590785641223,"Uganda 2007",2
"3109",2.6116043063812,0.571548841195181,"Uganda 2007",2
"3110",0.987262829672545,0.95462499675341,"Uganda 2007",2
"3111",1.02391440072097,0.0504552233032882,"Uganda 2007",2
"3112",0.428020774852484,0.271497536916286,"Uganda 2007",2
"3113",0.369400735013187,0.913250633515418,"Uganda 2007",2
"3114",0.401437564054504,0.857183264102787,"Uganda 2007",2
"3115",0.126494341995567,0.881730464287102,"Uganda 2007",2
"3116",0.29933984298259,0.718481715768576,"Uganda 2007",2
"3117",1.18903718981892,0.833170452620834,"Uganda 2007",2
"3118",0.729107025777921,0.0792323015630245,"Uganda 2007",2
"3119",0.903834336670116,0.0045258600730449,"Uganda 2007",2
"3120",0.408411380136386,0.249159473460168,"Uganda 2007",2
"3121",2.29581837868318,0.529520659940317,"Uganda 2007",2
"3122",0.116809539031237,0.871705021010712,"Uganda 2007",2
"3123",0.514856046298519,0.780669570667669,"Uganda 2007",2
"3124",1.46534066414461,0.762546252226457,"Uganda 2007",2
"3125",1.02753302967176,0.0774268261156976,"Uganda 2007",2
"3126",1.65146475168876,0.671712542651221,"Uganda 2007",2
"3127",1.07055786601268,0.440616332227364,"Uganda 2007",2
"3128",0.310979506233707,0.533160873921588,"Uganda 2007",2
"3129",2.02088089403696,0.796768291620538,"Uganda 2007",2
"3130",0.376215443015099,0.851743589155376,"Uganda 2007",2
"3131",1.54076435300522,0.774634975241497,"Uganda 2007",2
"3132",2.36152179795317,0.956550340633839,"Uganda 2007",2
"3133",0.362897766754031,0.328255370492116,"Uganda 2007",2
"3134",1.39214022899978,0.318190319696441,"Uganda 2007",2
"3135",0.0363826195243746,0.809904949739575,"Uganda 2007",2
"3136",0.792765805497766,0.455346859293059,"Uganda 2007",2
"3137",0.346391678089276,0.601357244420797,"Uganda 2007",2
"3138",0.0529563606251031,0.128532019676641,"Uganda 2007",2
"3139",0.659077785909176,0.178364423103631,"Uganda 2007",2
"3140",1.03764033224434,0.573809048626572,"Uganda 2007",2
"3141",1.36324935592711,0.698169238632545,"Uganda 2007",2
"3142",0.590887262485921,0.153335247887298,"Uganda 2007",2
"3143",0.400623925728723,0.151015654439107,"Uganda 2007",2
"3144",0.448257623473182,0.0549591355957091,"Uganda 2007",2
"3145",0.0636389076244086,0.634055679431185,"Uganda 2007",2
"3146",0.826722086872905,0.674847898771986,"Uganda 2007",2
"3147",0.115120897768065,0.374451769748703,"Uganda 2007",2
"3148",0.785702196182683,0.516748015303165,"Uganda 2007",2
"3149",1.25320903770626,0.489355654688552,"Uganda 2007",2
"3150",1.60297103505582,0.771181399235502,"Uganda 2007",2
"3151",1.41560713411309,0.312288028886542,"Uganda 2007",2
"3152",0.783809076296166,0.995290459366515,"Uganda 2007",2
"3153",0.501888697966933,0.679323730291799,"Uganda 2007",2
"3154",1.12104191025719,0.785219543846324,"Uganda 2007",2
"3155",1.52503978740424,0.59642562828958,"Uganda 2007",2
"3156",0.958667741389945,0.219629253493622,"Uganda 2007",2
"3157",0.343940534396097,0.897713169455528,"Uganda 2007",2
"3158",0.18912395182997,0.928908695233986,"Uganda 2007",2
"3159",0.115392376435921,0.590942308073863,"Uganda 2007",2
"3160",0.576991605106741,0.877058604732156,"Uganda 2007",2
"3161",0.696526860818267,0.501203799853101,"Uganda 2007",2
"3162",0.220901520224288,0.654069129610434,"Uganda 2007",2
"3163",0.223602061858401,0.576735117239878,"Uganda 2007",2
"3164",1.10269216541201,0.419588051037863,"Uganda 2007",2
"3165",1.16686183470301,0.350997041212395,"Uganda 2007",2
"3166",0.551742705982178,0.186941800639033,"Uganda 2007",2
"3167",0.108851404627785,0.0346111045219004,"Uganda 2007",2
"3168",0.0409053114708513,0.69686949136667,"Uganda 2007",2
"3169",0.688406290020794,0.309738999698311,"Uganda 2007",2
"3170",0.310149662196636,0.678250769386068,"Uganda 2007",2
"3171",0.503845296101645,0.722465332830325,"Uganda 2007",2
"3172",0.164348674938083,0.655080139636993,"Uganda 2007",2
"3173",0.204487317474559,0.516085412586108,"Uganda 2007",2
"3174",1.22852584021166,0.859072798397392,"Uganda 2007",2
"3175",0.462602367857471,0.553059412864968,"Uganda 2007",2
"3176",0.62627725652419,0.413211645092815,"Uganda 2007",2
"3177",1.00490313861519,0.323665945325047,"Uganda 2007",2
"3178",0.367343398276716,0.276318006683141,"Uganda 2007",2
"3179",0.358543669804931,0.974794348469004,"Uganda 2007",2
"3180",0.225816580234095,0.965595449786633,"Uganda 2007",2
"3181",0.360059433616698,0.757503950037062,"Uganda 2007",2
"3182",0.379395355470479,0.0469282260164618,"Uganda 2007",2
"3183",0.50307750958018,0.971161732217297,"Uganda 2007",2
"3184",0.00656180921941996,0.0896888659335673,"Uganda 2007",2
"3185",0.340616282774135,0.846670840401202,"Uganda 2007",2
"3186",0.331931139109656,0.564290126087144,"Uganda 2007",2
"3187",0.988936783047393,0.772859276272357,"Uganda 2007",2
"3188",0.0186701018828899,0.0637887304183096,"Uganda 2007",2
"3189",0.810936552006751,0.515040061203763,"Uganda 2007",2
"3190",0.481096991803497,0.326651697279885,"Uganda 2007",2
"3191",1.01508128223941,0.0422552248928696,"Uganda 2007",2
"3192",0.543718457221985,0.398191752377898,"Uganda 2007",2
"3193",0.283573393011466,0.417618945240974,"Uganda 2007",2
"3194",0.53218633797951,0.907011282164603,"Uganda 2007",2
"3195",0.441536718048155,0.765302306739613,"Uganda 2007",2
"3196",0.598729911725968,0.606613152427599,"Uganda 2007",2
"3197",0.431085017044097,0.189829726470634,"Uganda 2007",2
"3198",1.94739986420609,0.978366742841899,"Uganda 2007",2
"3199",0.905024324543774,0.620235621696338,"Uganda 2007",2
"3200",2.29075293056667,0.204457090003416,"Uganda 2007",2
"3201",0.0643611866980791,0.620809643995017,"Uganda 2007",2
"3202",1.1694083288312,0.323735107667744,"Uganda 2007",2
"3203",0.620511290151626,0.542095822980627,"Uganda 2007",2
"3204",2.71182511467487,0.728951584780589,"Uganda 2007",2
"3205",0.575390933314338,0.347438279306516,"Uganda 2007",2
"3206",0.408357997890562,0.100101008545607,"Uganda 2007",2
"3207",0.724805961130187,0.400313516613096,"Uganda 2007",2
"3208",0.75437506986782,0.810347732389346,"Uganda 2007",2
"3209",0.595120580401272,0.367711866972968,"Uganda 2007",2
"3210",0.470181161072105,0.120702623156831,"Uganda 2007",2
"3211",1.69328904314898,0.302689745789394,"Uganda 2007",2
"3212",0.600145223317668,0.135723766870797,"Uganda 2007",2
"3213",0.137443373445421,0.465912551153451,"Uganda 2007",2
"3214",0.873500989750028,0.891018473310396,"Uganda 2007",2
"3215",2.18179605645128,0.457368934992701,"Uganda 2007",2
"3216",0.2758629466407,0.437072278000414,"Uganda 2007",2
"3217",1.11676892219111,0.464018995640799,"Uganda 2007",2
"3218",0.175071931444108,0.159342166502029,"Uganda 2007",2
"3219",0.519564748741686,0.119783169124275,"Uganda 2007",2
"3220",0.274246749468148,0.221936373971403,"Uganda 2007",2
"3221",0.297156327869743,0.801777651300654,"Uganda 2007",2
"3222",0.658637244254351,0.281995485536754,"Uganda 2007",2
"3223",0.187028719810769,0.310121064539999,"Uganda 2007",2
"3224",0.160312954802066,0.554308268940076,"Uganda 2007",2
"3225",0.784300644183531,0.622789664193988,"Uganda 2007",2
"3226",0.422026359010488,0.713677919469774,"Uganda 2007",2
"3227",0.677389717893675,0.477878933073953,"Uganda 2007",2
"3228",1.07883586920798,0.126230647787452,"Uganda 2007",2
"3229",0.24457718920894,0.707900356734172,"Uganda 2007",2
"3230",0.437606695806608,0.183527363231406,"Uganda 2007",2
"3231",1.19989733048715,0.759540049126372,"Uganda 2007",2
"3232",1.70992385339923,0.963277413276955,"Uganda 2007",2
"3233",0.815917780855671,0.954874531365931,"Uganda 2007",2
"3234",0.734763408545405,0.912156150443479,"Uganda 2007",2
"3235",0.201866107759997,0.939045831328258,"Uganda 2007",2
"3236",0.658711982192472,0.166347716934979,"Uganda 2007",2
"3237",0.336262446362525,0.730002274736762,"Uganda 2007",2
"3238",0.595750435022637,0.620907315518707,"Uganda 2007",2
"3239",1.63314271811396,0.104782173875719,"Uganda 2007",2
"3240",1.13240734767169,0.357554622692987,"Uganda 2007",2
"3241",0.333220994565636,0.183661954244599,"Uganda 2007",2
"3242",0.156989124370739,0.281094447011128,"Uganda 2007",2
"3243",0.724692932562903,0.189152845647186,"Uganda 2007",2
"3244",1.90457888273522,0.947359379380941,"Uganda 2007",2
"3245",0.0168738509528339,0.798729490023106,"Uganda 2007",2
"3246",1.07296959171072,0.361864373553544,"Uganda 2007",2
"3247",0.42161797452718,0.0764917833730578,"Uganda 2007",2
"3248",1.72147758328356,0.963014055974782,"Uganda 2007",2
"3249",0.284533010562882,0.750386372441426,"Uganda 2007",2
"3250",1.31183392577805,0.48319516167976,"Uganda 2007",2
"3251",0.456190446624532,0.242858185432851,"Uganda 2007",2
"3252",0.258220285875723,0.0945042516104877,"Uganda 2007",2
"3253",0.267272463301197,0.618022616486996,"Uganda 2007",2
"3254",0.0678728653583676,0.455307893687859,"Uganda 2007",2
"3255",0.181687775300816,0.903958769747987,"Uganda 2007",2
"3256",0.26606148853898,0.900493478635326,"Uganda 2007",2
"3257",0.435598218580708,0.175510894041508,"Uganda 2007",2
"3258",0.267122491495684,0.363187526818365,"Uganda 2007",2
"3259",1.20767797180451,0.574806023389101,"Uganda 2007",2
"3260",0.405644043115899,0.678477307083085,"Uganda 2007",2
"3261",0.327844305429608,0.779815178830177,"Uganda 2007",2
"3262",0.130901195341721,0.686569857876748,"Uganda 2007",2
"3263",0.632661254145205,0.53617338091135,"Uganda 2007",2
"3264",0.383382910396904,0.710033778334036,"Uganda 2007",2
"3265",1.44130647322163,0.827346346341074,"Uganda 2007",2
"3266",1.22860011993907,0.750001611886546,"Uganda 2007",2
"3267",0.387961954576895,0.484116777312011,"Uganda 2007",2
"3268",0.467394839739427,0.626182069303468,"Uganda 2007",2
"3269",0.156668474664912,0.984397048130631,"Uganda 2007",2
"3270",0.398188076913357,0.493895790539682,"Uganda 2007",2
"3271",0.157518523978069,0.137565098702908,"Uganda 2007",2
"3272",0.938620497006923,0.751634418265894,"Uganda 2007",2
"3273",1.25255378172733,0.686983359511942,"Uganda 2007",2
"3274",0.475911171175539,0.485454464796931,"Uganda 2007",2
"3275",1.58743223757483,0.416498575592414,"Uganda 2007",2
"3276",1.23228400270455,0.958830963587388,"Uganda 2007",2
"3277",1.46805830206722,0.174527464434505,"Uganda 2007",2
"3278",0.825051342369989,0.274104167008772,"Uganda 2007",2
"3279",1.50106611452065,0.125155654270202,"Uganda 2007",2
"3280",1.48742047185078,0.0591384309809655,"Uganda 2007",2
"3281",1.0049561932683,0.391111244913191,"Uganda 2007",2
"3282",0.362364816013724,0.645619534654543,"Uganda 2007",2
"3283",0.69255462102592,0.15940067358315,"Uganda 2007",2
"3284",0.126884265337139,0.771311185322702,"Uganda 2007",2
"3285",0.0742655221838504,0.17477081110701,"Uganda 2007",2
"3286",1.58713929285295,0.500061434693635,"Uganda 2007",2
"3287",0.618501078570262,0.266499171499163,"Uganda 2007",2
"3288",0.509780440712348,0.767976386938244,"Uganda 2007",2
"3289",0.382165999151766,0.00990484678186476,"Uganda 2007",2
"3290",0.311441870173439,0.297921820543706,"Uganda 2007",2
"3291",0.170657809590921,0.323186065768823,"Uganda 2007",2
"3292",0.0248637730255723,0.713429315714166,"Uganda 2007",2
"3293",0.218508584657684,0.436679921811447,"Uganda 2007",2
"3294",0.344008619198576,0.94362831604667,"Uganda 2007",2
"3295",0.126711834222078,0.748154493514448,"Uganda 2007",2
"3296",0.818017548182979,0.65196225931868,"Uganda 2007",2
"3297",0.867784657515585,0.716851531295106,"Uganda 2007",2
"3298",0.420758258085698,0.554356564767659,"Uganda 2007",2
"3299",0.274662923533469,0.494707660982385,"Uganda 2007",2
"3300",0.394101391313598,0.799289318267256,"Uganda 2007",2
"3301",2.07664934196509,0.417404786683619,"Uganda 2007",2
"3302",0.195824927883223,0.382709381869063,"Uganda 2007",2
"3303",0.447658987250179,0.705257318215445,"Uganda 2007",2
"3304",0.117570381145924,0.428844726877287,"Uganda 2007",2
"3305",0.0702784624882042,0.313494010129943,"Uganda 2007",2
"3306",1.32817380130291,0.521626523463055,"Uganda 2007",2
"3307",1.62774114659987,0.588399261469021,"Uganda 2007",2
"3308",0.42195897968486,0.387006137520075,"Uganda 2007",2
"3309",0.503462170483544,0.455119636142626,"Uganda 2007",2
"3310",1.15758034028113,0.995872521772981,"Uganda 2007",2
"3311",0.469392381375656,0.332752193789929,"Uganda 2007",2
"3312",0.401304981904104,0.692730305483565,"Uganda 2007",2
"3313",1.60011885710992,0.558631404070184,"Uganda 2007",2
"3314",0.720158112002537,0.547996972454712,"Uganda 2007",2
"3315",0.75210524071008,0.512495971284807,"Uganda 2007",2
"3316",0.586842975346372,0.828810968901962,"Uganda 2007",2
"3317",1.05340460850857,0.0243145304266363,"Uganda 2007",2
"3318",0.757795323617756,0.98021587007679,"Uganda 2007",2
"3319",0.540086255874485,0.116531312698498,"Uganda 2007",2
"3320",0.576037072576582,0.50358057115227,"Uganda 2007",2
"3321",1.34780038520694,0.387942932778969,"Uganda 2007",2
"3322",0.915601893793792,0.196348275989294,"Uganda 2007",2
"3323",0.542827529367059,0.292431326815858,"Uganda 2007",2
"3324",0.697846944909543,0.19628729741089,"Uganda 2007",2
"3325",0.0824590218253434,0.753862735815346,"Uganda 2007",2
"3326",0.152859176276252,0.746141481678933,"Uganda 2007",2
"3327",1.44986653514206,0.16050506872125,"Uganda 2007",2
"3328",0.517649045912549,0.597358268219978,"Uganda 2007",2
"3329",1.09133007307537,0.927694163750857,"Uganda 2007",2
"3330",1.4309504837729,0.869165853131562,"Uganda 2007",2
"3331",0.138387022772804,0.109887798549607,"Uganda 2007",2
"3332",0.0381817831657827,0.609893473330885,"Uganda 2007",2
"3333",0.669360191328451,0.366023250855505,"Uganda 2007",2
"3334",0.970222173258662,0.680539040127769,"Uganda 2007",2
"3335",1.02009801752865,0.274840626399964,"Uganda 2007",2
"3336",0.071085382020101,0.780741585185751,"Uganda 2007",2
"3337",1.07037288229913,0.948704260867089,"Uganda 2007",2
"3338",0.361569562694058,0.58641391643323,"Uganda 2007",2
"3339",0.0334032957907766,0.619439972797409,"Uganda 2007",2
"3340",0.260356794577092,0.931189730530605,"Uganda 2007",2
"3341",0.532193736406043,0.780292398063466,"Uganda 2007",2
"3342",2.45644032186829,0.255996754625812,"Uganda 2007",2
"3343",1.59499787050299,0.812510467367247,"Uganda 2007",2
"3344",0.909863271284848,0.0570292915217578,"Uganda 2007",2
"3345",0.0147336102090776,0.399727181298658,"Uganda 2007",2
"3346",0.46999974315986,0.512488856445998,"Uganda 2007",2
"3347",0.0192665860522538,0.31824152264744,"Uganda 2007",2
"3348",0.0592132823076099,0.0381887583062053,"Uganda 2007",2
"3349",0.9187627423089,0.199310226598755,"Uganda 2007",2
"3350",0.423399362945929,0.981376841897145,"Uganda 2007",2
"3351",0.341342115774751,0.0465278434567153,"Uganda 2007",2
"3352",2.13819110230543,0.239213987486437,"Uganda 2007",2
"3353",1.28495034668595,0.834713636431843,"Uganda 2007",2
"3354",0.611927251797169,0.425594951258972,"Uganda 2007",2
"3355",0.100172033300623,0.824912145035341,"Uganda 2007",2
"3356",0.0713365157134831,0.787069687386975,"Uganda 2007",2
"3357",0.386848868569359,0.21283072582446,"Uganda 2007",2
"3358",0.684334134450182,0.259012538474053,"Uganda 2007",2
"3359",0.10202098893933,0.40714006498456,"Uganda 2007",2
"3360",1.00971756619401,0.86174892866984,"Uganda 2007",2
"3361",0.301942959660664,0.154740263009444,"Uganda 2007",2
"3362",0.117183452937752,0.655101099284366,"Uganda 2007",2
"3363",1.71191989327781,0.593209744663909,"Uganda 2007",2
"3364",0.334890093421564,0.434777568327263,"Uganda 2007",2
"3365",0.0409314490389079,0.962339466903359,"Uganda 2007",2
"3366",0.450550435809419,0.709833481349051,"Uganda 2007",2
"3367",0.921320352936164,0.578597207088023,"Uganda 2007",2
"3368",0.212149859173223,0.0951605776790529,"Uganda 2007",2
"3369",0.503838696051389,0.357903387630358,"Uganda 2007",2
"3370",0.897558762459084,0.917571620550007,"Uganda 2007",2
"3371",1.81663480494171,0.561183693585917,"Uganda 2007",2
"3372",0.073214606847614,0.902664680266753,"Uganda 2007",2
"3373",0.0462492511142045,0.392214919673279,"Uganda 2007",2
"3374",1.89086468308233,0.997552407672629,"Uganda 2007",2
"3375",0.0826775883324444,0.483495067805052,"Uganda 2007",2
"3376",1.08475475641899,0.82098540244624,"Uganda 2007",2
"3377",0.601185001200065,0.248466319637373,"Uganda 2007",2
"3378",0.272601740201935,0.431396807776764,"Uganda 2007",2
"3379",0.554616456152871,0.333581627346575,"Uganda 2007",2
"3380",0.0395361667033285,0.0146907856687903,"Uganda 2007",2
"3381",0.644045091932639,0.178493754705414,"Uganda 2007",2
"3382",0.260311243822798,0.0682564026210457,"Uganda 2007",2
"3383",0.139991916948929,0.560167919145897,"Uganda 2007",2
"3384",1.50463081640191,0.0245178535114974,"Uganda 2007",2
"3385",0.917171305278316,0.511603273451328,"Uganda 2007",2
"3386",0.396327387308702,0.115120729664341,"Uganda 2007",2
"3387",1.13503793324344,0.996884905733168,"Uganda 2007",2
"3388",0.583764539798722,0.739885090617463,"Uganda 2007",2
"3389",0.724771137814969,0.41219662502408,"Uganda 2007",2
"3390",1.20867837360129,0.993354708887637,"Uganda 2007",2
"3391",0.618168544722721,0.200730796437711,"Uganda 2007",2
"3392",0.0793491122312844,0.361963097937405,"Uganda 2007",2
"3393",0.403243857901543,0.370129933580756,"Uganda 2007",2
"3394",0.580578041961417,0.581171843688935,"Uganda 2007",2
"3395",0.0791538432240486,0.525639886502177,"Uganda 2007",2
"3396",0.391283452045172,0.556702206609771,"Uganda 2007",2
"3397",1.44530184636824,0.790607102448121,"Uganda 2007",2
"3398",0.152307329233736,0.390071023022756,"Uganda 2007",2
"3399",0.672996782697737,0.316203901311383,"Uganda 2007",2
"3400",0.903363032033667,0.480843369383365,"Uganda 2007",2
"3401",0.315116389654577,0.793552972376347,"Uganda 2007",2
"3402",0.545732724945992,0.658103960100561,"Uganda 2007",2
"3403",2.84545142669231,0.88818912464194,"Uganda 2007",2
"3404",0.635304135270417,0.199380651116371,"Uganda 2007",2
"3405",0.327207386959344,0.751453863922507,"Uganda 2007",2
"3406",0.649622418684885,0.472723225364462,"Uganda 2007",2
"3407",0.203475646208972,0.622335117543116,"Uganda 2007",2
"3408",0.836609524441883,0.214813373284414,"Uganda 2007",2
"3409",0.214516409905627,0.439380429685116,"Uganda 2007",2
"3410",0.534568080212921,0.585734030697495,"Uganda 2007",2
"3411",0.381361117819324,0.965167876565829,"Uganda 2007",2
"3412",0.343090709298849,0.924642597557977,"Uganda 2007",2
"3413",1.48340885038488,0.890260014683008,"Uganda 2007",2
"3414",0.259347187355161,0.169342951849103,"Uganda 2007",2
"3415",0.386529801646248,0.207109827082604,"Uganda 2007",2
"3416",0.354721351526678,0.990964588476345,"Uganda 2007",2
"3417",0.451087988214567,0.364398723235354,"Uganda 2007",2
"3418",0.521586370188743,0.265943959821016,"Uganda 2007",2
"3419",0.326074847951531,0.869344973238185,"Uganda 2007",2
"3420",0.544923984445632,0.00668704905547202,"Uganda 2007",2
"3421",0.231157439528033,0.449014792917296,"Uganda 2007",2
"3422",0.224807427730411,0.521338408812881,"Uganda 2007",2
"3423",2.21114919008687,0.31865767063573,"Uganda 2007",2
"3424",0.865816465811804,0.872443841537461,"Uganda 2007",2
"3425",0.393288773484528,0.806215400109068,"Uganda 2007",2
"3426",1.72061888524331,0.875382675556466,"Uganda 2007",2
"3427",0.0797964816447347,0.613255133386701,"Uganda 2007",2
"3428",0.63260500668548,0.675529965898022,"Uganda 2007",2
"3429",0.696320881834254,0.78891953243874,"Uganda 2007",2
"3430",0.857922575902194,0.973195259692147,"Uganda 2007",2
"3431",1.17207609512843,0.296101006446406,"Uganda 2007",2
"3432",0.249363496201113,0.648680196609348,"Uganda 2007",2
"3433",0.154998015146703,0.920862097060308,"Uganda 2007",2
"3434",0.50188331049867,0.279954898636788,"Uganda 2007",2
"3435",0.837629541289061,0.177105313399807,"Uganda 2007",2
"3436",1.38444538903423,0.463104596361518,"Uganda 2007",2
"3437",1.03426295332611,0.0664740342181176,"Uganda 2007",2
"3438",0.333170665428042,0.488416666630656,"Uganda 2007",2
"3439",0.635037075262517,0.89209036831744,"Uganda 2007",2
"3440",0.789213939104229,0.67905038036406,"Uganda 2007",2
"3441",2.38909200858325,0.452441141474992,"Uganda 2007",2
"3442",0.600480259163305,0.483492259401828,"Uganda 2007",2
"3443",0.553266857983544,0.257669632090256,"Uganda 2007",2
"3444",0.322140935109928,0.308673547813669,"Uganda 2007",2
"3445",0.3581820235122,0.655101151671261,"Uganda 2007",2
"3446",1.54548507439904,0.169453050941229,"Uganda 2007",2
"3447",1.28777452139184,0.814837249694392,"Uganda 2007",2
"3448",0.116146404063329,0.307296427199617,"Uganda 2007",2
"3449",0.632118282141164,0.878064592368901,"Uganda 2007",2
"3450",0.286365495063365,0.208242334192619,"Uganda 2007",2
"3451",1.33723535039462,0.500224638963118,"Uganda 2007",2
"3452",1.46996268513612,0.0441370024345815,"Uganda 2007",2
"3453",1.62946110125631,0.503797207958996,"Uganda 2007",2
"3454",0.428224802250043,0.0840846910141408,"Uganda 2007",2
"3455",0.619339124998078,0.684089482529089,"Uganda 2007",2
"3456",0.0997882909141481,0.867322768084705,"Uganda 2007",2
"3457",1.85607624566182,0.148428187472746,"Uganda 2007",2
"3458",1.70939101581462,0.989906510105357,"Uganda 2007",2
"3459",0.447571617783979,0.903042048448697,"Uganda 2007",2
"3460",0.0250584287568927,0.448141143890098,"Uganda 2007",2
"3461",0.937854571966454,0.914853014517576,"Uganda 2007",2
"3462",0.783643262693658,0.304893787950277,"Uganda 2007",2
"3463",0.757430812111124,0.151751977624372,"Uganda 2007",2
"3464",0.0971062656026334,0.627700314624235,"Uganda 2007",2
"3465",0.0104131679981947,0.451403989689425,"Uganda 2007",2
"3466",0.506287345429882,0.51792110549286,"Uganda 2007",2
"3467",0.191699093906209,0.215551424771547,"Uganda 2007",2
"3468",1.174977253424,0.709700345760211,"Uganda 2007",2
"3469",0.637991670286283,0.982523472281173,"Uganda 2007",2
"3470",0.413902809144929,0.575770646799356,"Uganda 2007",2
"3471",0.347375518642366,0.695974490372464,"Uganda 2007",2
"3472",0.869581781560555,0.624455662909895,"Uganda 2007",2
"3473",1.34616000275128,0.00122185563668609,"Uganda 2007",2
"3474",0.176687330240384,0.073450235882774,"Uganda 2007",2
"3475",0.41773061058484,0.125004678266123,"Uganda 2007",2
"3476",0.839764726348221,0.502514898777008,"Uganda 2007",2
"3477",2.77172920899466,0.898533423198387,"Uganda 2007",2
"3478",0.561662502586842,0.100235647056252,"Uganda 2007",2
"3479",0.350514138350263,0.0865614728536457,"Uganda 2007",2
"3480",1.72997453366406,0.665419252589345,"Uganda 2007",2
"3481",0.472863449715078,0.222398295998573,"Uganda 2007",2
"3482",1.03848884417675,0.895925495773554,"Uganda 2007",2
"3483",0.516581579111516,0.469130657613277,"Uganda 2007",2
"3484",0.312364293728024,0.294336995342746,"Uganda 2007",2
"3485",2.14779389183968,0.853536082897335,"Uganda 2007",2
"3486",0.0248969388194382,0.438266763929278,"Uganda 2007",2
"3487",0.232381795998663,0.171858308371156,"Uganda 2007",2
"3488",1.57024225546047,0.654522662051022,"Uganda 2007",2
"3489",0.818050247384235,0.819628957891837,"Uganda 2007",2
"3490",0.230721512110904,0.583588634850457,"Uganda 2007",2
"3491",0.899180161301047,0.657782281050459,"Uganda 2007",2
"3492",0.976724109146744,0.152913253521547,"Uganda 2007",2
"3493",0.257108074380085,0.0167849366553128,"Uganda 2007",2
"3494",0.469261231832206,0.0710808273870498,"Uganda 2007",2
"3495",1.21677719824947,0.146598539315164,"Uganda 2007",2
"3496",0.952834075083956,0.245795792900026,"Uganda 2007",2
"3497",1.3513447009027,0.366069002775475,"Uganda 2007",2
"3498",0.405168852768838,0.453902646200731,"Uganda 2007",2
"3499",1.19830780243501,0.617438714951277,"Uganda 2007",2
"3500",0.578986650332808,0.603857654379681,"Uganda 2007",2
"3501",0.546871811617166,0.762292017927393,"Uganda 2007",2
"3502",1.29277842189185,0.94621374621056,"Uganda 2007",2
"3503",2.69404290849343,0.77895958838053,"Uganda 2007",2
"3504",0.655686823418364,0.266006926773116,"Uganda 2007",2
"3505",1.71499037649482,0.706809063209221,"Uganda 2007",2
"3506",0.428433075081557,0.452822616090998,"Uganda 2007",2
"3507",0.678164997836575,0.632218420039862,"Uganda 2007",2
"3508",1.06842861324549,0.396100194659084,"Uganda 2017",1
"3509",2.9790120490361,0.736751653254032,"Uganda 2017",1
"3510",0.058366441866383,0.264516049530357,"Uganda 2017",1
"3511",0.358226856216788,0.849657686660066,"Uganda 2017",1
"3512",0.0130101819522679,0.946976845618337,"Uganda 2017",1
"3513",1.55655441968702,0.0659897872246802,"Uganda 2017",1
"3514",0.0413176033180207,0.395305920392275,"Uganda 2017",1
"3515",0.665416426956654,0.144520761677995,"Uganda 2017",1
"3516",1.30022660060786,0.319797838106751,"Uganda 2017",1
"3517",0.519222813891247,0.358688796404749,"Uganda 2017",1
"3518",0.514812382869422,0.973368812119588,"Uganda 2017",1
"3519",1.1772182083223,0.425778972683474,"Uganda 2017",1
"3520",0.151593582239002,0.399074710672721,"Uganda 2017",1
"3521",1.32084705121815,0.202712402446195,"Uganda 2017",1
"3522",0.414280872792006,0.946137441089377,"Uganda 2017",1
"3523",0.173502589808777,0.390840027946979,"Uganda 2017",1
"3524",0.224913034122437,0.730130512733012,"Uganda 2017",1
"3525",1.8692191732116,0.203836677363142,"Uganda 2017",1
"3526",0.956522380700335,0.751368737779558,"Uganda 2017",1
"3527",2.49168465589173,0.338095596060157,"Uganda 2017",1
"3528",0.429682377493009,0.287241458892822,"Uganda 2017",1
"3529",0.245594315696508,0.108356486540288,"Uganda 2017",1
"3530",2.15813554474153,0.46624255203642,"Uganda 2017",1
"3531",1.33798595541157,0.0975945282261819,"Uganda 2017",1
"3532",0.316877511329949,0.0867060711607337,"Uganda 2017",1
"3533",1.63225083402358,0.819059188710526,"Uganda 2017",1
"3534",0.308431902201846,0.0643705998081714,"Uganda 2017",1
"3535",0.655703432159498,0.135771370260045,"Uganda 2017",1
"3536",2.64396187732928,0.577912907814607,"Uganda 2017",1
"3537",0.291049602208659,0.636721207061782,"Uganda 2017",1
"3538",0.242208465468138,0.0270809771027416,"Uganda 2017",1
"3539",0.366015352774411,0.276663300581276,"Uganda 2017",1
"3540",0.696693877223879,0.956915849121287,"Uganda 2017",1
"3541",0.610627632820979,0.0624881514813751,"Uganda 2017",1
"3542",1.14522093278356,0.61867419234477,"Uganda 2017",1
"3543",2.55345885129645,0.913167655933648,"Uganda 2017",1
"3544",0.256048936396837,0.0463858933653682,"Uganda 2017",1
"3545",0.0322944028303027,0.417387296678498,"Uganda 2017",1
"3546",2.09803866734728,0.176873639924452,"Uganda 2017",1
"3547",1.6884782994166,0.78080333955586,"Uganda 2017",1
"3548",0.0816977319773287,0.833719767862931,"Uganda 2017",1
"3549",0.418920207303017,0.260501211509109,"Uganda 2017",1
"3550",0.0909410021267831,0.0348856567870826,"Uganda 2017",1
"3551",0.360850092256442,0.937787140253931,"Uganda 2017",1
"3552",2.27747742435895,0.370890263468027,"Uganda 2017",1
"3553",0.507260305574164,0.416275640483946,"Uganda 2017",1
"3554",1.98527229367755,0.143977804342285,"Uganda 2017",1
"3555",0.3539872050751,0.943957006558776,"Uganda 2017",1
"3556",0.589652891037986,0.296325547387823,"Uganda 2017",1
"3557",0.345466836355627,0.737877030158415,"Uganda 2017",1
"3558",1.55942762782797,0.0731012094765902,"Uganda 2017",1
"3559",1.64762954344042,0.0145229848567396,"Uganda 2017",1
"3560",0.0693173899780959,0.862674852600321,"Uganda 2017",1
"3561",0.294605866307393,0.218447523890063,"Uganda 2017",1
"3562",0.631405488587916,0.299325107829645,"Uganda 2017",1
"3563",0.427156838122755,0.367469638353214,"Uganda 2017",1
"3564",1.0624175160192,0.974266609875485,"Uganda 2017",1
"3565",0.828926843125373,0.880058744456619,"Uganda 2017",1
"3566",1.55996580957435,0.363471626071259,"Uganda 2017",1
"3567",1.8741530100815,0.587017146870494,"Uganda 2017",1
"3568",0.019860053434968,0.708410458173603,"Uganda 2017",1
"3569",0.563369954936206,0.177743543637916,"Uganda 2017",1
"3570",1.37550748488866,0.520649158628657,"Uganda 2017",1
"3571",0.773867114447057,0.739709057379514,"Uganda 2017",1
"3572",0.544781155418605,0.0745776786934584,"Uganda 2017",1
"3573",0.0129924318753183,0.028762518428266,"Uganda 2017",1
"3574",0.686507059726864,0.939531680662185,"Uganda 2017",1
"3575",0.34436635253951,0.936273396015167,"Uganda 2017",1
"3576",0.978849038248882,0.826525252079591,"Uganda 2017",1
"3577",0.748754104832187,0.233181683346629,"Uganda 2017",1
"3578",0.861959170550108,0.440346282208338,"Uganda 2017",1
"3579",1.010664236499,0.545365228783339,"Uganda 2017",1
"3580",0.893625519471243,0.64035141444765,"Uganda 2017",1
"3581",0.235034529352561,0.829616143601015,"Uganda 2017",1
"3582",0.951829490019009,0.267949998611584,"Uganda 2017",1
"3583",1.1044521164149,0.980666967807338,"Uganda 2017",1
"3584",1.17255319096148,0.169576954329386,"Uganda 2017",1
"3585",0.343979004537687,0.954052042681724,"Uganda 2017",1
"3586",1.45862746797502,0.980205048108473,"Uganda 2017",1
"3587",2.62087134341709,0.46024473500438,"Uganda 2017",1
"3588",0.0824523170012981,0.93531976826489,"Uganda 2017",1
"3589",0.315836486639455,0.424443286377937,"Uganda 2017",1
"3590",0.556918255984783,0.650559231638908,"Uganda 2017",1
"3591",1.3419033663813,0.789513239404187,"Uganda 2017",1
"3592",0.36250767367892,0.202303535537794,"Uganda 2017",1
"3593",1.30678551807068,0.324311908101663,"Uganda 2017",1
"3594",0.929742848966271,0.323363623348996,"Uganda 2017",1
"3595",0.51376357418485,0.06134771136567,"Uganda 2017",1
"3596",0.690898993285373,0.932324041146785,"Uganda 2017",1
"3597",0.00716360891237855,0.952018980169669,"Uganda 2017",1
"3598",1.09608165523969,0.402903360547498,"Uganda 2017",1
"3599",0.798981754342094,0.385819559916854,"Uganda 2017",1
"3600",1.30359617178328,0.224861583905295,"Uganda 2017",1
"3601",0.754149067914113,0.954094658838585,"Uganda 2017",1
"3602",0.0160914491862059,0.243580604204908,"Uganda 2017",1
"3603",0.525146845495328,0.731784173985943,"Uganda 2017",1
"3604",0.565930701093748,0.520137064158916,"Uganda 2017",1
"3605",1.19936537509784,0.599574510706589,"Uganda 2017",1
"3606",0.483264519833028,0.0437090313062072,"Uganda 2017",1
"3607",0.955012071412057,0.867098779184744,"Uganda 2017",1
"3608",1.74466481222771,0.192240283358842,"Uganda 2017",1
"3609",0.0140615436248481,0.319547027582303,"Uganda 2017",1
"3610",0.149924827739596,0.739204087061808,"Uganda 2017",1
"3611",1.16549815563485,0.711971174227074,"Uganda 2017",1
"3612",0.0502541202586144,0.321176976896822,"Uganda 2017",1
"3613",2.64914033235982,0.46388302790001,"Uganda 2017",1
"3614",0.891368598444387,0.2240678393282,"Uganda 2017",1
"3615",0.12117668101564,0.792101353872567,"Uganda 2017",1
"3616",0.494542252505198,0.901867114705965,"Uganda 2017",1
"3617",2.11290877196006,0.638945592101663,"Uganda 2017",1
"3618",0.501709690550342,0.187645673984662,"Uganda 2017",1
"3619",0.863680756883696,0.892184535507113,"Uganda 2017",1
"3620",1.13694259221666,0.354007216868922,"Uganda 2017",1
"3621",0.742991421371698,0.227388246450573,"Uganda 2017",1
"3622",0.621929130284116,0.811011014506221,"Uganda 2017",1
"3623",0.7379808453843,0.956790565978736,"Uganda 2017",1
"3624",0.834602968068793,0.458004645071924,"Uganda 2017",1
"3625",0.555854843230918,0.236281333025545,"Uganda 2017",1
"3626",1.12477754149586,0.287941379705444,"Uganda 2017",1
"3627",0.654504615347832,0.563130434369668,"Uganda 2017",1
"3628",1.30588831985369,0.985705605940893,"Uganda 2017",1
"3629",0.514688441064209,0.132592247566208,"Uganda 2017",1
"3630",0.136208259500563,0.0222754862625152,"Uganda 2017",1
"3631",0.607509803725407,0.555165043100715,"Uganda 2017",1
"3632",0.271491966443136,0.874722063308582,"Uganda 2017",1
"3633",0.225160432280973,0.583648875588551,"Uganda 2017",1
"3634",2.75421621208079,0.69366468093358,"Uganda 2017",1
"3635",1.35107953380793,0.410123662790284,"Uganda 2017",1
"3636",1.18698695744388,0.483728104270995,"Uganda 2017",1
"3637",0.143280918477103,0.885353019693866,"Uganda 2017",1
"3638",0.550953153753653,0.305918934987858,"Uganda 2017",1
"3639",2.16334357461892,0.857145408168435,"Uganda 2017",1
"3640",2.19462834717706,0.20003591873683,"Uganda 2017",1
"3641",1.00698969187215,0.463791752466932,"Uganda 2017",1
"3642",0.370297688758001,0.0129789267666638,"Uganda 2017",1
"3643",0.000171106075868011,0.327232703566551,"Uganda 2017",1
"3644",1.29339081211947,0.980269920546561,"Uganda 2017",1
"3645",0.601873345440254,0.401161794317886,"Uganda 2017",1
"3646",0.816363675054163,0.970779856666923,"Uganda 2017",1
"3647",0.150820890907198,0.304544831626117,"Uganda 2017",1
"3648",0.615540210390463,0.572569959564134,"Uganda 2017",1
"3649",0.730278259143233,0.161058268742636,"Uganda 2017",1
"3650",1.1312927424442,0.793866347987205,"Uganda 2017",1
"3651",0.166709144599736,0.778183544054627,"Uganda 2017",1
"3652",0.694947888376191,0.0894400021061301,"Uganda 2017",1
"3653",1.14092056103982,0.270935933571309,"Uganda 2017",1
"3654",2.53434049920179,0.995634227991104,"Uganda 2017",1
"3655",0.547274817712605,0.353284955956042,"Uganda 2017",1
"3656",1.82166530750692,0.468495409470052,"Uganda 2017",1
"3657",1.51183489453979,0.763698405120522,"Uganda 2017",1
"3658",2.04025217075832,0.706306177657098,"Uganda 2017",1
"3659",1.75810700585134,0.810842561069876,"Uganda 2017",1
"3660",1.79109354154207,0.503208072157577,"Uganda 2017",1
"3661",0.458281359169632,0.65207339450717,"Uganda 2017",1
"3662",0.094331540632993,0.243605365743861,"Uganda 2017",1
"3663",0.361273673828691,0.62035109824501,"Uganda 2017",1
"3664",0.460032959701493,0.878473191754892,"Uganda 2017",1
"3665",0.956275335280225,0.43286602338776,"Uganda 2017",1
"3666",0.29190961830318,0.790456358576193,"Uganda 2017",1
"3667",0.0275318752974272,0.0181133993901312,"Uganda 2017",1
"3668",0.425511671695858,0.784679177915677,"Uganda 2017",1
"3669",0.0487089694943279,0.945360700134188,"Uganda 2017",1
"3670",0.948021607473493,0.904952503275126,"Uganda 2017",1
"3671",0.0505026660393924,0.977415515808389,"Uganda 2017",1
"3672",0.547555789584294,0.845053595257923,"Uganda 2017",1
"3673",0.40857977536507,0.533127438742667,"Uganda 2017",1
"3674",0.519725499674678,0.0680367085151374,"Uganda 2017",1
"3675",0.212718185037374,0.447974040638655,"Uganda 2017",1
"3676",1.00598165765405,0.632537070894614,"Uganda 2017",1
"3677",1.03461988060735,0.754432776710019,"Uganda 2017",1
"3678",1.03917228849605,0.435435246676207,"Uganda 2017",1
"3679",1.77504985034466,0.46347053302452,"Uganda 2017",1
"3680",1.19145584735088,0.3264312625397,"Uganda 2017",1
"3681",1.33229695586488,0.907296399818733,"Uganda 2017",1
"3682",1.10936494823545,0.55722375260666,"Uganda 2017",1
"3683",0.677224778104573,0.586260696174577,"Uganda 2017",1
"3684",0.669759407406673,0.354226522147655,"Uganda 2017",1
"3685",0.852629004511982,0.248971751891077,"Uganda 2017",1
"3686",1.54588571819477,0.84360693115741,"Uganda 2017",1
"3687",1.27548027550802,0.140110455220565,"Uganda 2017",1
"3688",0.410250192973763,0.192937639309093,"Uganda 2017",1
"3689",1.08601594436914,0.703005030751228,"Uganda 2017",1
"3690",0.989155960036442,0.081482358276844,"Uganda 2017",1
"3691",0.556650789454579,0.0802088077180088,"Uganda 2017",1
"3692",0.0922457438427955,0.615355556597933,"Uganda 2017",1
"3693",2.99490491067991,0.902569603174925,"Uganda 2017",1
"3694",1.41960372403264,0.557363786268979,"Uganda 2017",1
"3695",0.145683695096523,0.759939434239641,"Uganda 2017",1
"3696",0.498133982531726,0.427206061081961,"Uganda 2017",1
"3697",0.104243929032236,0.830020998138934,"Uganda 2017",1
"3698",1.01627169828862,0.971731791971251,"Uganda 2017",1
"3699",0.575044876663014,0.691405385034159,"Uganda 2017",1
"3700",1.09762154496275,0.944933542748913,"Uganda 2017",1
"3701",0.272024739766493,0.871613626601174,"Uganda 2017",1
"3702",0.861127701122314,0.184669613838196,"Uganda 2017",1
"3703",1.89246367709711,0.620346322888508,"Uganda 2017",1
"3704",0.737337551778182,0.324449397623539,"Uganda 2017",1
"3705",0.34668385097757,0.39619073853828,"Uganda 2017",1
"3706",1.48746126936749,0.617992296814919,"Uganda 2017",1
"3707",1.3551710753236,0.859586282633245,"Uganda 2017",1
"3708",1.00822791969404,0.203649072209373,"Uganda 2017",1
"3709",1.57639452908188,0.0570908677764237,"Uganda 2017",1
"3710",0.350548244314268,0.546532489359379,"Uganda 2017",1
"3711",0.208122750045732,0.277530907653272,"Uganda 2017",1
"3712",1.70156084024347,0.309839511988685,"Uganda 2017",1
"3713",2.97415879089385,0.528522299136966,"Uganda 2017",1
"3714",0.282933262176812,0.0555057604797184,"Uganda 2017",1
"3715",0.186679604463279,0.272137555526569,"Uganda 2017",1
"3716",0.307107110274956,0.30732928821817,"Uganda 2017",1
"3717",0.131853781174868,0.713646061252803,"Uganda 2017",1
"3718",0.516134848119691,0.90531998872757,"Uganda 2017",1
"3719",0.250942484010011,0.00532045564614236,"Uganda 2017",1
"3720",0.883434591349214,0.0362368316855282,"Uganda 2017",1
"3721",1.25597107107751,0.885941271204501,"Uganda 2017",1
"3722",1.04083216236904,0.168360939482227,"Uganda 2017",1
"3723",0.935760662890971,0.0848077747505158,"Uganda 2017",1
"3724",1.54297653282993,0.805248491698876,"Uganda 2017",1
"3725",0.0648007357958704,0.0656397663988173,"Uganda 2017",1
"3726",1.10704372473992,0.434262920171022,"Uganda 2017",1
"3727",0.137169491965324,0.155133560998365,"Uganda 2017",1
"3728",1.29435592261143,0.609157159226015,"Uganda 2017",1
"3729",0.951725472696126,0.868832455016673,"Uganda 2017",1
"3730",0.664538898970932,0.0892656135838479,"Uganda 2017",1
"3731",0.888327521039173,0.212269560666755,"Uganda 2017",1
"3732",1.38116015028208,0.141318855574355,"Uganda 2017",1
"3733",1.26650818297639,0.203940129373223,"Uganda 2017",1
"3734",1.0425273666624,0.468114293878898,"Uganda 2017",1
"3735",0.100362071301788,0.779368787072599,"Uganda 2017",1
"3736",1.13088424201123,0.0662604733370245,"Uganda 2017",1
"3737",0.970778432674706,0.202001117635518,"Uganda 2017",1
"3738",1.19809195934795,0.522271085530519,"Uganda 2017",1
"3739",0.763228017836809,0.368147158296779,"Uganda 2017",1
"3740",0.509500038810074,0.77560526272282,"Uganda 2017",1
"3741",1.86238435003906,0.0663839946500957,"Uganda 2017",1
"3742",0.0733743023592979,0.992432229919359,"Uganda 2017",1
"3743",1.40999303245917,0.814483472844586,"Uganda 2017",1
"3744",0.456986943958327,0.780647514387965,"Uganda 2017",1
"3745",0.77188016125001,0.69139408855699,"Uganda 2017",1
"3746",0.810469612944871,0.886257762322202,"Uganda 2017",1
"3747",0.71622877009213,0.878547387896106,"Uganda 2017",1
"3748",0.562624951824546,0.145699419314042,"Uganda 2017",1
"3749",0.00858710333704948,0.884171185549349,"Uganda 2017",1
"3750",0.626263575162739,0.229908011155203,"Uganda 2017",1
"3751",0.496556062018499,0.299273420358077,"Uganda 2017",1
"3752",1.27475672168657,0.792184045538306,"Uganda 2017",1
"3753",1.16744410106912,0.651211452903226,"Uganda 2017",1
"3754",2.428360307822,0.305920355720446,"Uganda 2017",1
"3755",1.50250605703332,0.898734129965305,"Uganda 2017",1
"3756",0.302267682971433,0.377484236378223,"Uganda 2017",1
"3757",1.18152629001997,0.623463443480432,"Uganda 2017",1
"3758",0.39435130963102,0.792796091176569,"Uganda 2017",1
"3759",1.03939882200211,0.714600382139906,"Uganda 2017",1
"3760",0.34276830079034,0.169872409431264,"Uganda 2017",1
"3761",1.46769004594535,0.109668670222163,"Uganda 2017",1
"3762",0.38261224119924,0.64545426145196,"Uganda 2017",1
"3763",0.519942041952163,0.34796529263258,"Uganda 2017",1
"3764",0.778048905311152,0.776149607961997,"Uganda 2017",1
"3765",0.366689201910049,0.822071250528097,"Uganda 2017",1
"3766",0.555304162669927,0.402284217998385,"Uganda 2017",1
"3767",1.72455318574794,0.35339485690929,"Uganda 2017",1
"3768",0.0911181892734021,0.650509632192552,"Uganda 2017",1
"3769",0.623551019467413,0.035719447536394,"Uganda 2017",1
"3770",0.501704342197627,0.599229489453137,"Uganda 2017",1
"3771",0.448616115376353,0.628890190506354,"Uganda 2017",1
"3772",0.900793927721679,0.269532680977136,"Uganda 2017",1
"3773",0.328415237367153,0.777625656919554,"Uganda 2017",1
"3774",0.675031952792779,0.248131432803348,"Uganda 2017",1
"3775",0.771936455508694,0.806969487806782,"Uganda 2017",1
"3776",0.806371136102825,0.9177468449343,"Uganda 2017",1
"3777",2.55209741089493,0.603280949871987,"Uganda 2017",1
"3778",0.171156771713868,0.748999143019319,"Uganda 2017",1
"3779",0.848311476409435,0.238648770609871,"Uganda 2017",1
"3780",1.775682823034,0.0730984953697771,"Uganda 2017",1
"3781",1.20162436785176,0.518451079260558,"Uganda 2017",1
"3782",0.440366210415959,0.333850186085328,"Uganda 2017",1
"3783",0.913986213505268,0.924713222775608,"Uganda 2017",1
"3784",0.0103546993341297,0.31332369777374,"Uganda 2017",1
"3785",0.449196953326464,0.281447132350877,"Uganda 2017",1
"3786",0.460488887038082,0.601833217311651,"Uganda 2017",1
"3787",0.723709563491866,0.0809419234283268,"Uganda 2017",1
"3788",0.22332563647069,0.109194688964635,"Uganda 2017",1
"3789",0.83081962983124,0.579977169865742,"Uganda 2017",1
"3790",0.324517449131235,0.736132608260959,"Uganda 2017",1
"3791",1.12087194691412,0.572111098794267,"Uganda 2017",1
"3792",0.548032903578132,0.882573215058073,"Uganda 2017",1
"3793",0.453288717661053,0.453485418809578,"Uganda 2017",1
"3794",0.0203449088148773,0.44035472185351,"Uganda 2017",1
"3795",0.649041170720011,0.173490112647414,"Uganda 2017",1
"3796",1.05600718664937,0.252363938838243,"Uganda 2017",1
"3797",1.02866282430477,0.90857615461573,"Uganda 2017",1
"3798",2.65011789067648,0.789610954700038,"Uganda 2017",1
"3799",0.642210013233125,0.44462880352512,"Uganda 2017",1
"3800",1.31252445071004,0.193418351234868,"Uganda 2017",1
"3801",1.0612143385224,0.686808813596144,"Uganda 2017",1
"3802",2.43292697332799,0.832071300595999,"Uganda 2017",1
"3803",0.742675916058943,0.518893198342994,"Uganda 2017",1
"3804",0.898175655165687,0.222680641105399,"Uganda 2017",1
"3805",1.08357871533372,0.0407590002287179,"Uganda 2017",1
"3806",0.462451323866844,0.177200067555532,"Uganda 2017",1
"3807",0.547310085967183,0.1512869335711,"Uganda 2017",1
"3808",2.11029127892107,0.0531767120119184,"Uganda 2017",1
"3809",0.288191433995962,0.632865793770179,"Uganda 2017",1
"3810",0.282446959521621,0.292897572042421,"Uganda 2017",1
"3811",0.0976766059175134,0.977816660655662,"Uganda 2017",1
"3812",0.389110287185758,0.991919829742983,"Uganda 2017",1
"3813",0.803626670502126,0.0970788523554802,"Uganda 2017",1
"3814",0.181340804323554,0.27781048999168,"Uganda 2017",1
"3815",0.567407918628305,0.277671264950186,"Uganda 2017",1
"3816",1.14004593878053,0.470737977186218,"Uganda 2017",1
"3817",1.53212601598352,0.541325428290293,"Uganda 2017",1
"3818",0.649722972884774,0.30130999814719,"Uganda 2017",1
"3819",0.592523498693481,0.747212819522247,"Uganda 2017",1
"3820",0.624796869233251,0.601342110196128,"Uganda 2017",1
"3821",0.630156599683687,0.0235594476107508,"Uganda 2017",1
"3822",0.13635540381074,0.6571532827802,"Uganda 2017",1
"3823",0.764156804652885,0.677431826945394,"Uganda 2017",1
"3824",0.183648611186072,0.846295354422182,"Uganda 2017",1
"3825",1.16596608166583,0.239396183053032,"Uganda 2017",1
"3826",0.289237639401108,0.31172125088051,"Uganda 2017",1
"3827",0.192589181475341,0.8164408064913,"Uganda 2017",1
"3828",0.189960367279127,0.272228121990338,"Uganda 2017",1
"3829",0.459373512770981,0.200909426202998,"Uganda 2017",1
"3830",0.482139427447692,0.259845898719504,"Uganda 2017",1
"3831",1.20781946042553,0.691346673993394,"Uganda 2017",1
"3832",0.824198983144015,0.633532992796972,"Uganda 2017",1
"3833",0.426688374951482,0.186968387104571,"Uganda 2017",1
"3834",0.248963601188734,0.990102724870667,"Uganda 2017",1
"3835",0.790805784054101,0.0210155474487692,"Uganda 2017",1
"3836",0.632950943894684,0.558963419403881,"Uganda 2017",1
"3837",0.808446899754927,0.65578170097433,"Uganda 2017",1
"3838",0.586092754499987,0.418129303026944,"Uganda 2017",1
"3839",0.0618477158714086,0.403568969340995,"Uganda 2017",1
"3840",0.430741261225194,0.805036248406395,"Uganda 2017",1
"3841",0.182129252236336,0.901920071337372,"Uganda 2017",1
"3842",0.280220132321119,0.724852901883423,"Uganda 2017",1
"3843",0.0857841912657022,0.0257176239974797,"Uganda 2017",1
"3844",1.0898207933642,0.0354285927023739,"Uganda 2017",1
"3845",0.971995640080422,0.564010853646323,"Uganda 2017",1
"3846",1.19144651899114,0.0109820598736405,"Uganda 2017",1
"3847",0.8816149730701,0.746920507401228,"Uganda 2017",1
"3848",1.52881952282041,0.959961937274784,"Uganda 2017",1
"3849",0.150018735090271,0.650962504092604,"Uganda 2017",1
"3850",0.371509348740801,0.271851339144632,"Uganda 2017",1
"3851",1.97663754061796,0.1263105974067,"Uganda 2017",1
"3852",0.351056763203815,0.671970051014796,"Uganda 2017",1
"3853",1.06552209332585,0.159082893049344,"Uganda 2017",1
"3854",0.683353073894978,0.329756666906178,"Uganda 2017",1
"3855",1.80969640449621,0.884811349678785,"Uganda 2017",1
"3856",0.740664415061474,0.931244121864438,"Uganda 2017",1
"3857",0.987710213055834,0.487799550872296,"Uganda 2017",1
"3858",2.05069148750044,0.454336890019476,"Uganda 2017",1
"3859",0.685454164864495,0.46605576062575,"Uganda 2017",1
"3860",0.405842861859128,0.974925152491778,"Uganda 2017",1
"3861",1.49459752254188,0.921807880979031,"Uganda 2017",1
"3862",0.302593467989936,0.410780198406428,"Uganda 2017",1
"3863",1.97416370222345,0.19673528522253,"Uganda 2017",1
"3864",0.0679468202870339,0.912997908890247,"Uganda 2017",1
"3865",1.60580970626324,0.547416646266356,"Uganda 2017",1
"3866",0.112168651772663,0.854663547128439,"Uganda 2017",1
"3867",0.572087629465386,0.890741959912702,"Uganda 2017",1
"3868",2.11263985047117,0.90526115661487,"Uganda 2017",1
"3869",1.39974007685669,0.484426393872127,"Uganda 2017",1
"3870",0.426927879452705,0.0358852138742805,"Uganda 2017",1
"3871",0.44681510492228,0.555489324266091,"Uganda 2017",1
"3872",0.494512988487259,0.729582809610292,"Uganda 2017",1
"3873",0.218738723080605,0.0219638363923877,"Uganda 2017",1
"3874",1.66500024637207,0.0223535366822034,"Uganda 2017",1
"3875",1.10538941016421,0.357561647659168,"Uganda 2017",1
"3876",0.551925650099292,0.740441714413464,"Uganda 2017",1
"3877",0.364650968229398,0.684096068376675,"Uganda 2017",1
"3878",0.858954920433462,0.898835700470954,"Uganda 2017",1
"3879",1.70718726399355,0.630836026277393,"Uganda 2017",1
"3880",0.991813065949827,0.748080823337659,"Uganda 2017",1
"3881",0.217509447829798,0.541510353563353,"Uganda 2017",1
"3882",0.0177319119684398,0.250001203035936,"Uganda 2017",1
"3883",0.290786070981994,0.678673393558711,"Uganda 2017",1
"3884",0.0852246126160026,0.690112138399854,"Uganda 2017",1
"3885",0.05321523710154,0.435259440913796,"Uganda 2017",1
"3886",1.079500811873,0.476523786783218,"Uganda 2017",1
"3887",0.398296959232539,0.996921619400382,"Uganda 2017",1
"3888",0.13733781944029,0.970212654443458,"Uganda 2017",1
"3889",0.235606101108715,0.0443546180613339,"Uganda 2017",1
"3890",1.60356134315953,0.365103501360863,"Uganda 2017",1
"3891",1.50801813905127,0.780895946081728,"Uganda 2017",1
"3892",0.297579786507413,0.834571184124798,"Uganda 2017",1
"3893",0.304029886610806,0.690477343508974,"Uganda 2017",1
"3894",0.209861897863448,0.560583766782656,"Uganda 2017",1
"3895",0.561422798316926,0.492311869049445,"Uganda 2017",1
"3896",1.05934070516378,0.2212385435123,"Uganda 2017",1
"3897",0.0179806037340313,0.941099823685363,"Uganda 2017",1
"3898",2.77224873262458,0.711967477109283,"Uganda 2017",1
"3899",1.00575715745799,0.917593931779265,"Uganda 2017",1
"3900",0.835761683061719,0.815593263367191,"Uganda 2017",1
"3901",0.400504384422675,0.04799236333929,"Uganda 2017",1
"3902",1.02673335419968,0.102036410477012,"Uganda 2017",1
"3903",0.276527718175203,0.859489373164251,"Uganda 2017",1
"3904",0.110636745812371,0.121732539962977,"Uganda 2017",1
"3905",1.35244734794833,0.0917881426867098,"Uganda 2017",1
"3906",0.242207869654521,0.337038582889363,"Uganda 2017",1
"3907",1.10261284466833,0.788379120407626,"Uganda 2017",1
"3908",0.242525825276971,0.395917613292113,"Uganda 2017",1
"3909",0.640476620290428,0.911763979122043,"Uganda 2017",1
"3910",1.75318237300962,0.636733367340639,"Uganda 2017",1
"3911",0.531857785535976,0.0312802754342556,"Uganda 2017",1
"3912",0.650692703900859,0.201243323273957,"Uganda 2017",1
"3913",0.454425276489928,0.0262989704497159,"Uganda 2017",1
"3914",1.89819043432362,0.816952236928046,"Uganda 2017",1
"3915",0.946179255377501,0.46362149878405,"Uganda 2017",1
"3916",0.327758107334375,0.577742991736159,"Uganda 2017",1
"3917",0.00109964003786445,0.154107450507581,"Uganda 2017",1
"3918",0.190256137400866,0.196943286806345,"Uganda 2017",1
"3919",1.51008259621449,0.802862012991682,"Uganda 2017",1
"3920",0.41322744358331,0.471311623929068,"Uganda 2017",1
"3921",0.552604428492486,0.810763804707676,"Uganda 2017",1
"3922",1.23085184767842,0.694339728914201,"Uganda 2017",1
"3923",0.358574908459559,0.379469051025808,"Uganda 2017",1
"3924",1.12941918941215,0.65581389144063,"Uganda 2017",1
"3925",2.44737408659421,0.863635182846338,"Uganda 2017",1
"3926",1.41964893462136,0.583438641391695,"Uganda 2017",1
"3927",0.295792920514941,0.804723052540794,"Uganda 2017",1
"3928",1.42061651637778,0.882768682437018,"Uganda 2017",1
"3929",0.825287906918675,0.10757495299913,"Uganda 2017",1
"3930",1.25874314107932,0.711092276033014,"Uganda 2017",1
"3931",1.28435408393852,0.00545502221211791,"Uganda 2017",1
"3932",0.391481164377183,0.472173173213378,"Uganda 2017",1
"3933",0.414805543608963,0.602821875130758,"Uganda 2017",1
"3934",1.54954904923216,0.227143949829042,"Uganda 2017",1
"3935",0.130411845166236,0.584060272900388,"Uganda 2017",1
"3936",1.21420590137132,0.945112142246217,"Uganda 2017",1
"3937",0.157535970211029,0.923986206296831,"Uganda 2017",1
"3938",0.502762812422588,0.541515341028571,"Uganda 2017",1
"3939",0.274382175179198,0.656480565201491,"Uganda 2017",1
"3940",0.136558645404875,0.863918438320979,"Uganda 2017",1
"3941",0.35733876703307,0.692966980859637,"Uganda 2017",1
"3942",0.803360992111266,0.822670612949878,"Uganda 2017",1
"3943",1.37821280001663,0.852502967463806,"Uganda 2017",1
"3944",0.693197633838281,0.758809724356979,"Uganda 2017",1
"3945",0.626682084286585,0.115351684624329,"Uganda 2017",1
"3946",0.116186152445152,0.852409159298986,"Uganda 2017",1
"3947",0.595722213154659,0.657888889545575,"Uganda 2017",1
"3948",1.78882287419401,0.807098465040326,"Uganda 2017",1
"3949",0.4785701490473,0.848879154073074,"Uganda 2017",1
"3950",1.43810128932819,0.0864997338503599,"Uganda 2017",1
"3951",1.36038492503576,0.992810079362243,"Uganda 2017",1
"3952",0.150977390119806,0.561090276576579,"Uganda 2017",1
"3953",0.241530885687098,0.613780207699165,"Uganda 2017",1
"3954",0.511373399058357,0.0970705542713404,"Uganda 2017",1
"3955",0.0208351279143244,0.483280389104038,"Uganda 2017",1
"3956",0.156556718749925,0.650923448149115,"Uganda 2017",1
"3957",1.21369557827711,0.263191623147577,"Uganda 2017",1
"3958",1.07974538812414,0.324145677266642,"Uganda 2017",1
"3959",0.313342704204842,0.117283436004072,"Uganda 2017",1
"3960",0.514024921227247,0.183869760483503,"Uganda 2017",1
"3961",0.542901223758236,0.442134201060981,"Uganda 2017",1
"3962",0.429182011401281,0.39687251043506,"Uganda 2017",1
"3963",1.33875806070864,0.0999073798302561,"Uganda 2017",1
"3964",1.31892374320887,0.194742080755532,"Uganda 2017",1
"3965",0.551532767945901,0.819037928478792,"Uganda 2017",1
"3966",1.93706355406903,0.768496888689697,"Uganda 2017",1
"3967",0.233042595209554,0.573336625937372,"Uganda 2017",1
"3968",1.1859562760219,0.299146755598485,"Uganda 2017",1
"3969",1.8377930636052,0.553043882362545,"Uganda 2017",1
"3970",0.6187318128068,0.797526462236419,"Uganda 2017",1
"3971",0.242612961446866,0.164069953840226,"Uganda 2017",1
"3972",1.0692384489812,0.515310750808567,"Uganda 2017",1
"3973",0.844938095659018,0.816765578463674,"Uganda 2017",1
"3974",1.21025747805834,0.94159173942171,"Uganda 2017",1
"3975",0.692767505301163,0.0695971362292767,"Uganda 2017",1
"3976",1.35992449731566,0.670533185359091,"Uganda 2017",1
"3977",0.247507013613358,0.137245097663254,"Uganda 2017",1
"3978",2.84016186185181,0.674211564008147,"Uganda 2017",1
"3979",1.30494049354456,0.212895232485607,"Uganda 2017",1
"3980",0.279927788302302,0.034766974626109,"Uganda 2017",1
"3981",1.369630507892,0.353839906165376,"Uganda 2017",1
"3982",1.40287031326443,0.515861746389419,"Uganda 2017",1
"3983",1.33609909121878,0.888268586015329,"Uganda 2017",1
"3984",0.275834316853434,0.273132939357311,"Uganda 2017",1
"3985",0.465297403279692,0.220318867592141,"Uganda 2017",1
"3986",0.755934885470197,0.447095888201147,"Uganda 2017",1
"3987",1.22031359514222,0.793537383200601,"Uganda 2017",1
"3988",1.97364888642915,0.166458184598014,"Uganda 2017",1
"3989",0.130833515664563,0.573796446667984,"Uganda 2017",1
"3990",0.0401038373820484,0.388352782931179,"Uganda 2017",1
"3991",1.58893741853535,0.892144445097074,"Uganda 2017",1
"3992",0.942296730587259,0.740094298962504,"Uganda 2017",1
"3993",1.31796347326599,0.816557611105964,"Uganda 2017",1
"3994",1.68988098087721,0.050624025054276,"Uganda 2017",1
"3995",0.550428678514436,0.937866103136912,"Uganda 2017",1
"3996",0.550240419572219,0.0583755376283079,"Uganda 2017",1
"3997",0.591467723948881,0.724883961956948,"Uganda 2017",1
"3998",0.974019216606393,0.907612740062177,"Uganda 2017",1
"3999",0.285932519473135,0.63622702518478,"Uganda 2017",1
"4000",0.520923842210323,0.820170116377994,"Uganda 2017",1
"4001",0.00406728428788483,0.342881650896743,"Uganda 2017",1
"4002",2.83992760162801,0.668645519996062,"Uganda 2017",1
"4003",0.356550877913833,0.1817291227635,"Uganda 2017",1
"4004",0.722549953730777,0.740594118367881,"Uganda 2017",1
"4005",0.616128923837095,0.538143592886627,"Uganda 2017",1
"4006",1.02756242011674,0.938371281605214,"Uganda 2017",1
"4007",0.664697703206912,0.795031201792881,"Uganda 2017",1
"4008",0.608145019272342,0.956271950853989,"Uganda 2017",1
"4009",1.34627215471119,0.969935697969049,"South Africa",1
"4010",0.116026013391092,0.18874570238404,"South Africa",1
"4011",1.18159292615019,0.336763419443741,"South Africa",1
"4012",0.701012558536604,0.855397301260382,"South Africa",1
"4013",0.552134031895548,0.23461130540818,"South Africa",1
"4014",1.18308048276231,0.194010511040688,"South Africa",1
"4015",0.0970397258643061,0.372057156870142,"South Africa",1
"4016",0.0469095830339938,0.714267015689984,"South Africa",1
"4017",1.73087433795445,0.0378779282327741,"South Africa",1
"4018",1.66108330409043,0.501432203222066,"South Africa",1
"4019",0.874787720153108,0.669406992848963,"South Africa",1
"4020",0.684119109995663,0.620504779275507,"South Africa",1
"4021",1.92182349949144,0.403147154022008,"South Africa",1
"4022",0.147147755138576,0.0219816938042641,"South Africa",1
"4023",0.329608017811552,0.0858768357429653,"South Africa",1
"4024",1.36586562800221,0.579260433791205,"South Africa",1
"4025",2.65994532848708,0.961897671688348,"South Africa",1
"4026",2.41095630987547,0.416225875727832,"South Africa",1
"4027",1.97572917910293,0.887361536733806,"South Africa",1
"4028",0.696504789870232,0.10826532333158,"South Africa",1
"4029",0.67500775703229,0.915882846340537,"South Africa",1
"4030",0.0610407565254718,0.443343728780746,"South Africa",1
"4031",1.02123718871735,0.15636905701831,"South Africa",1
"4032",2.16112449998036,0.722941118758172,"South Africa",1
"4033",0.89822190371342,0.19164413609542,"South Africa",1
"4034",0.80633808276616,0.909603763371706,"South Africa",1
"4035",1.35728381713852,0.411910453811288,"South Africa",1
"4036",0.17461007880047,0.223488182062283,"South Africa",1
"4037",0.337124944198877,0.404333689017221,"South Africa",1
"4038",0.202199692837894,0.904501806944609,"South Africa",1
"4039",1.23918232438155,0.770952815189958,"South Africa",1
"4040",1.16854522540234,0.971762574277818,"South Africa",1
"4041",2.59755029529333,0.999980712076649,"South Africa",1
"4042",0.555369656765833,0.136744980234653,"South Africa",1
"4043",1.37377383839339,0.82222121884115,"South Africa",1
"4044",0.628699752269313,0.706743908347562,"South Africa",1
"4045",0.451519799418747,0.569824633421376,"South Africa",1
"4046",0.43931081215851,0.501880136784166,"South Africa",1
"4047",0.998815413331613,0.767648719716817,"South Africa",1
"4048",1.48591580986977,0.372878125403076,"South Africa",1
"4049",0.495850935811177,0.520914582535625,"South Africa",1
"4050",1.06935198395513,0.681556526571512,"South Africa",1
"4051",0.139220218872651,0.428161938907579,"South Africa",1
"4052",2.94992622127756,0.894109083106741,"South Africa",1
"4053",0.087301142513752,0.986200388055295,"South Africa",1
"4054",0.368697580648586,0.698451786534861,"South Africa",1
"4055",2.57035594177432,0.869366514496505,"South Africa",1
"4056",0.851482640951872,0.540924683446065,"South Africa",1
"4057",1.84722857479937,0.958626837935299,"South Africa",1
"4058",1.11223725811578,0.667545176576823,"South Africa",1
"4059",0.3572669159621,0.344216425670311,"South Africa",1
"4060",0.166103248950094,0.0831431816332042,"South Africa",1
"4061",0.0727126656565815,0.305967443622649,"South Africa",1
"4062",0.871645567473024,0.837936252821237,"South Africa",1
"4063",0.278340896358714,0.0279840808361769,"South Africa",1
"4064",1.19096414325759,0.777992420829833,"South Africa",1
"4065",1.33009661757387,0.135942821158096,"South Africa",1
"4066",0.246490949532017,0.725388846127316,"South Africa",1
"4067",1.2427578815259,0.13526108302176,"South Africa",1
"4068",0.274671608582139,0.0554394950158894,"South Africa",1
"4069",0.1703364495188,0.679414418060333,"South Africa",1
"4070",0.283662575064227,0.494132675463334,"South Africa",1
"4071",0.134857501136139,0.447867252165452,"South Africa",1
"4072",2.83029088843614,0.900564518989995,"South Africa",1
"4073",1.54492675093934,0.93459718907252,"South Africa",1
"4074",2.48641449445859,0.436649192823097,"South Africa",1
"4075",2.24729766882956,0.937403241405264,"South Africa",1
"4076",2.75394358928315,0.854635698953643,"South Africa",1
"4077",0.156684665009379,0.127984028775245,"South Africa",1
"4078",0.227170966565609,0.104657497024164,"South Africa",1
"4079",0.376704000402242,0.384830768918619,"South Africa",1
"4080",0.393770382273942,0.373514861101285,"South Africa",1
"4081",0.835063831647858,0.699140823213384,"South Africa",1
"4082",0.254401470534503,0.369871404254809,"South Africa",1
"4083",0.482758755097166,0.735666600288823,"South Africa",1
"4084",1.25985293718986,0.459282698808238,"South Africa",1
"4085",0.150316941551864,0.0318287028931081,"South Africa",1
"4086",0.202767466194928,0.114618054358289,"South Africa",1
"4087",1.69386376510374,0.594044493045658,"South Africa",1
"4088",1.58692416362464,0.141460762592033,"South Africa",1
"4089",0.211090462747961,0.82848926493898,"South Africa",1
"4090",2.10936123901047,0.775266878074035,"South Africa",1
"4091",0.749578295275569,0.619205630151555,"South Africa",1
"4092",0.640883292071521,0.912053239066154,"South Africa",1
"4093",0.591017193160951,0.798681515268981,"South Africa",1
"4094",0.806438150815666,0.831949801417068,"South Africa",1
"4095",0.791099229594693,0.0370610011741519,"South Africa",1
"4096",1.19559669541195,0.708655445137993,"South Africa",1
"4097",0.180053500458598,0.262416315963492,"South Africa",1
"4098",1.09154105675407,0.685380060225725,"South Africa",1
"4099",1.01266110059805,0.620466756634414,"South Africa",1
"4100",1.10756596410647,0.603685167152435,"South Africa",1
"4101",1.46288782591,0.577562815044075,"South Africa",1
"4102",0.945254222257063,0.699406136060134,"South Africa",1
"4103",1.94829691573977,0.686495943460613,"South Africa",1
"4104",0.621050257701427,0.251394857652485,"South Africa",1
"4105",1.45868321880698,0.25067781843245,"South Africa",1
"4106",0.581285568187013,0.418086352292448,"South Africa",1
"4107",0.644949308596551,0.118952242890373,"South Africa",1
"4108",2.88125374959782,0.972861886257306,"South Africa",1
"4109",0.313744093291461,0.951299397274852,"South Africa",1
"4110",2.86334424256347,0.930327634327114,"South Africa",1
"4111",0.100616505369544,0.0268810531124473,"South Africa",1
"4112",0.979353528935462,0.593275545397773,"South Africa",1
"4113",0.980249846354127,0.5681660072878,"South Africa",1
"4114",0.445190605474636,0.145294220652431,"South Africa",1
"4115",2.31623534252867,0.657260139239952,"South Africa",1
"4116",2.35666338982992,0.71344177890569,"South Africa",1
"4117",0.802889820188284,0.826117278076708,"South Africa",1
"4118",0.869124733842909,0.650192986009642,"South Africa",1
"4119",1.60431224992499,0.873800869798288,"South Africa",1
"4120",0.345485160592943,0.16781662334688,"South Africa",1
"4121",0.515763441100717,0.468231043545529,"South Africa",1
"4122",2.12749344483018,0.0017496976070106,"South Africa",1
"4123",0.119792103767395,0.0876731888856739,"South Africa",1
"4124",1.02169638848864,0.558430059812963,"South Africa",1
"4125",2.26287419395521,0.96466429065913,"South Africa",1
"4126",2.1331062305253,0.7830986820627,"South Africa",1
"4127",2.83527929219417,0.196061633527279,"South Africa",1
"4128",0.800459794700146,0.411436400841922,"South Africa",1
"4129",0.45446166722104,0.216258666478097,"South Africa",1
"4130",1.80014231102541,0.320940543198958,"South Africa",1
"4131",1.78028915869072,0.892546660499647,"South Africa",1
"4132",0.503803370520473,0.574343839660287,"South Africa",1
"4133",0.747094562044367,0.357329914811999,"South Africa",1
"4134",0.227558290818706,0.00023933220654726,"South Africa",1
"4135",0.725466112839058,0.90994389844127,"South Africa",1
"4136",2.4249187905807,0.875651297392324,"South Africa",1
"4137",0.36918897042051,0.850361410994083,"South Africa",1
"4138",0.800696407444775,0.498011411400512,"South Africa",1
"4139",1.99116216623224,0.137304895557463,"South Africa",1
"4140",0.695411422289908,0.688285005278885,"South Africa",1
"4141",1.59897046443075,0.970398778095841,"South Africa",1
"4142",0.287380013382062,0.194530616048723,"South Africa",1
"4143",1.4255807956215,0.0784229589626193,"South Africa",1
"4144",2.04846752691083,0.966396604664624,"South Africa",1
"4145",0.766705464106053,0.418995698448271,"South Africa",1
"4146",0.138311505317688,0.610915739089251,"South Africa",1
"4147",0.244326955173165,0.733209419064224,"South Africa",1
"4148",0.242599406512454,0.721146161900833,"South Africa",1
"4149",0.156072908313945,0.926718551665545,"South Africa",1
"4150",0.79549568798393,0.96016853954643,"South Africa",1
"4151",2.08337279548869,0.283529153326526,"South Africa",1
"4152",1.62934105214663,0.947392788715661,"South Africa",1
"4153",1.73205573158339,0.817031367216259,"South Africa",1
"4154",0.442844065837562,0.857868965016678,"South Africa",1
"4155",1.31881132023409,0.386191307334229,"South Africa",1
"4156",1.06672530714422,0.757591089000925,"South Africa",1
"4157",1.17566058668308,0.893079013330862,"South Africa",1
"4158",2.53405733965337,0.0566445561125875,"South Africa",1
"4159",0.524500335333869,0.317794310161844,"South Africa",1
"4160",1.11491964035667,0.753069384256378,"South Africa",1
"4161",0.707217826740816,0.695331318303943,"South Africa",1
"4162",1.17964299232699,0.60445950482972,"South Africa",1
"4163",2.15271751536056,0.694268859457225,"South Africa",1
"4164",2.23241423000582,0.464763567317277,"South Africa",1
"4165",0.0622176679316908,0.208056521369144,"South Africa",1
"4166",0.649997549364343,0.42631225171499,"South Africa",1
"4167",1.64529826305807,0.130931107793003,"South Africa",1
"4168",2.08122668950818,0.827839146601036,"South Africa",1
"4169",0.41355880186893,0.45779913244769,"South Africa",1
"4170",1.09807178028859,0.180162351578474,"South Africa",1
"4171",0.0740699409507215,0.384558011544868,"South Africa",1
"4172",0.483549669384956,0.480534304166213,"South Africa",1
"4173",0.926297969184816,0.412186094559729,"South Africa",1
"4174",2.48023832752369,0.41016216087155,"South Africa",1
"4175",0.1778858397156,0.974074226338416,"South Africa",1
"4176",0.601097145583481,0.842593470588326,"South Africa",1
"4177",1.10635193344206,0.133903293870389,"South Africa",1
"4178",0.0146057407837361,0.164459710242227,"South Africa",1
"4179",0.511206647381186,0.514527752995491,"South Africa",1
"4180",1.37908714427613,0.276367007056251,"South Africa",1
"4181",0.867526543093845,0.380873477784917,"South Africa",1
"4182",1.87154442421161,0.831829677103087,"South Africa",1
"4183",0.879070269875228,0.419993164716288,"South Africa",1
"4184",1.43722499697469,0.553951733512804,"South Africa",1
"4185",0.0472739667166024,0.962112555280328,"South Africa",1
"4186",1.75426429999061,0.554293492808938,"South Africa",1
"4187",0.419010933721438,0.742666002595797,"South Africa",1
"4188",0.508562089176849,0.921736305113882,"South Africa",1
"4189",0.197366496082395,0.535058915847912,"South Africa",1
"4190",0.998760780086741,0.367563637206331,"South Africa",1
"4191",1.47424108861014,0.865164269460365,"South Africa",1
"4192",2.99636157369241,0.433910615509376,"South Africa",1
"4193",1.22602927568369,0.738602061290294,"South Africa",1
"4194",0.297120281495154,0.687929891049862,"South Africa",1
"4195",2.04430085769854,0.916348938830197,"South Africa",1
"4196",0.737714104587212,0.338256898336112,"South Africa",1
"4197",0.744728012010455,0.984380298759788,"South Africa",1
"4198",1.06000875891186,0.648831169120967,"South Africa",1
"4199",2.37337941722944,0.191842592786998,"South Africa",1
"4200",0.646030326839536,0.837000598432496,"South Africa",1
"4201",0.683635211549699,0.15663803066127,"South Africa",1
"4202",1.20334429456852,0.606421032221988,"South Africa",1
"4203",2.22774675535038,0.808176405727863,"South Africa",1
"4204",1.35442480444908,0.849657909478992,"South Africa",1
"4205",0.450565912993625,0.417477253591642,"South Africa",1
"4206",0.511587445624173,0.522151426877826,"South Africa",1
"4207",1.28105442970991,0.239242051029578,"South Africa",1
"4208",0.862117103068158,0.817339274100959,"South Africa",1
"4209",1.09538888325915,0.772209852235392,"South Africa",1
"4210",0.825246135704219,0.210143142612651,"South Africa",1
"4211",0.078343047760427,0.641343919560313,"South Africa",1
"4212",1.84954502689652,0.338708487804979,"South Africa",1
"4213",0.718267194461077,0.584417878650129,"South Africa",1
"4214",0.100872363662347,0.642063470091671,"South Africa",1
"4215",0.24160506692715,0.560039909556508,"South Africa",1
"4216",0.0437863308470696,0.0327268755063415,"South Africa",1
"4217",1.83283875253983,0.164360260823742,"South Africa",1
"4218",2.35982735222206,0.584470173576847,"South Africa",1
"4219",0.507528991671279,0.487799857510254,"South Africa",1
"4220",0.322789859957993,0.880977751454338,"South Africa",1
"4221",2.44080481817946,0.252189683960751,"South Africa",1
"4222",0.596510791685432,0.376835027709603,"South Africa",1
"4223",0.90948302205652,0.272885661805049,"South Africa",1
"4224",1.23758810875006,0.931576868984848,"South Africa",1
"4225",2.2254586648196,0.704377282643691,"South Africa",1
"4226",0.534868966788054,0.670607779640704,"South Africa",1
"4227",0.980391844175756,0.956089542945847,"South Africa",1
"4228",1.09785079001449,0.730201430851594,"South Africa",1
"4229",0.843387783039361,0.248041564365849,"South Africa",1
"4230",0.480980217922479,0.45222109858878,"South Africa",1
"4231",1.18144117668271,0.265850183088332,"South Africa",1
"4232",1.60772808431648,0.748857289087027,"South Africa",1
"4233",2.85161882056855,0.997149768983945,"South Africa",1
"4234",0.17003573756665,0.284088137093931,"South Africa",1
"4235",0.326132577611133,0.342225518776104,"South Africa",1
"4236",2.103909580037,0.661897820187733,"South Africa",1
"4237",0.986869025509804,0.17053434648551,"South Africa",1
"4238",0.57000278821215,0.326693465234712,"South Africa",1
"4239",0.445467160083354,0.260038057109341,"South Africa",1
"4240",0.186525817494839,0.730018238071352,"South Africa",1
"4241",0.589216881198809,0.983550481498241,"South Africa",1
"4242",0.799887123517692,0.370444386964664,"South Africa",1
"4243",0.106355280149728,0.292123964522034,"South Africa",1
"4244",0.405042893020436,0.585100585129112,"South Africa",1
"4245",1.34534462238662,0.253193782409653,"South Africa",1
"4246",1.27759871282615,0.00878552161157131,"South Africa",1
"4247",0.307361593237147,0.391422586049885,"South Africa",1
"4248",2.48058322467841,0.168673174222931,"South Africa",1
"4249",0.709413608768955,0.334240221651271,"South Africa",1
"4250",0.683490584604442,0.779149875044823,"South Africa",1
"4251",2.43192308605649,0.854545180220157,"South Africa",1
"4252",1.1010150401853,0.996041343547404,"South Africa",1
"4253",1.76092645106837,0.16111935256049,"South Africa",1
"4254",1.17480793618597,0.783519453601912,"South Africa",1
"4255",1.46874326351099,0.838435380719602,"South Africa",1
"4256",2.25776540930383,0.865684903925285,"South Africa",1
"4257",1.22661870229058,0.567051464691758,"South Africa",1
"4258",1.23555363016203,0.317052075406536,"South Africa",1
"4259",0.131214105756953,0.374376772204414,"South Africa",1
"4260",1.01472345669754,0.732393693178892,"South Africa",1
"4261",2.28320590406656,0.953581202309579,"South Africa",1
"4262",0.22895059757866,0.869756667874753,"South Africa",1
"4263",0.913446596357971,0.817175053991377,"South Africa",1
"4264",1.22962752054445,0.789225018583238,"South Africa",1
"4265",2.50885242316872,0.791126673109829,"South Africa",1
"4266",0.466869747731835,0.340437247650698,"South Africa",1
"4267",0.862810102058575,0.970231075072661,"South Africa",1
"4268",0.00351837021298707,0.0174030209891498,"South Africa",1
"4269",1.03146196086891,0.639324418269098,"South Africa",1
"4270",0.194354339037091,0.95405025430955,"South Africa",1
"4271",0.188018245389685,0.498780985362828,"South Africa",1
"4272",0.889800497330725,0.572928566019982,"South Africa",1
"4273",0.12825818429701,0.183515235083178,"South Africa",1
"4274",1.52614139160141,0.381009340053424,"South Africa",1
"4275",0.737845290452242,0.410301718860865,"South Africa",1
"4276",2.34218149445951,0.829597088275477,"South Africa",1
"4277",0.383631109725684,0.20742610306479,"South Africa",1
"4278",0.872375425184146,0.791162676177919,"South Africa",1
"4279",1.08647758956067,0.493427501060069,"South Africa",1
"4280",0.521025876514614,0.107076888205484,"South Africa",1
"4281",1.44418800529093,0.11066883476451,"South Africa",1
"4282",2.56919401581399,0.878314085537568,"South Africa",1
"4283",0.545285590924323,0.722334873862565,"South Africa",1
"4284",2.20054161571898,0.845799528528005,"South Africa",1
"4285",1.48887835163623,0.597391732269898,"South Africa",1
"4286",1.00830579106696,0.0137425484135747,"South Africa",1
"4287",0.520721744047478,0.401118094101548,"South Africa",1
"4288",1.07632984570228,0.841090486384928,"South Africa",1
"4289",1.85741103021428,0.950736239086837,"South Africa",1
"4290",1.21515014301986,0.945404798723757,"South Africa",1
"4291",2.32826601318084,0.503087774151936,"South Africa",1
"4292",1.12731892196462,0.650015407241881,"South Africa",1
"4293",1.3481078397017,0.569765222724527,"South Africa",1
"4294",0.323659076588228,0.539041905896738,"South Africa",1
"4295",0.477959146024659,0.836824743775651,"South Africa",1
"4296",0.132675211178139,0.184525948250666,"South Africa",1
"4297",1.40072895144112,0.540313786361367,"South Africa",1
"4298",2.46684278547764,0.301204700488597,"South Africa",1
"4299",0.881795459892601,0.902725300984457,"South Africa",1
"4300",1.86434771097265,0.880252956645563,"South Africa",1
"4301",0.921178495511413,0.647330742329359,"South Africa",1
"4302",0.547595046227798,0.857538743875921,"South Africa",1
"4303",0.758634220110252,0.115767126902938,"South Africa",1
"4304",1.08360028616153,0.620088004739955,"South Africa",1
"4305",0.355377519037575,0.0513963075354695,"South Africa",1
"4306",0.367164504015818,0.192904234863818,"South Africa",1
"4307",0.652316918363795,0.755056540947407,"South Africa",1
"4308",2.50737374089658,0.0959130621049553,"South Africa",1
"4309",0.0177128550130874,0.125624772394076,"South Africa",1
"4310",0.614116383483633,0.412007031030953,"South Africa",1
"4311",0.730120761087164,0.143633166793734,"South Africa",1
"4312",1.12205288652331,0.0572096847463399,"South Africa",1
"4313",0.328965327702463,0.365729352924973,"South Africa",1
"4314",0.355032758787274,0.578815452521667,"South Africa",1
"4315",2.91495874500833,0.875060159945861,"South Africa",1
"4316",0.439238051651046,0.580935346893966,"South Africa",1
"4317",0.267070957459509,0.0279408968053758,"South Africa",1
"4318",2.1172173160594,0.845610964111984,"South Africa",1
"4319",0.793894530739635,0.166471916949376,"South Africa",1
"4320",0.530747948912904,0.401240131352097,"South Africa",1
"4321",1.00688721402548,0.782181498827413,"South Africa",1
"4322",1.67814349732362,0.859637145651504,"South Africa",1
"4323",0.573818642646074,0.802845442900434,"South Africa",1
"4324",0.501777071971446,0.292113166069612,"South Africa",1
"4325",2.0823733813595,0.00158686540089548,"South Africa",1
"4326",0.426270470721647,0.259568779729307,"South Africa",1
"4327",1.2721556047909,0.590330787468702,"South Africa",1
"4328",0.42275367770344,0.867805751273409,"South Africa",1
"4329",1.31556485476904,0.937402783427387,"South Africa",1
"4330",1.37885578419082,0.865292455535382,"South Africa",1
"4331",0.200414726044983,0.745110772317275,"South Africa",1
"4332",2.9685706445016,0.693486514501274,"South Africa",1
"4333",0.703905424335971,0.756295396946371,"South Africa",1
"4334",1.71757547208108,0.592048587510362,"South Africa",1
"4335",2.42081766296178,0.28509701252915,"South Africa",1
"4336",0.92219961527735,0.368312193546444,"South Africa",1
"4337",0.99197520269081,0.960313556715846,"South Africa",1
"4338",0.285731408279389,0.785543863195926,"South Africa",1
"4339",0.880530847935006,0.0967052695341408,"South Africa",1
"4340",0.00485187862068415,0.912588524166495,"South Africa",1
"4341",0.403598417295143,0.943479198263958,"South Africa",1
"4342",0.371401483425871,0.55393181508407,"South Africa",1
"4343",1.45232167909853,0.882525116205215,"South Africa",1
"4344",1.92179184663109,0.709363524569198,"South Africa",1
"4345",2.05143382237293,0.792550443205982,"South Africa",1
"4346",0.0500135736074299,0.849773712223396,"South Africa",1
"4347",1.13524248520844,0.623204820556566,"South Africa",1
"4348",0.652091482188553,0.323152859695256,"South Africa",1
"4349",1.06086380593479,0.386573196854442,"South Africa",1
"4350",0.415493257110938,0.756579306675121,"South Africa",1
"4351",0.612727134022862,0.901232641888782,"South Africa",1
"4352",0.581434279214591,0.383010426070541,"South Africa",1
"4353",2.18969162693247,0.927461891900748,"South Africa",1
"4354",0.578069507377222,0.866236933739856,"South Africa",1
"4355",0.911575546720996,0.0809623429086059,"South Africa",1
"4356",0.789502463769168,0.149956061737612,"South Africa",1
"4357",0.265162507770583,0.919771865475923,"South Africa",1
"4358",1.58069099555723,0.788781627081335,"South Africa",1
"4359",0.928968735504895,0.238659270107746,"South Africa",1
"4360",1.99832059303299,0.22848366224207,"South Africa",1
"4361",0.46743218251504,0.0151106137782335,"South Africa",1
"4362",0.656274687498808,0.775705141248181,"South Africa",1
"4363",1.66982496692799,0.888798295520246,"South Africa",1
"4364",1.48466035444289,0.667185445316136,"South Africa",1
"4365",0.366645210189745,0.0644191647879779,"South Africa",1
"4366",0.0220663107465953,0.641918015666306,"South Africa",1
"4367",1.18362066708505,0.42764133005403,"South Africa",1
"4368",1.71348979300819,0.767004841240123,"South Africa",1
"4369",0.896051661344245,0.471814957913011,"South Africa",1
"4370",1.48084913240746,0.116280837915838,"South Africa",1
"4371",0.0426402976736426,0.838771121343598,"South Africa",1
"4372",0.548677290324122,0.330183055950329,"South Africa",1
"4373",1.24418350844644,0.66697041480802,"South Africa",1
"4374",0.176028474932536,0.623687258223072,"South Africa",1
"4375",1.86485214508139,0.634624841390178,"South Africa",1
"4376",1.96334896213375,0.662787317996845,"South Africa",1
"4377",0.800665691960603,0.852005174616352,"South Africa",1
"4378",0.906169909285381,0.296926422975957,"South Africa",1
"4379",0.711306780343875,0.993294988526031,"South Africa",1
"4380",0.725552464602515,0.975631645182148,"South Africa",1
"4381",0.792906827526167,0.526344777550548,"South Africa",1
"4382",0.361061325995252,0.731505065457895,"South Africa",1
"4383",1.02755475067534,0.879542586859316,"South Africa",1
"4384",1.49534510797821,0.254641574574634,"South Africa",1
"4385",1.32242831191979,0.359399301465601,"South Africa",1
"4386",1.42742449999787,0.452346331207082,"South Africa",1
"4387",1.2767821715679,0.467983182985336,"South Africa",1
"4388",0.0665145227685571,0.759898265823722,"South Africa",1
"4389",0.428458926267922,0.743729569483548,"South Africa",1
"4390",1.08778480812907,0.747428223025054,"South Africa",1
"4391",1.55472314008512,0.878827984211966,"South Africa",1
"4392",1.74482390494086,0.854445428121835,"South Africa",1
"4393",2.67070235777646,0.516456864774227,"South Africa",1
"4394",0.953650964889675,0.626467437716201,"South Africa",1
"4395",0.145818215562031,0.182087506633252,"South Africa",1
"4396",1.79719670419581,0.387307483237237,"South Africa",1
"4397",1.26777284312993,0.401463885325938,"South Africa",1
"4398",0.352126016747206,0.794165960513055,"South Africa",1
"4399",2.27357818954624,0.815973166376352,"South Africa",1
"4400",0.418764363974333,0.857721948297694,"South Africa",1
"4401",1.36828099703416,0.308092538500205,"South Africa",1
"4402",1.36950285499915,0.0928896949626505,"South Africa",1
"4403",0.211974075995386,0.854116912698373,"South Africa",1
"4404",0.675203642807901,0.656542661366984,"South Africa",1
"4405",1.05292330007069,0.587167943827808,"South Africa",1
"4406",0.515720626339316,0.0535900352988392,"South Africa",1
"4407",0.00902710505761206,0.0972276229877025,"South Africa",1
"4408",0.673646670067683,0.21064701420255,"South Africa",1
"4409",0.0863619062583894,0.38703105901368,"South Africa",1
"4410",1.12288253568113,0.562533364864066,"South Africa",1
"4411",2.97285761288367,0.695627832319587,"South Africa",1
"4412",2.73750937613659,0.944357321830466,"South Africa",1
"4413",0.196623931406066,0.386901696678251,"South Africa",1
"4414",0.853722669649869,0.207491678884253,"South Africa",1
"4415",0.665564770577475,0.606485023861751,"South Africa",1
"4416",1.83044261299074,0.651363779557869,"South Africa",1
"4417",1.80965793994255,0.409498011227697,"South Africa",1
"4418",0.292235486442223,0.644782822579145,"South Africa",1
"4419",0.518635498825461,0.0283079680521041,"South Africa",1
"4420",2.18627487472259,0.834515768336132,"South Africa",1
"4421",1.07161153480411,0.36863602977246,"South Africa",1
"4422",0.475142496870831,0.960037370678037,"South Africa",1
"4423",1.25962856970727,0.258714081021026,"South Africa",1
"4424",1.70838081417605,0.25081324740313,"South Africa",1
"4425",0.774272385053337,0.492387995589525,"South Africa",1
"4426",0.840116193518043,0.212468384765089,"South Africa",1
"4427",0.22288239793852,0.464477089233696,"South Africa",1
"4428",0.403295216616243,0.441896362463012,"South Africa",1
"4429",1.34919990738854,0.280054183211178,"South Africa",1
"4430",0.592486123787239,0.941432543098927,"South Africa",1
"4431",1.1525390886236,0.80009013786912,"South Africa",1
"4432",2.90924802934751,0.278366966871545,"South Africa",1
"4433",0.604538497980684,0.648423152510077,"South Africa",1
"4434",0.368220998207107,0.725494095124304,"South Africa",1
"4435",1.03183268825524,0.931637487607077,"South Africa",1
"4436",1.72776763723232,0.56859472184442,"South Africa",1
"4437",0.0824801037088037,0.119136231485754,"South Africa",1
"4438",0.753869535634294,0.498612869298086,"South Africa",1
"4439",0.51875689253211,0.799409382743761,"South Africa",1
"4440",1.26897988887504,0.121298352489248,"South Africa",1
"4441",2.18600904406048,0.839601397980005,"South Africa",1
"4442",0.061147027881816,0.791075338842347,"South Africa",1
"4443",0.43904994498007,0.104953998699784,"South Africa",1
"4444",1.47425095969811,0.147772825323045,"South Africa",1
"4445",1.18964716116898,0.835561791900545,"South Africa",1
"4446",1.97977549186908,0.978113762335852,"South Africa",1
"4447",1.19611891591921,0.214151273015887,"South Africa",1
"4448",1.89781861170195,0.792022013803944,"South Africa",1
"4449",2.03889144491404,0.141970802564174,"South Africa",1
"4450",1.87301530293189,0.574633609270677,"South Africa",1
"4451",1.02648630458862,0.515416619135067,"South Africa",1
"4452",0.55596075556241,0.883985264692456,"South Africa",1
"4453",2.63174336892553,0.243495905771852,"South Africa",1
"4454",0.267452934058383,0.595350221265107,"South Africa",1
"4455",0.12204298353754,0.377853589365259,"South Africa",1
"4456",2.72910320037045,0.216075670905411,"South Africa",1
"4457",0.916414638748392,0.0319335202220827,"South Africa",1
"4458",0.792107203742489,0.958617736585438,"South Africa",1
"4459",2.18014579452574,0.303939387435094,"South Africa",1
"4460",2.74067376810126,0.670257953926921,"South Africa",1
"4461",0.0486954285297543,0.644226246513426,"South Africa",1
"4462",1.33389109745622,0.166765537112951,"South Africa",1
"4463",0.0304662447888404,0.713724108878523,"South Africa",1
"4464",1.44288915535435,0.0574960168451071,"South Africa",1
"4465",0.137288012774661,0.619597713463008,"South Africa",1
"4466",1.00531930360012,0.271408094093204,"South Africa",1
"4467",0.252059499034658,0.928845027694479,"South Africa",1
"4468",1.69153864821419,0.530162072507665,"South Africa",1
"4469",1.00197903765365,0.995233421912417,"South Africa",1
"4470",1.36498389719054,0.919139487901703,"South Africa",1
"4471",0.52339297067374,0.687562263105065,"South Africa",1
"4472",0.63246261770837,0.769223588285968,"South Africa",1
"4473",1.05897687119432,0.180630791466683,"South Africa",1
"4474",2.10571013297886,0.792484152829275,"South Africa",1
"4475",1.20749095198698,0.8793972407002,"South Africa",1
"4476",2.0358469937928,0.918139523360878,"South Africa",1
"4477",0.861198064405471,0.995948178227991,"South Africa",1
"4478",0.840149792376906,0.699396450072527,"South Africa",1
"4479",0.892283752793446,0.624667865457013,"South Africa",1
"4480",1.34229954401962,0.506164960563183,"South Africa",1
"4481",1.2718881466426,0.879280196269974,"South Africa",1
"4482",0.677378458203748,0.663041721796617,"South Africa",1
"4483",1.07598712923937,0.335219557629898,"South Africa",1
"4484",2.61299546970986,0.990977866342291,"South Africa",1
"4485",2.45411089598201,0.822440152522177,"South Africa",1
"4486",1.23766803089529,0.987210500519723,"South Africa",1
"4487",2.12902115634643,0.711151400581002,"South Africa",1
"4488",0.443019380327314,0.711877098074183,"South Africa",1
"4489",0.318968589417636,0.563840033253655,"South Africa",1
"4490",1.02447373350151,0.371162943542004,"South Africa",1
"4491",1.50514824944548,0.471165542025119,"South Africa",1
"4492",0.747738287318498,0.103585590142757,"South Africa",1
"4493",0.0211072415113449,0.859134032158181,"South Africa",1
"4494",2.18411912256852,0.892312083160505,"South Africa",1
"4495",0.472212708787993,0.274611635599285,"South Africa",1
"4496",0.582487307488918,0.761325739789754,"South Africa",1
"4497",1.94715730729513,0.878476442303509,"South Africa",1
"4498",0.598151387879625,0.530006360728294,"South Africa",1
"4499",1.46124039008282,0.442281413590536,"South Africa",1
"4500",0.667613632511348,0.869766349205747,"South Africa",1
"4501",0.693955917377025,0.112385808257386,"South Africa",1
"4502",1.04528860654682,0.193348817760125,"South Africa",1
"4503",1.49115725839511,0.24557337234728,"South Africa",1
"4504",0.622663155896589,0.892995439236984,"South Africa",1
"4505",2.0692238167394,0.237246879376471,"South Africa",1
"4506",1.657693476649,0.834609017707407,"South Africa",1
"4507",0.795337220421061,0.125100559322163,"South Africa",1
"4508",2.01654434809461,0.718767463928089,"South Africa",1
"4509",1.58283377112821,0.920088604325429,"South Africa",1
"4510",1.93084410857409,0.430268014082685,"Kenya 1980",1
"4511",0.212043383158743,0.693056283285841,"Kenya 1980",1
"4512",0.494775501312688,0.797146338503808,"Kenya 1980",1
"4513",0.640802718233317,0.510653030592948,"Kenya 1980",1
"4514",0.499422375345603,0.918618700001389,"Kenya 1980",1
"4515",0.283582657109946,0.213602296309546,"Kenya 1980",1
"4516",0.511818725382909,0.523230082821101,"Kenya 1980",1
"4517",0.262418128084391,0.783711725147441,"Kenya 1980",1
"4518",0.737400976940989,0.817604241194203,"Kenya 1980",1
"4519",0.0194251660723239,0.344100659713149,"Kenya 1980",1
"4520",0.290446087019518,0.469707319280133,"Kenya 1980",1
"4521",0.102237051352859,0.638991998275742,"Kenya 1980",1
"4522",1.38999881898053,0.748890688410029,"Kenya 1980",1
"4523",0.666644969489425,0.909501505549997,"Kenya 1980",1
"4524",0.100309760542586,0.567279291572049,"Kenya 1980",1
"4525",1.19503138842992,0.487520169466734,"Kenya 1980",1
"4526",0.0184824652969837,0.691909030778334,"Kenya 1980",1
"4527",0.274167226161808,0.619949301006272,"Kenya 1980",1
"4528",1.42206500843167,0.963691063690931,"Kenya 1980",1
"4529",1.48211028752849,0.663540507899597,"Kenya 1980",1
"4530",0.361720234388486,0.63336904742755,"Kenya 1980",1
"4531",1.45082011912018,0.676471484359354,"Kenya 1980",1
"4532",0.397910533240065,0.106944034341723,"Kenya 1980",1
"4533",2.79464386403561,0.694187947083265,"Kenya 1980",1
"4534",0.997617438202724,0.255303591955453,"Kenya 1980",1
"4535",0.826696046395227,0.878127068281174,"Kenya 1980",1
"4536",0.502270982600749,0.736242931103334,"Kenya 1980",1
"4537",1.7106790621765,0.216129933018237,"Kenya 1980",1
"4538",1.9862590637058,0.657428991282359,"Kenya 1980",1
"4539",0.432050763862208,0.208308259490877,"Kenya 1980",1
"4540",0.604249616386369,0.936990815447643,"Kenya 1980",1
"4541",0.804086228599772,0.681383390910923,"Kenya 1980",1
"4542",0.220444927224889,0.485194782493636,"Kenya 1980",1
"4543",0.528398385504261,0.0990894632413983,"Kenya 1980",1
"4544",0.0317840769421309,0.807766531826928,"Kenya 1980",1
"4545",1.03379355068319,0.499444915447384,"Kenya 1980",1
"4546",1.06442784355022,0.470675633754581,"Kenya 1980",1
"4547",0.214886566624045,0.163606212940067,"Kenya 1980",1
"4548",0.173540469026193,0.182942127808928,"Kenya 1980",1
"4549",0.0133474976755679,0.272640408715233,"Kenya 1980",1
"4550",2.04010578640737,0.0801275670528412,"Kenya 1980",1
"4551",1.12118812417611,0.892569189192727,"Kenya 1980",1
"4552",0.674514145357534,0.633206523954868,"Kenya 1980",1
"4553",0.771539473207667,0.254417550750077,"Kenya 1980",1
"4554",0.361455896403641,0.816614150069654,"Kenya 1980",1
"4555",1.31811727280729,0.837272797711194,"Kenya 1980",1
"4556",1.54057363187894,0.831557042198256,"Kenya 1980",1
"4557",0.00512942229397595,0.480756806675345,"Kenya 1980",1
"4558",0.228011701488867,0.323810279602185,"Kenya 1980",1
"4559",0.112673523137346,0.331267653265968,"Kenya 1980",1
"4560",0.428280249936506,0.0117900702171028,"Kenya 1980",1
"4561",0.466368987690657,0.574403305537999,"Kenya 1980",1
"4562",1.5413781485986,0.68144085071981,"Kenya 1980",1
"4563",1.32021117489785,0.932501410134137,"Kenya 1980",1
"4564",1.90546949626878,0.26142155053094,"Kenya 1980",1
"4565",0.886162834474817,0.192917742300779,"Kenya 1980",1
"4566",0.563199805095792,0.119569231523201,"Kenya 1980",1
"4567",1.96692506340332,0.176540094893426,"Kenya 1980",1
"4568",1.03390668542124,0.597310477402061,"Kenya 1980",1
"4569",0.214095522416756,0.820695241680369,"Kenya 1980",1
"4570",1.44432766875252,0.275311030680314,"Kenya 1980",1
"4571",1.5468914390076,0.446208955720067,"Kenya 1980",1
"4572",0.834670677082613,0.608269214397296,"Kenya 1980",1
"4573",0.343331366311759,0.692702358821407,"Kenya 1980",1
"4574",1.46391318622045,0.500410417094827,"Kenya 1980",1
"4575",0.45909569808282,0.601753322873265,"Kenya 1980",1
"4576",0.454952950123698,0.462923539569601,"Kenya 1980",1
"4577",0.085438328795135,0.988510503200814,"Kenya 1980",1
"4578",1.31001937156543,0.141126734437421,"Kenya 1980",1
"4579",0.295189138501883,0.921260002302006,"Kenya 1980",1
"4580",0.0780555352102965,0.115503555163741,"Kenya 1980",1
"4581",0.166154840961099,0.554398574633524,"Kenya 1980",1
"4582",1.01553570432588,0.808622175827622,"Kenya 1980",1
"4583",0.0822998236399144,0.486630322877318,"Kenya 1980",1
"4584",2.16578980092891,0.921502160839736,"Kenya 1980",1
"4585",1.36686962423846,0.7752520958893,"Kenya 1980",1
"4586",0.186442790552974,0.295753379585221,"Kenya 1980",1
"4587",0.836877368856221,0.172410607803613,"Kenya 1980",1
"4588",1.26948126987554,0.304821391124278,"Kenya 1980",1
"4589",0.913067736430094,0.242965163430199,"Kenya 1980",1
"4590",0.149022795259953,0.484607238089666,"Kenya 1980",1
"4591",0.0849977738689631,0.717029930325225,"Kenya 1980",1
"4592",0.367625097278506,0.267249155789614,"Kenya 1980",1
"4593",0.399621222401038,0.215936284512281,"Kenya 1980",1
"4594",0.783149183029309,0.403892152477056,"Kenya 1980",1
"4595",0.00174609990790486,0.302843596087769,"Kenya 1980",1
"4596",0.0373102161101997,0.978841254487634,"Kenya 1980",1
"4597",0.423585430020466,0.98911150614731,"Kenya 1980",1
"4598",1.1344983454328,0.540512183215469,"Kenya 1980",1
"4599",1.10112684010528,0.112383868079633,"Kenya 1980",1
"4600",0.206554104806855,0.41915743262507,"Kenya 1980",1
"4601",2.09044762887061,0.240530695999041,"Kenya 1980",1
"4602",1.24835253297351,0.228011168073863,"Kenya 1980",1
"4603",0.831197371473536,0.457909506047145,"Kenya 1980",1
"4604",0.00263089151121676,0.427185563137755,"Kenya 1980",1
"4605",2.25629297434352,0.42390624829568,"Kenya 1980",1
"4606",1.78345759911463,0.698288786923513,"Kenya 1980",1
"4607",0.0725565806496888,0.775825614109635,"Kenya 1980",1
"4608",0.790917178150266,0.526405286509544,"Kenya 1980",1
"4609",0.0418785104993731,0.412945806747302,"Kenya 1980",1
"4610",1.59505846258253,0.881434444105253,"Kenya 1980",1
"4611",1.25842099450529,0.30121129588224,"Kenya 1980",1
"4612",0.430847185431048,0.258175123482943,"Kenya 1980",1
"4613",0.742408618563786,0.798020781483501,"Kenya 1980",1
"4614",0.625950220506638,0.887015516636893,"Kenya 1980",1
"4615",0.28488165512681,0.563065990339965,"Kenya 1980",1
"4616",1.18062731204554,0.494401885196567,"Kenya 1980",1
"4617",0.473081461619586,0.944960741791874,"Kenya 1980",1
"4618",0.38844678690657,0.319158734520897,"Kenya 1980",1
"4619",0.0348478239029646,0.849692807067186,"Kenya 1980",1
"4620",0.687263553729281,0.219379482557997,"Kenya 1980",1
"4621",1.03767603845336,0.379241853486747,"Kenya 1980",1
"4622",0.133125558262691,0.456782396649942,"Kenya 1980",1
"4623",0.722633054014295,0.296603057999164,"Kenya 1980",1
"4624",0.59534688689746,0.868387843482196,"Kenya 1980",1
"4625",0.358234573155642,0.530768239405006,"Kenya 1980",1
"4626",0.68021326395683,0.762124713044614,"Kenya 1980",1
"4627",0.949824227951467,0.457429376430809,"Kenya 1980",1
"4628",0.930088600376621,0.139197062468156,"Kenya 1980",1
"4629",0.758328418945894,0.717922890558839,"Kenya 1980",1
"4630",1.03150229738094,0.785852890927345,"Kenya 1980",1
"4631",0.624465823173523,0.546263113850728,"Kenya 1980",1
"4632",0.162010424304754,0.384064279962331,"Kenya 1980",1
"4633",0.116216353839263,0.961381265195087,"Kenya 1980",1
"4634",0.861319238785654,0.281264522811398,"Kenya 1980",1
"4635",1.59916471643373,0.984243737068027,"Kenya 1980",1
"4636",0.34004192892462,0.0695961704477668,"Kenya 1980",1
"4637",0.330275393323973,0.162335829343647,"Kenya 1980",1
"4638",0.691447682445869,0.109873910900205,"Kenya 1980",1
"4639",0.438855765620247,0.336543734418228,"Kenya 1980",1
"4640",0.766498789424077,0.679749517003074,"Kenya 1980",1
"4641",1.83304458344355,0.683833421906456,"Kenya 1980",1
"4642",0.273172799265012,0.698860978474841,"Kenya 1980",1
"4643",0.0394431268796325,0.586160879349336,"Kenya 1980",1
"4644",1.42459526611492,0.474521921714768,"Kenya 1980",1
"4645",1.02567024459131,0.968304268084466,"Kenya 1980",1
"4646",0.442621449474245,0.405585043365136,"Kenya 1980",1
"4647",1.43820587242953,0.597797226393595,"Kenya 1980",1
"4648",0.932374261552468,0.414045310812071,"Kenya 1980",1
"4649",0.018045793287456,0.684800604591146,"Kenya 1980",1
"4650",1.07038306700997,0.783869996201247,"Kenya 1980",1
"4651",0.434315014863387,0.216780947521329,"Kenya 1980",1
"4652",0.66702695726417,0.504444854101166,"Kenya 1980",1
"4653",0.551264005713165,0.800552295288071,"Kenya 1980",1
"4654",1.76272450620309,0.314607542008162,"Kenya 1980",1
"4655",0.943726491183043,0.797380917938426,"Kenya 1980",1
"4656",0.41607646853663,0.179902223870158,"Kenya 1980",1
"4657",1.58158094342798,0.909841364482418,"Kenya 1980",1
"4658",1.23559928638861,0.717522078426555,"Kenya 1980",1
"4659",0.0701247991528362,0.507865811930969,"Kenya 1980",1
"4660",1.64833871321753,0.870572182815522,"Kenya 1980",1
"4661",0.0755994224455208,0.309426198946312,"Kenya 1980",1
"4662",0.183127441210672,0.321960403816774,"Kenya 1980",1
"4663",0.579816934419796,0.347079193918034,"Kenya 1980",1
"4664",0.0727268806658685,0.17353960708715,"Kenya 1980",1
"4665",0.0488756569102407,0.595386225963011,"Kenya 1980",1
"4666",0.663244673749432,0.23109840741381,"Kenya 1980",1
"4667",0.802290366729721,0.15245039248839,"Kenya 1980",1
"4668",0.423105773515999,0.00499267457053065,"Kenya 1980",1
"4669",0.198960599955171,0.0303398333489895,"Kenya 1980",1
"4670",0.382354203611612,0.237660633400083,"Kenya 1980",1
"4671",0.77581398258917,0.739439974771813,"Kenya 1980",1
"4672",2.15611377591267,0.389637605752796,"Kenya 1980",1
"4673",0.885787761071697,0.737741991411895,"Kenya 1980",1
"4674",0.376267500221729,0.413698110496625,"Kenya 1980",1
"4675",0.152530258521438,0.500923500163481,"Kenya 1980",1
"4676",0.684732449473813,0.561826454242691,"Kenya 1980",1
"4677",0.0723389054182917,0.118993582902476,"Kenya 1980",1
"4678",0.149326941696927,0.770472389180213,"Kenya 1980",1
"4679",1.76685222191736,0.0732818196993321,"Kenya 1980",1
"4680",0.0291521558538079,0.0698277712799609,"Kenya 1980",1
"4681",0.367137593915686,0.603289327118546,"Kenya 1980",1
"4682",0.0990693834610283,0.627032111398876,"Kenya 1980",1
"4683",0.279917778912932,0.0317790238186717,"Kenya 1980",1
"4684",1.44658417347819,0.277244869386777,"Kenya 1980",1
"4685",0.777072338853031,0.536097494419664,"Kenya 1980",1
"4686",0.481431891443208,0.744504174217582,"Kenya 1980",1
"4687",0.672685233643278,0.977212662342936,"Kenya 1980",1
"4688",0.39800957380794,0.713503484847024,"Kenya 1980",1
"4689",1.45318074454553,0.617964339442551,"Kenya 1980",1
"4690",1.15731336618774,0.464946904918179,"Kenya 1980",1
"4691",0.293796541169286,0.74315851717256,"Kenya 1980",1
"4692",0.712276204722002,0.683459591120481,"Kenya 1980",1
"4693",1.05567270540632,0.120925877708942,"Kenya 1980",1
"4694",0.919699605088681,0.0191247342154384,"Kenya 1980",1
"4695",1.58290546643548,0.524557923199609,"Kenya 1980",1
"4696",1.44079607189633,0.46708746580407,"Kenya 1980",1
"4697",0.28204415878281,0.20381211140193,"Kenya 1980",1
"4698",0.65693881502375,0.269961954560131,"Kenya 1980",1
"4699",0.0896162101998925,0.731063420884311,"Kenya 1980",1
"4700",1.04047667817213,0.546296362299472,"Kenya 1980",1
"4701",0.3802794017829,0.592130751814693,"Kenya 1980",1
"4702",1.74437202536501,0.138504369650036,"Kenya 1980",1
"4703",0.577741691842675,0.445008337963372,"Kenya 1980",1
"4704",0.201195280300453,0.572254299419001,"Kenya 1980",1
"4705",1.13417690154165,0.539458040846512,"Kenya 1980",1
"4706",0.759747808333486,0.656791270477697,"Kenya 1980",1
"4707",0.222113688010722,0.820017305202782,"Kenya 1980",1
"4708",0.258903980255127,0.590320799732581,"Kenya 1980",1
"4709",0.395762683125213,0.792590307770297,"Kenya 1980",1
"4710",0.359048614511266,0.197436604648829,"Kenya 1980",1
"4711",1.66578837507404,0.774038482224569,"Kenya 1980",1
"4712",0.637850509257987,0.972155075753108,"Kenya 1980",1
"4713",0.903778659878299,0.479737027548254,"Kenya 1980",1
"4714",1.90034589031711,0.223390794824809,"Kenya 1980",1
"4715",1.07524901046418,0.0356430548708886,"Kenya 1980",1
"4716",0.401510159717873,0.127124900463969,"Kenya 1980",1
"4717",2.69659606972709,0.887091192184016,"Kenya 1980",1
"4718",0.861547167180106,0.823920779163018,"Kenya 1980",1
"4719",0.879276287276298,0.241307216696441,"Kenya 1980",1
"4720",0.993869180325419,0.0427850559353828,"Kenya 1980",1
"4721",0.0793524279724807,0.0738243474625051,"Kenya 1980",1
"4722",2.08994630724192,0.707739430712536,"Kenya 1980",1
"4723",0.983619661303237,0.102135556284338,"Kenya 1980",1
"4724",0.0167254186235368,0.0172023298218846,"Kenya 1980",1
"4725",1.55349762202241,0.65119438059628,"Kenya 1980",1
"4726",0.372375921579078,0.548205820610747,"Kenya 1980",1
"4727",0.21311132912524,0.767384252976626,"Kenya 1980",1
"4728",0.0826339381746948,0.0715578196104616,"Kenya 1980",1
"4729",0.964057177305222,0.285206268774346,"Kenya 1980",1
"4730",0.79276274330914,0.030226725153625,"Kenya 1980",1
"4731",0.179938948480412,0.135921340435743,"Kenya 1980",1
"4732",1.52321885945275,0.611523360246792,"Kenya 1980",1
"4733",0.743112599942833,0.759718561777845,"Kenya 1980",1
"4734",0.433263211743906,0.940744094317779,"Kenya 1980",1
"4735",1.12316805683076,0.213114004349336,"Kenya 1980",1
"4736",0.423914732644334,0.832162818405777,"Kenya 1980",1
"4737",0.732124586356804,0.833816565573215,"Kenya 1980",1
"4738",0.686184452148154,0.431202580453828,"Kenya 1980",1
"4739",0.101799301570281,0.523842840688303,"Kenya 1980",1
"4740",0.0843186902347952,0.808238366851583,"Kenya 1980",1
"4741",0.70468964567408,0.434509560000151,"Kenya 1980",1
"4742",0.017126218881458,0.36022990103811,"Kenya 1980",1
"4743",0.10141853056848,0.841432485030964,"Kenya 1980",1
"4744",0.338457262376323,0.226842040894553,"Kenya 1980",1
"4745",0.0999177214689553,0.648943121545017,"Kenya 1980",1
"4746",0.0833348531741649,0.826962172752246,"Kenya 1980",1
"4747",0.370145761873573,0.87883924972266,"Kenya 1980",1
"4748",0.202748753596097,0.806007598293945,"Kenya 1980",1
"4749",1.11291639623232,0.382178584579378,"Kenya 1980",1
"4750",0.164694841951132,0.274191289907321,"Kenya 1980",1
"4751",0.525655719917268,0.533934692619368,"Kenya 1980",1
"4752",0.726815395988524,0.439850540831685,"Kenya 1980",1
"4753",0.413096086587757,0.514055701671168,"Kenya 1980",1
"4754",1.63072040118277,0.375142731936648,"Kenya 1980",1
"4755",0.0745995305478573,0.641030644765124,"Kenya 1980",1
"4756",1.05146881216206,0.600682457443327,"Kenya 1980",1
"4757",0.214736283291131,0.737224202835932,"Kenya 1980",1
"4758",1.03941069426946,0.802828030427918,"Kenya 1980",1
"4759",0.118939757812768,0.769615540746599,"Kenya 1980",1
"4760",0.491089311428368,0.700197053374723,"Kenya 1980",1
"4761",0.837513514095917,0.544762342702597,"Kenya 1980",1
"4762",1.4099251718726,0.828385020373389,"Kenya 1980",1
"4763",0.0489176069386303,0.134943079436198,"Kenya 1980",1
"4764",1.1889998910483,0.305347429588437,"Kenya 1980",1
"4765",0.556092593120411,0.387391691794619,"Kenya 1980",1
"4766",1.1499314380344,0.339306412497535,"Kenya 1980",1
"4767",0.255151086486876,0.277070688083768,"Kenya 1980",1
"4768",0.947142197052017,0.360793671803549,"Kenya 1980",1
"4769",1.52694660122506,0.196629330748692,"Kenya 1980",1
"4770",1.53189936024137,0.798149010632187,"Kenya 1980",1
"4771",2.00094086676836,0.13959834119305,"Kenya 1980",1
"4772",0.463306901045144,0.0771624301560223,"Kenya 1980",1
"4773",0.278933281078935,0.81517254980281,"Kenya 1980",1
"4774",0.475339529570192,0.72613727604039,"Kenya 1980",1
"4775",1.40623815567233,0.351931037846953,"Kenya 1980",1
"4776",0.26308006234467,0.556777552468702,"Kenya 1980",1
"4777",0.506516938330606,0.623563569970429,"Kenya 1980",1
"4778",0.245739020872861,0.826483322773129,"Kenya 1980",1
"4779",0.399975944543257,0.382571578258649,"Kenya 1980",1
"4780",0.434560049325228,0.871221642009914,"Kenya 1980",1
"4781",1.2812461014837,0.268782327650115,"Kenya 1980",1
"4782",0.666586137609556,0.9654156928882,"Kenya 1980",1
"4783",0.198582078097388,0.46113421395421,"Kenya 1980",1
"4784",0.384873206494376,0.000556677114218473,"Kenya 1980",1
"4785",0.602410714840516,0.276390096405521,"Kenya 1980",1
"4786",1.27282285317779,0.821357580833137,"Kenya 1980",1
"4787",0.16226503928192,0.107613447355106,"Kenya 1980",1
"4788",0.103106589987874,0.240444625262171,"Kenya 1980",1
"4789",0.963758843019605,0.918390444247052,"Kenya 1980",1
"4790",2.53284392994829,0.146290250122547,"Kenya 1980",1
"4791",0.0256643467582762,0.255832524737343,"Kenya 1980",1
"4792",0.908372157253325,0.883038140833378,"Kenya 1980",1
"4793",1.42865097150207,0.180302433902398,"Kenya 1980",1
"4794",1.08105108048767,0.214835586259142,"Kenya 1980",1
"4795",0.773490476422012,0.722310698125511,"Kenya 1980",1
"4796",1.43781344569288,0.143735162913799,"Kenya 1980",1
"4797",0.512010360136628,0.805903082480654,"Kenya 1980",1
"4798",0.730808941880241,0.706579878926277,"Kenya 1980",1
"4799",0.386233523720875,0.780656545655802,"Kenya 1980",1
"4800",0.476945803966373,0.185882351594046,"Kenya 1980",1
"4801",0.617028831504285,0.728580394294113,"Kenya 1980",1
"4802",0.983180683571845,0.84333252441138,"Kenya 1980",1
"4803",0.354600316844881,0.769783440046012,"Kenya 1980",1
"4804",1.58852549130097,0.473415679996833,"Kenya 1980",1
"4805",1.57167995232157,0.366214451147243,"Kenya 1980",1
"4806",0.227681358112022,0.904484345810488,"Kenya 1980",1
"4807",0.240829017246142,0.509192418539897,"Kenya 1980",1
"4808",0.992734308354557,0.706301814178005,"Kenya 1980",1
"4809",0.239696371369064,0.421354041667655,"Kenya 1980",1
"4810",0.695427137659863,0.515147232450545,"Kenya 1980",1
"4811",0.607985038775951,0.523480604868382,"Kenya 1980",1
"4812",0.474725048756227,0.109368246747181,"Kenya 1980",1
"4813",1.19062311993912,0.210317847086117,"Kenya 1980",1
"4814",0.555704875616357,0.27044287789613,"Kenya 1980",1
"4815",2.09576243860647,0.151728295255452,"Kenya 1980",1
"4816",0.239938184386119,0.553915069904178,"Kenya 1980",1
"4817",0.48460203059949,0.168441861402243,"Kenya 1980",1
"4818",0.376877058064565,0.14750907686539,"Kenya 1980",1
"4819",0.291435484075919,0.155682196840644,"Kenya 1980",1
"4820",0.502835454884917,0.419511927990243,"Kenya 1980",1
"4821",0.460984418168664,0.701327855233103,"Kenya 1980",1
"4822",2.137878641719,0.263686660910025,"Kenya 1980",1
"4823",0.716549123637378,0.865872068563476,"Kenya 1980",1
"4824",0.686054663266987,0.104506129864603,"Kenya 1980",1
"4825",0.940323112299666,0.553096208488569,"Kenya 1980",1
"4826",0.106304133078083,0.105163242202252,"Kenya 1980",1
"4827",0.201655074488372,0.954400893067941,"Kenya 1980",1
"4828",0.247404013294727,0.2643340411596,"Kenya 1980",1
"4829",0.370312051847577,0.765949474880472,"Kenya 1980",1
"4830",0.67313633300364,0.132483023917302,"Kenya 1980",1
"4831",0.280451452592388,0.805414467584342,"Kenya 1980",1
"4832",1.52832723897882,0.0604731312487274,"Kenya 1980",1
"4833",0.146834672195837,0.0296594162937254,"Kenya 1980",1
"4834",0.602144629927352,0.11499925586395,"Kenya 1980",1
"4835",2.42510825861245,0.760765012353659,"Kenya 1980",1
"4836",0.271862869849429,0.288223745301366,"Kenya 1980",1
"4837",0.471721811452881,0.769600599072874,"Kenya 1980",1
"4838",0.342923501506448,0.77733134990558,"Kenya 1980",1
"4839",0.752461110474542,0.173089147312567,"Kenya 1980",1
"4840",2.0024484351743,0.632586175808683,"Kenya 1980",1
"4841",0.489795702276751,0.782662274083123,"Kenya 1980",1
"4842",1.31427471642382,0.784088150598109,"Kenya 1980",1
"4843",0.248029164271429,0.338651351165026,"Kenya 1980",1
"4844",0.146876757033169,0.584712750278413,"Kenya 1980",1
"4845",0.874731451738626,0.043355165515095,"Kenya 1980",1
"4846",0.215178363025188,0.3329283290077,"Kenya 1980",1
"4847",0.362970135407522,0.353689240757376,"Kenya 1980",1
"4848",0.438311618752778,0.320786012103781,"Kenya 1980",1
"4849",0.761566225904971,0.0117004544008523,"Kenya 1980",1
"4850",0.808833385817707,0.221704651601613,"Kenya 1980",1
"4851",0.386412874097005,0.125395235372707,"Kenya 1980",1
"4852",1.94508933182806,0.634496650425717,"Kenya 1980",1
"4853",0.315067079616711,0.0957988486625254,"Kenya 1980",1
"4854",0.293312205467373,0.5373625154607,"Kenya 1980",1
"4855",0.618784407153726,0.565400087973103,"Kenya 1980",1
"4856",0.0015873285010457,0.779783150646836,"Kenya 1980",1
"4857",0.24861475545913,0.325170404044911,"Kenya 1980",1
"4858",0.508495909860358,0.802804771577939,"Kenya 1980",1
"4859",0.236932380823418,0.516443583182991,"Kenya 1980",1
"4860",0.811413388699293,0.970517884474248,"Kenya 1980",1
"4861",1.92145700706169,0.717763163149357,"Kenya 1980",1
"4862",1.08082098187879,0.283214533701539,"Kenya 1980",1
"4863",0.916260377503932,0.562440948560834,"Kenya 1980",1
"4864",0.696131990058348,0.88514182320796,"Kenya 1980",1
"4865",0.000826860079541802,0.115267083281651,"Kenya 1980",1
"4866",1.63988127233461,0.533661914989352,"Kenya 1980",1
"4867",1.08828550670296,0.21640351973474,"Kenya 1980",1
"4868",1.22475989651866,0.176663261838257,"Kenya 1980",1
"4869",0.61126125510782,0.381073225988075,"Kenya 1980",1
"4870",0.0510544083081186,0.94206576119177,"Kenya 1980",1
"4871",0.318143045296893,0.155173226958141,"Kenya 1980",1
"4872",1.79495401284657,0.24095411435701,"Kenya 1980",1
"4873",0.00877508008852601,0.68839723453857,"Kenya 1980",1
"4874",0.184311155928299,0.199274298967794,"Kenya 1980",1
"4875",1.05255368538201,0.362649855669588,"Kenya 1980",1
"4876",2.44543152395636,0.691768887452781,"Kenya 1980",1
"4877",2.00735859037377,0.46274539665319,"Kenya 1980",1
"4878",1.01898422534578,0.412716296967119,"Kenya 1980",1
"4879",0.591690671397373,0.196433692239225,"Kenya 1980",1
"4880",1.52210496668704,0.0581827119458467,"Kenya 1980",1
"4881",1.68201835197397,0.0387615142390132,"Kenya 1980",1
"4882",0.262245340738446,0.587264143629,"Kenya 1980",1
"4883",0.0837042792700231,0.530705618439242,"Kenya 1980",1
"4884",0.584962897701189,0.104310890892521,"Kenya 1980",1
"4885",0.0635355217382312,0.758746595820412,"Kenya 1980",1
"4886",0.315283380914479,0.68012697971426,"Kenya 1980",1
"4887",0.559458245057613,0.720361459767446,"Kenya 1980",1
"4888",0.159697216004133,0.267644122475758,"Kenya 1980",1
"4889",0.0482711400836706,0.063365233829245,"Kenya 1980",1
"4890",0.24575471249409,0.458616743562743,"Kenya 1980",1
"4891",0.715760427061468,0.000762352021411061,"Kenya 1980",1
"4892",0.672824964858592,0.908699594670907,"Kenya 1980",1
"4893",0.203478178242221,0.118539236485958,"Kenya 1980",1
"4894",0.376724025467411,0.0788886377122253,"Kenya 1980",1
"4895",1.4812431090977,0.523891487857327,"Kenya 1980",1
"4896",0.234138829400763,0.32189141982235,"Kenya 1980",1
"4897",0.471786139067262,0.865899950265884,"Kenya 1980",1
"4898",1.24408603319898,0.0562870358116925,"Kenya 1980",1
"4899",1.70162125839852,0.452073278836906,"Kenya 1980",1
"4900",1.48334764991887,0.965540020726621,"Kenya 1980",1
"4901",0.103268546517938,0.0812351836357266,"Kenya 1980",1
"4902",2.92891619936563,0.414332805667073,"Kenya 1980",1
"4903",1.15164070646279,0.768694128841162,"Kenya 1980",1
"4904",0.827901000156999,0.259995370637625,"Kenya 1980",1
"4905",0.792776742484421,0.964720498770475,"Kenya 1980",1
"4906",0.884285497711971,0.887202176498249,"Kenya 1980",1
"4907",0.574461589800194,0.093919004779309,"Kenya 1980",1
"4908",1.13243260933086,0.297800553962588,"Kenya 1980",1
"4909",0.837831716286018,0.168986734701321,"Kenya 1980",1
"4910",0.701849307166412,0.194523290963843,"Kenya 1980",1
"4911",1.10024921782315,0.946890982799232,"Kenya 1980",1
"4912",0.967056463938206,0.176599096972495,"Kenya 1980",1
"4913",0.806198302656412,0.0456316040363163,"Kenya 1980",1
"4914",1.26978176739067,0.326651350362226,"Kenya 1980",1
"4915",0.226894854102284,0.440469787223265,"Kenya 1980",1
"4916",1.38637569663115,0.209514298243448,"Kenya 1980",1
"4917",0.084497650153935,0.74173123203218,"Kenya 1980",1
"4918",2.02932444540784,0.0534436290618032,"Kenya 1980",1
"4919",0.15699556376785,0.498940812190995,"Kenya 1980",1
"4920",0.00300946645438671,0.879007623298094,"Kenya 1980",1
"4921",0.564149919664487,0.377682636724785,"Kenya 1980",1
"4922",0.579557594144717,0.452413679333404,"Kenya 1980",1
"4923",2.84176763892174,0.611823067767546,"Kenya 1980",1
"4924",1.09711512434296,0.713738292455673,"Kenya 1980",1
"4925",1.3553539600689,0.757830820744857,"Kenya 1980",1
"4926",0.176807570038363,0.293909397674724,"Kenya 1980",1
"4927",0.248683797894046,0.704771228134632,"Kenya 1980",1
"4928",0.892082786886021,0.487537915119901,"Kenya 1980",1
"4929",1.71354619343765,0.820681840414181,"Kenya 1980",1
"4930",0.709555066656321,0.760510832071304,"Kenya 1980",1
"4931",0.92213000357151,0.460841258754954,"Kenya 1980",1
"4932",0.342183436034247,0.0503234784118831,"Kenya 1980",1
"4933",0.210965855279937,0.457322031026706,"Kenya 1980",1
"4934",0.282512697391212,0.0363919814117253,"Kenya 1980",1
"4935",1.72830316820182,0.949590365635231,"Kenya 1980",1
"4936",0.810068752616644,0.843647256027907,"Kenya 1980",1
"4937",0.400224170414731,0.154647164745256,"Kenya 1980",1
"4938",1.2330033488106,0.850208746735007,"Kenya 1980",1
"4939",0.753818987868726,0.601252744439989,"Kenya 1980",1
"4940",1.87353936047293,0.233977466123179,"Kenya 1980",1
"4941",0.278518214123324,0.216228058794513,"Kenya 1980",1
"4942",1.86930132843554,0.354507333599031,"Kenya 1980",1
"4943",0.0487365543376654,0.692593637853861,"Kenya 1980",1
"4944",0.408765039872378,0.531205310253426,"Kenya 1980",1
"4945",0.429427782073617,0.411736127920449,"Kenya 1980",1
"4946",1.7458764128387,0.725939699914306,"Kenya 1980",1
"4947",1.21167388278991,0.28386828280054,"Kenya 1980",1
"4948",0.221973465755582,0.0549332618247718,"Kenya 1980",1
"4949",0.44723436422646,0.483434409135953,"Kenya 1980",1
"4950",1.63033282267861,0.614800804527476,"Kenya 1980",1
"4951",0.294748459942639,0.454445518320426,"Kenya 1980",1
"4952",2.55573210376315,0.445192499319091,"Kenya 1980",1
"4953",1.24139812169597,0.0754354349337518,"Kenya 1980",1
"4954",0.981586220674217,0.36580455978401,"Kenya 1980",1
"4955",2.61048348457552,0.10765880625695,"Kenya 1980",1
"4956",0.469800304854289,0.238275538431481,"Kenya 1980",1
"4957",0.751887768041342,0.175892887171358,"Kenya 1980",1
"4958",1.50584203773178,0.070533785270527,"Kenya 1980",1
"4959",0.365939171751961,0.308491899166256,"Kenya 1980",1
"4960",1.33708882075734,0.448692305013537,"Kenya 1980",1
"4961",0.186174140078947,0.270538463955745,"Kenya 1980",1
"4962",0.214495572494343,0.628025458427146,"Kenya 1980",1
"4963",0.088686038274318,0.85345188784413,"Kenya 1980",1
"4964",0.643791205482557,0.873860937077552,"Kenya 1980",1
"4965",0.677159870741889,0.380000003380701,"Kenya 1980",1
"4966",1.73258132720366,0.059499324997887,"Kenya 1980",1
"4967",0.205158911878243,0.639954955084249,"Kenya 1980",1
"4968",0.114267921773717,0.0638798740692437,"Kenya 1980",1
"4969",0.0370631113182753,0.345845486270264,"Kenya 1980",1
"4970",1.83950178092346,0.412530458765104,"Kenya 1980",1
"4971",0.782912832219154,0.740497548365965,"Kenya 1980",1
"4972",1.88303615665063,0.739637990714982,"Kenya 1980",1
"4973",0.417025760281831,0.122296444373205,"Kenya 1980",1
"4974",0.521805827971548,0.500933739822358,"Kenya 1980",1
"4975",0.00526084494777024,0.121575684053823,"Kenya 1980",1
"4976",1.31233241013251,0.39861761033535,"Kenya 1980",1
"4977",0.181155249243602,0.28509435756132,"Kenya 1980",1
"4978",1.17492295335978,0.0917386107612401,"Kenya 1980",1
"4979",0.983273158315569,0.170288432389498,"Kenya 1980",1
"4980",0.525322672678158,0.586252006702125,"Kenya 1980",1
"4981",0.402365632820874,0.420083339093253,"Kenya 1980",1
"4982",0.173127802787349,0.992009778507054,"Kenya 1980",1
"4983",0.804280007723719,0.349434534087777,"Kenya 1980",1
"4984",0.106977183138952,0.348271223250777,"Kenya 1980",1
"4985",0.331100379349664,0.000223739072680473,"Kenya 1980",1
"4986",0.695502173155546,0.367736963788047,"Kenya 1980",1
"4987",1.2466914569959,0.202489069430158,"Kenya 1980",1
"4988",0.335149486782029,0.423232606379315,"Kenya 1980",1
"4989",0.0605582767166197,0.434517168905586,"Kenya 1980",1
"4990",2.58321854984388,0.238809070317075,"Kenya 1980",1
"4991",0.903016894357279,0.595156528055668,"Kenya 1980",1
"4992",0.35362069029361,0.581129367928952,"Kenya 1980",1
"4993",1.05303016165271,0.853626078460366,"Kenya 1980",1
"4994",0.649540716782212,0.00162605359219015,"Kenya 1980",1
"4995",0.242765782400966,0.676385655533522,"Kenya 1980",1
"4996",0.0830791317857802,0.0422164550982416,"Kenya 1980",1
"4997",1.67338229552843,0.518139052204788,"Kenya 1980",1
"4998",1.39567323820665,0.318858815124258,"Kenya 1980",1
"4999",0.966408530948684,0.363752739038318,"Kenya 1980",1
"5000",0.40893638972193,0.102649078238755,"Kenya 1980",1
"5001",0.301155648194253,0.720573955681175,"Kenya 1980",1
"5002",0.972526135621592,0.890706566860899,"Kenya 1980",1
"5003",0.905638992553577,0.346042189281434,"Kenya 1980",1
"5004",0.632139567984268,0.791912528686225,"Kenya 1980",1
"5005",0.396591000957415,0.174482489703223,"Kenya 1980",1
"5006",1.43502451968379,0.70298362383619,"Kenya 1980",1
"5007",0.723741479683667,0.611546192551032,"Kenya 1980",1
"5008",0.978406755253673,0.431450228672475,"Kenya 1980",1
"5009",1.48515602597035,0.885629228083417,"Kenya 1980",1
"5010",0.392472341889516,0.213262582430616,"Kenya 1980",1
"5011",0.127589214127511,0.952896613627672,"Kenya 1987",1
"5012",0.339258964871988,0.0496299925725907,"Kenya 1987",1
"5013",1.29629754787311,0.0788778411224484,"Kenya 1987",1
"5014",2.45511235110462,0.0921943667344749,"Kenya 1987",1
"5015",1.80322639527731,0.746606637956575,"Kenya 1987",1
"5016",0.510755624854937,0.855634801322594,"Kenya 1987",1
"5017",0.517235747538507,0.580103684449568,"Kenya 1987",1
"5018",0.914694596780464,0.104115845635533,"Kenya 1987",1
"5019",0.26318998541683,0.940105874789879,"Kenya 1987",1
"5020",0.675495286239311,0.992944184225053,"Kenya 1987",1
"5021",0.33855695463717,0.424408772727475,"Kenya 1987",1
"5022",2.15927732619457,0.94882528972812,"Kenya 1987",1
"5023",1.20040451874956,0.89888227568008,"Kenya 1987",1
"5024",0.253685402451083,0.985432291170582,"Kenya 1987",1
"5025",1.04614195134491,0.85282970010303,"Kenya 1987",1
"5026",0.313441480742767,0.0259348708204925,"Kenya 1987",1
"5027",2.79207728127949,0.118711784482002,"Kenya 1987",1
"5028",0.971745779039338,0.906037871725857,"Kenya 1987",1
"5029",1.52829677355476,0.0251747253350914,"Kenya 1987",1
"5030",1.96597336605191,0.109863877063617,"Kenya 1987",1
"5031",0.717231994494796,0.4781621794682,"Kenya 1987",1
"5032",0.76583968475461,0.545275432989001,"Kenya 1987",1
"5033",0.831810782197863,0.577186418930069,"Kenya 1987",1
"5034",1.88845065305941,0.683509196387604,"Kenya 1987",1
"5035",0.147114543244243,0.18281734501943,"Kenya 1987",1
"5036",0.0193310107570142,0.766539683099836,"Kenya 1987",1
"5037",2.40739087946713,0.798185421386734,"Kenya 1987",1
"5038",0.548492660745978,0.178873581113294,"Kenya 1987",1
"5039",0.531504641287029,0.108196459710598,"Kenya 1987",1
"5040",0.882114535197616,0.456408307189122,"Kenya 1987",1
"5041",2.02090142481029,0.333299344405532,"Kenya 1987",1
"5042",0.00573879852890968,0.662489256588742,"Kenya 1987",1
"5043",0.185196553124115,0.0463437477592379,"Kenya 1987",1
"5044",1.70001863362268,0.561675320612267,"Kenya 1987",1
"5045",0.271565280854702,0.401722682174295,"Kenya 1987",1
"5046",1.64778211014345,0.847785864258185,"Kenya 1987",1
"5047",0.975637149531394,0.534678060561419,"Kenya 1987",1
"5048",0.199918042402714,0.937032466987148,"Kenya 1987",1
"5049",0.23061550478451,0.271775599801913,"Kenya 1987",1
"5050",0.629264460643753,0.231304754503071,"Kenya 1987",1
"5051",1.60541655868292,0.82177438493818,"Kenya 1987",1
"5052",0.617005565436557,0.353220482589677,"Kenya 1987",1
"5053",0.340764439897612,0.236861665733159,"Kenya 1987",1
"5054",0.713714711135253,0.161233745049685,"Kenya 1987",1
"5055",1.70964006800205,0.153347209561616,"Kenya 1987",1
"5056",0.333537730621174,0.6242841926869,"Kenya 1987",1
"5057",2.27835020818748,0.158382192952558,"Kenya 1987",1
"5058",1.53554796427488,0.179926681797951,"Kenya 1987",1
"5059",0.373989208135754,0.56045995070599,"Kenya 1987",1
"5060",0.460329574998468,0.406022410374135,"Kenya 1987",1
"5061",0.214584869099781,0.85650427872315,"Kenya 1987",1
"5062",2.79388006101362,0.954465037910268,"Kenya 1987",1
"5063",1.81891764211468,0.0393091377336532,"Kenya 1987",1
"5064",0.0152870058082044,0.183221807936206,"Kenya 1987",1
"5065",0.637627529678866,0.552951318444684,"Kenya 1987",1
"5066",0.440007000463083,0.180966208688915,"Kenya 1987",1
"5067",0.197739475406706,0.986488033784553,"Kenya 1987",1
"5068",1.56249390821904,0.804772161878645,"Kenya 1987",1
"5069",1.10024921782315,0.946890982799232,"Kenya 1987",1
"5070",2.13095393939875,0.958959309384227,"Kenya 1987",1
"5071",1.54786302731372,0.337045785738155,"Kenya 1987",1
"5072",1.60492038493976,0.0937025535386056,"Kenya 1987",1
"5073",0.547075255773962,0.273898935178295,"Kenya 1987",1
"5074",0.382354203611612,0.237660633400083,"Kenya 1987",1
"5075",1.95483500766568,0.892615139717236,"Kenya 1987",1
"5076",0.283107966883108,0.575344735523686,"Kenya 1987",1
"5077",0.389261209638789,0.487372756935656,"Kenya 1987",1
"5078",0.553436090704054,0.417437969241291,"Kenya 1987",1
"5079",0.950035331072286,0.649806705536321,"Kenya 1987",1
"5080",0.213758143829182,0.225947548402473,"Kenya 1987",1
"5081",0.139853262808174,0.94276986294426,"Kenya 1987",1
"5082",0.583471689373255,0.146686295047402,"Kenya 1987",1
"5083",1.85512557299808,0.613169386982918,"Kenya 1987",1
"5084",0.257101187249646,0.633349540643394,"Kenya 1987",1
"5085",0.833182994043455,0.986413940088823,"Kenya 1987",1
"5086",0.163657056167722,0.696578504052013,"Kenya 1987",1
"5087",1.00953903933987,0.733480602968484,"Kenya 1987",1
"5088",0.0813019936904311,0.699435859685764,"Kenya 1987",1
"5089",1.98862887290306,0.242312982911244,"Kenya 1987",1
"5090",1.03932680538855,0.655966049293056,"Kenya 1987",1
"5091",0.830143549712375,0.0824733243789524,"Kenya 1987",1
"5092",1.29526415141299,0.969891171669587,"Kenya 1987",1
"5093",0.103477615630254,0.805905858287588,"Kenya 1987",1
"5094",0.426098685711622,0.0889963074587286,"Kenya 1987",1
"5095",0.533336371416226,0.177047291072085,"Kenya 1987",1
"5096",0.58128041611053,0.461193478666246,"Kenya 1987",1
"5097",0.699060154147446,0.836374591104686,"Kenya 1987",1
"5098",0.883277675835416,0.42088180128485,"Kenya 1987",1
"5099",1.68492879252881,0.475843303836882,"Kenya 1987",1
"5100",1.30735545745119,0.0727938155177981,"Kenya 1987",1
"5101",1.18717586598359,0.47694675042294,"Kenya 1987",1
"5102",0.620204309932888,0.869466892676428,"Kenya 1987",1
"5103",2.49136017006822,0.811128216795623,"Kenya 1987",1
"5104",0.509425474097952,0.184190691914409,"Kenya 1987",1
"5105",0.964859920553863,0.130581466015428,"Kenya 1987",1
"5106",1.51656872453168,0.907187132630497,"Kenya 1987",1
"5107",0.407978429691866,0.40366842946969,"Kenya 1987",1
"5108",0.266881620744243,0.0849979133345187,"Kenya 1987",1
"5109",1.26978176739067,0.326651350362226,"Kenya 1987",1
"5110",0.283760110381991,0.398369820322841,"Kenya 1987",1
"5111",2.64821122563444,0.483055689372122,"Kenya 1987",1
"5112",2.42460152297281,0.743150701280683,"Kenya 1987",1
"5113",0.456880734767765,0.305628617061302,"Kenya 1987",1
"5114",1.49051545676775,0.380934723652899,"Kenya 1987",1
"5115",1.5895087828394,0.523269134340808,"Kenya 1987",1
"5116",0.663960839621723,0.773272080812603,"Kenya 1987",1
"5117",0.0233756296802312,0.240661383373663,"Kenya 1987",1
"5118",0.717162400949746,0.98218511743471,"Kenya 1987",1
"5119",0.0327102073933929,0.0814005821011961,"Kenya 1987",1
"5120",1.69867437053472,0.401876446325332,"Kenya 1987",1
"5121",0.82163373241201,0.419755595037714,"Kenya 1987",1
"5122",1.36743909702636,0.346524496562779,"Kenya 1987",1
"5123",1.09864562074654,0.983039500657469,"Kenya 1987",1
"5124",0.643517724936828,0.25265556643717,"Kenya 1987",1
"5125",0.759149074321613,0.327468179864809,"Kenya 1987",1
"5126",0.618029625155032,0.523517645196989,"Kenya 1987",1
"5127",2.12686810037121,0.783729396527633,"Kenya 1987",1
"5128",0.970634245779365,0.340877365786582,"Kenya 1987",1
"5129",0.66702695726417,0.504444854101166,"Kenya 1987",1
"5130",0.969184990273789,0.42968685622327,"Kenya 1987",1
"5131",1.67437245463952,0.631437821313739,"Kenya 1987",1
"5132",0.880024038953707,0.10835171979852,"Kenya 1987",1
"5133",0.204869942972437,0.819781807018444,"Kenya 1987",1
"5134",1.26678010309115,0.618789301021025,"Kenya 1987",1
"5135",0.20727872592397,0.199482432100922,"Kenya 1987",1
"5136",1.35811388329603,0.843377066310495,"Kenya 1987",1
"5137",1.9021251029335,0.921255622059107,"Kenya 1987",1
"5138",0.582156264223158,0.136246439768001,"Kenya 1987",1
"5139",0.266360882436857,0.911905440269038,"Kenya 1987",1
"5140",1.24190521007404,0.0746744954958558,"Kenya 1987",1
"5141",1.43080218555406,0.589130902895704,"Kenya 1987",1
"5142",0.124289851868525,0.958708741003647,"Kenya 1987",1
"5143",0.0957460727076977,0.531355124898255,"Kenya 1987",1
"5144",0.709090848220512,0.0100751814898103,"Kenya 1987",1
"5145",0.579816934419796,0.347079193918034,"Kenya 1987",1
"5146",0.780868746573105,0.159168458078057,"Kenya 1987",1
"5147",0.777774811489508,0.517403519945219,"Kenya 1987",1
"5148",0.245162281673402,0.962425060104579,"Kenya 1987",1
"5149",0.262012866558507,0.111018267925829,"Kenya 1987",1
"5150",0.333022673847154,0.389689442003146,"Kenya 1987",1
"5151",2.22215243638493,0.551170186605304,"Kenya 1987",1
"5152",2.39828731678426,0.844841255806386,"Kenya 1987",1
"5153",0.392757865134627,0.368768049404025,"Kenya 1987",1
"5154",1.65041045495309,0.563243033364415,"Kenya 1987",1
"5155",1.16075151390396,0.693607947090641,"Kenya 1987",1
"5156",1.28792758192867,0.743802588665858,"Kenya 1987",1
"5157",0.255354291759431,0.475539606530219,"Kenya 1987",1
"5158",0.0281649848911911,0.632092364132404,"Kenya 1987",1
"5159",2.94864190276712,0.462429403560236,"Kenya 1987",1
"5160",2.43235340667889,0.838974104262888,"Kenya 1987",1
"5161",0.12672100472264,0.93019060138613,"Kenya 1987",1
"5162",0.181115083163604,0.149134662933648,"Kenya 1987",1
"5163",1.43758733826689,0.940696478588507,"Kenya 1987",1
"5164",0.291891055880114,0.347195531241596,"Kenya 1987",1
"5165",0.608880397165194,0.719341542106122,"Kenya 1987",1
"5166",0.977124956203625,0.106919848825783,"Kenya 1987",1
"5167",0.911317064892501,0.739968982758,"Kenya 1987",1
"5168",0.159162495285273,0.00499461241997778,"Kenya 1987",1
"5169",0.580325115239248,0.923242236487567,"Kenya 1987",1
"5170",1.81590424315073,0.00255068601109087,"Kenya 1987",1
"5171",0.693569571711123,0.665936431381851,"Kenya 1987",1
"5172",0.47177728288807,0.628373267827556,"Kenya 1987",1
"5173",1.30282093514688,0.29628830216825,"Kenya 1987",1
"5174",0.380564848892391,0.418393913423643,"Kenya 1987",1
"5175",1.76302464189939,0.79546167422086,"Kenya 1987",1
"5176",0.0307606989517808,0.210643237223849,"Kenya 1987",1
"5177",0.295850161928684,0.575258360709995,"Kenya 1987",1
"5178",0.711452588438988,0.738809771835804,"Kenya 1987",1
"5179",1.94044807786122,0.851252565858886,"Kenya 1987",1
"5180",0.607846946222708,0.698760069906712,"Kenya 1987",1
"5181",1.15365877118893,0.122396457474679,"Kenya 1987",1
"5182",0.0397687407676131,0.277305288938805,"Kenya 1987",1
"5183",0.561384534928948,0.93026359542273,"Kenya 1987",1
"5184",0.947638586629182,0.284340709680691,"Kenya 1987",1
"5185",0.268946274183691,0.431647841818631,"Kenya 1987",1
"5186",1.09711407101713,0.889203009195626,"Kenya 1987",1
"5187",0.0200611045584083,0.292982316343114,"Kenya 1987",1
"5188",1.54557770071551,0.923629154451191,"Kenya 1987",1
"5189",0.178237084764987,0.455346495611593,"Kenya 1987",1
"5190",0.125657774275169,0.741534097585827,"Kenya 1987",1
"5191",1.58989794482477,0.706633867928758,"Kenya 1987",1
"5192",1.15981739619747,0.656217143172398,"Kenya 1987",1
"5193",1.64580338238738,0.79785102698952,"Kenya 1987",1
"5194",1.45141202956438,0.716308473143727,"Kenya 1987",1
"5195",0.265943384729326,0.762112155323848,"Kenya 1987",1
"5196",2.46307833236642,0.114586907206103,"Kenya 1987",1
"5197",0.150065687019378,0.814648784231395,"Kenya 1987",1
"5198",1.32772442931309,0.189107003621757,"Kenya 1987",1
"5199",2.18496108823456,0.437647651648149,"Kenya 1987",1
"5200",0.229307663161308,0.148228913079947,"Kenya 1987",1
"5201",1.28190659335814,0.055528458673507,"Kenya 1987",1
"5202",1.55601396854036,0.0848799734376371,"Kenya 1987",1
"5203",1.89237735047936,0.275712268659845,"Kenya 1987",1
"5204",2.6390459316317,0.854692344786599,"Kenya 1987",1
"5205",2.3152045130264,0.0232201174367219,"Kenya 1987",1
"5206",0.13604871626012,0.525164990918711,"Kenya 1987",1
"5207",0.0738642630167305,0.662632399704307,"Kenya 1987",1
"5208",0.719302932964638,0.147105222102255,"Kenya 1987",1
"5209",0.205907664494589,0.343328168150038,"Kenya 1987",1
"5210",0.0268899905495346,0.919597323052585,"Kenya 1987",1
"5211",1.85350118321367,0.137134421849623,"Kenya 1987",1
"5212",0.66621780465357,0.585825749672949,"Kenya 1987",1
"5213",0.58353774365969,0.800371175166219,"Kenya 1987",1
"5214",0.494925094535574,0.863377739209682,"Kenya 1987",1
"5215",1.16308083990589,0.0555544402450323,"Kenya 1987",1
"5216",0.324818432098255,0.979003929067403,"Kenya 1987",1
"5217",2.16836953838356,0.254839358618483,"Kenya 1987",1
"5218",0.466165663674474,0.998746020486578,"Kenya 1987",1
"5219",0.177989076822996,0.909798881504685,"Kenya 1987",1
"5220",2.42411923315376,0.00655911187641323,"Kenya 1987",1
"5221",0.246601959457621,0.690224408404902,"Kenya 1987",1
"5222",0.00177740002982318,0.00332258827984333,"Kenya 1987",1
"5223",0.940365039976314,0.139198499266058,"Kenya 1987",1
"5224",0.926368079613894,0.696193316252902,"Kenya 1987",1
"5225",0.59047843515873,0.87144710496068,"Kenya 1987",1
"5226",0.976775150746107,0.877949654357508,"Kenya 1987",1
"5227",1.02647446864285,0.673916901927441,"Kenya 1987",1
"5228",2.00844961381517,0.966387460939586,"Kenya 1987",1
"5229",0.833441573660821,0.0953943128697574,"Kenya 1987",1
"5230",0.757311094785109,0.732061945134774,"Kenya 1987",1
"5231",0.315303776878864,0.516196926822886,"Kenya 1987",1
"5232",1.389175636461,0.84686723863706,"Kenya 1987",1
"5233",0.0231997857335955,0.594060878502205,"Kenya 1987",1
"5234",1.07882766402327,0.0969999898225069,"Kenya 1987",1
"5235",0.736708753975108,0.225414892425761,"Kenya 1987",1
"5236",0.0601932636927813,0.0148026212118566,"Kenya 1987",1
"5237",0.0515321202110499,0.994917793665081,"Kenya 1987",1
"5238",2.79782287683338,0.653964306460693,"Kenya 1987",1
"5239",0.983047238085419,0.505407772026956,"Kenya 1987",1
"5240",0.279860478127375,0.441548219649121,"Kenya 1987",1
"5241",2.58796779485419,0.293902560137212,"Kenya 1987",1
"5242",0.620533607667312,0.179821233963594,"Kenya 1987",1
"5243",0.509177286643535,0.794279970461503,"Kenya 1987",1
"5244",0.193878788966686,0.0582750777248293,"Kenya 1987",1
"5245",0.156846919795498,0.199464102741331,"Kenya 1987",1
"5246",0.117360145552084,0.384077344322577,"Kenya 1987",1
"5247",0.237801311770454,0.253394241211936,"Kenya 1987",1
"5248",0.0762327639386058,0.915324023924768,"Kenya 1987",1
"5249",1.4689944377169,0.137998729944229,"Kenya 1987",1
"5250",0.00582364504225552,0.491019120672718,"Kenya 1987",1
"5251",0.895175223005936,0.0809896818827838,"Kenya 1987",1
"5252",0.159737798385322,0.284112493274733,"Kenya 1987",1
"5253",0.751966707408428,0.561332685640082,"Kenya 1987",1
"5254",1.39310593111441,0.761407899437472,"Kenya 1987",1
"5255",2.72463498800062,0.0571456230245531,"Kenya 1987",1
"5256",0.177209621295333,0.503317726543173,"Kenya 1987",1
"5257",0.122797821415588,0.868842867901549,"Kenya 1987",1
"5258",0.776215684600174,0.0933407305274159,"Kenya 1987",1
"5259",0.606356622185558,0.700296031311154,"Kenya 1987",1
"5260",0.0416109978687018,0.178488193079829,"Kenya 1987",1
"5261",0.379021215252578,0.208405625540763,"Kenya 1987",1
"5262",0.271625372814015,0.161468548001722,"Kenya 1987",1
"5263",0.0389943416230381,0.0483610501978546,"Kenya 1987",1
"5264",0.525988424895331,0.178363298298791,"Kenya 1987",1
"5265",1.51102208532393,0.739549350691959,"Kenya 1987",1
"5266",0.812698086490855,0.342461001360789,"Kenya 1987",1
"5267",0.484291112981737,0.39131907816045,"Kenya 1987",1
"5268",2.43294582073577,0.66986973839812,"Kenya 1987",1
"5269",0.629431282868609,0.879466947400942,"Kenya 1987",1
"5270",0.638266741996631,0.279617003630847,"Kenya 1987",1
"5271",1.11934660677798,0.790488147642463,"Kenya 1987",1
"5272",0.142296537989751,0.101265277946368,"Kenya 1987",1
"5273",0.61769606731832,0.6790554120671,"Kenya 1987",1
"5274",0.214436203474179,0.117649870691821,"Kenya 1987",1
"5275",2.48985215602443,0.354957128642127,"Kenya 1987",1
"5276",0.799319241894409,0.601153625408188,"Kenya 1987",1
"5277",0.975040230900049,0.854841134743765,"Kenya 1987",1
"5278",0.200002556433901,0.323576120194048,"Kenya 1987",1
"5279",0.396519744303077,0.821220008656383,"Kenya 1987",1
"5280",0.327917164424434,0.497845226200297,"Kenya 1987",1
"5281",2.6405720540788,0.703276177169755,"Kenya 1987",1
"5282",1.6675216932781,0.255377809284255,"Kenya 1987",1
"5283",0.832219623494893,0.333147683180869,"Kenya 1987",1
"5284",1.58574194228277,0.207055760547519,"Kenya 1987",1
"5285",2.12471217708662,0.696226479951292,"Kenya 1987",1
"5286",1.27636948716827,0.171985009685159,"Kenya 1987",1
"5287",0.629202777519822,0.390520652756095,"Kenya 1987",1
"5288",0.620420948602259,0.940903091570362,"Kenya 1987",1
"5289",0.340905052609742,0.946378411725163,"Kenya 1987",1
"5290",0.92213000357151,0.460841258754954,"Kenya 1987",1
"5291",1.49365121196024,0.327538225334138,"Kenya 1987",1
"5292",0.320597518701106,0.986391623038799,"Kenya 1987",1
"5293",1.19329358451068,0.221782927634194,"Kenya 1987",1
"5294",0.32276587584056,0.868305321317166,"Kenya 1987",1
"5295",0.718715701019391,0.820779485860839,"Kenya 1987",1
"5296",2.23722315486521,0.786948291352019,"Kenya 1987",1
"5297",0.465202911291271,0.574969619279727,"Kenya 1987",1
"5298",0.0460041726473719,0.512309076730162,"Kenya 1987",1
"5299",0.545961837982759,0.4778999669943,"Kenya 1987",1
"5300",0.533186627319083,0.421541339484975,"Kenya 1987",1
"5301",2.52997478353791,0.338949124794453,"Kenya 1987",1
"5302",0.816718928748742,0.697559609543532,"Kenya 1987",1
"5303",0.896780664799735,0.443328640423715,"Kenya 1987",1
"5304",2.68506580987014,0.2997108430136,"Kenya 1987",1
"5305",0.248136441456154,0.548606448573992,"Kenya 1987",1
"5306",1.430610320298,0.0686808947939426,"Kenya 1987",1
"5307",0.928075710777193,0.681915322551504,"Kenya 1987",1
"5308",0.5009975284338,0.034971947548911,"Kenya 1987",1
"5309",0.0359255452640355,0.971466949908063,"Kenya 1987",1
"5310",0.765663200989366,0.666850374778733,"Kenya 1987",1
"5311",0.436315650120378,0.945403260178864,"Kenya 1987",1
"5312",0.303643685532734,0.0809481833130121,"Kenya 1987",1
"5313",0.295918687479571,0.468798873946071,"Kenya 1987",1
"5314",0.78890603268519,0.556456534890458,"Kenya 1987",1
"5315",1.76830349117517,0.163954422576353,"Kenya 1987",1
"5316",1.11964006558992,0.23722873092629,"Kenya 1987",1
"5317",0.291479146108031,0.223462914349511,"Kenya 1987",1
"5318",0.641460290411487,0.383186139632016,"Kenya 1987",1
"5319",1.55099157546647,0.636982478667051,"Kenya 1987",1
"5320",0.265590424882248,0.738545316969976,"Kenya 1987",1
"5321",0.328929283423349,0.797802848974243,"Kenya 1987",1
"5322",1.14061768935062,0.940267412224784,"Kenya 1987",1
"5323",0.157370964065194,0.357629499631003,"Kenya 1987",1
"5324",0.429432451492175,0.0989843716379255,"Kenya 1987",1
"5325",0.508592827012762,0.373847177485004,"Kenya 1987",1
"5326",1.11721184081398,0.308365810662508,"Kenya 1987",1
"5327",0.967907208250836,0.340694243786857,"Kenya 1987",1
"5328",0.19376694294624,0.97264396538958,"Kenya 1987",1
"5329",2.158324516844,0.191471676109359,"Kenya 1987",1
"5330",0.467777610523626,0.618188322288916,"Kenya 1987",1
"5331",0.357329193502665,0.20890100649558,"Kenya 1987",1
"5332",1.54217185615562,0.394465819234028,"Kenya 1987",1
"5333",0.295138434972614,0.682752934051678,"Kenya 1987",1
"5334",0.564282468287274,0.784945428371429,"Kenya 1987",1
"5335",0.00763700762763619,0.167409797431901,"Kenya 1987",1
"5336",1.10643715574406,0.0591064135078341,"Kenya 1987",1
"5337",0.244801312219352,0.430644144304097,"Kenya 1987",1
"5338",0.554394216276705,0.773244496667758,"Kenya 1987",1
"5339",0.725205439142883,0.430782363982871,"Kenya 1987",1
"5340",1.95207744464278,0.196078976849094,"Kenya 1987",1
"5341",0.631203000666574,0.799250631127506,"Kenya 1987",1
"5342",2.37204424710944,0.429867062484846,"Kenya 1987",1
"5343",2.42064625094645,0.663326891837642,"Kenya 1987",1
"5344",1.11273901560344,0.533284075791016,"Kenya 1987",1
"5345",0.289920210605487,0.393174946773797,"Kenya 1987",1
"5346",0.713195317424834,0.608561555622146,"Kenya 1987",1
"5347",1.29356455919333,0.246354356408119,"Kenya 1987",1
"5348",1.70454512117431,0.598881729412824,"Kenya 1987",1
"5349",0.83741181017831,0.601966968039051,"Kenya 1987",1
"5350",2.04274370893836,0.999649920966476,"Kenya 1987",1
"5351",0.900058691622689,0.509941560681909,"Kenya 1987",1
"5352",2.74140623607673,0.897866863990203,"Kenya 1987",1
"5353",0.298615186940879,0.901336296461523,"Kenya 1987",1
"5354",0.0924096582457423,0.69473717128858,"Kenya 1987",1
"5355",0.254010549746454,0.366231644991785,"Kenya 1987",1
"5356",1.2377586022485,0.535581973381341,"Kenya 1987",1
"5357",1.80137033038773,0.090505450963974,"Kenya 1987",1
"5358",0.0577777256257832,0.422968453727663,"Kenya 1987",1
"5359",1.4024924011901,0.351571485167369,"Kenya 1987",1
"5360",0.473589694825932,0.765501330140978,"Kenya 1987",1
"5361",1.12636182527058,0.708295462885872,"Kenya 1987",1
"5362",0.68840324669145,0.997369655407965,"Kenya 1987",1
"5363",0.358867524191737,0.885522695723921,"Kenya 1987",1
"5364",0.10108350450173,0.973882312420756,"Kenya 1987",1
"5365",0.224055944709107,0.052613235777244,"Kenya 1987",1
"5366",0.728324845433235,0.636209472548217,"Kenya 1987",1
"5367",0.235956334043294,0.388721748720855,"Kenya 1987",1
"5368",0.215896032750607,0.0357323144562542,"Kenya 1987",1
"5369",1.30457132239826,0.00654445681720972,"Kenya 1987",1
"5370",0.323923180578277,0.704017234733328,"Kenya 1987",1
"5371",0.57971752085723,0.07741928845644,"Kenya 1987",1
"5372",0.209977112710476,0.501090877456591,"Kenya 1987",1
"5373",0.72232776414603,0.416880281176418,"Kenya 1987",1
"5374",0.136343864025548,0.585961009608582,"Kenya 1987",1
"5375",0.0568662683945149,0.22267366014421,"Kenya 1987",1
"5376",0.49436468956992,0.100599051220343,"Kenya 1987",1
"5377",0.180028955452144,0.0157398211304098,"Kenya 1987",1
"5378",1.50321272481233,0.159817094448954,"Kenya 1987",1
"5379",0.122358492342755,0.183773804921657,"Kenya 1987",1
"5380",0.542925445362926,0.267428284045309,"Kenya 1987",1
"5381",0.410308436024934,0.920633983332664,"Kenya 1987",1
"5382",0.233777293469757,0.309597640996799,"Kenya 1987",1
"5383",0.0270954540465027,0.847451532492414,"Kenya 1987",1
"5384",0.469487070338801,0.122459103818983,"Kenya 1987",1
"5385",0.0320337689481676,0.747998308157548,"Kenya 1987",1
"5386",0.426420751260594,0.54067653324455,"Kenya 1987",1
"5387",0.703666510758922,0.520141417626292,"Kenya 1987",1
"5388",0.0859856663737446,0.133643478387967,"Kenya 1987",1
"5389",1.21664457768202,0.601482590660453,"Kenya 1987",1
"5390",0.763393262168393,0.259412566432729,"Kenya 1987",1
"5391",1.00492684193887,0.862752113258466,"Kenya 1987",1
"5392",1.45466252462938,0.816370816202834,"Kenya 1987",1
"5393",0.375049560097978,0.959704786539078,"Kenya 1987",1
"5394",0.878279623808339,0.731563561828807,"Kenya 1987",1
"5395",0.191503344336525,0.205770407803357,"Kenya 1987",1
"5396",0.522854913258925,0.847609672462568,"Kenya 1987",1
"5397",1.75971173797734,0.936532546300441,"Kenya 1987",1
"5398",0.996293001808226,0.0398035708349198,"Kenya 1987",1
"5399",0.569423150969669,0.543124316027388,"Kenya 1987",1
"5400",1.10302001028322,0.749555083923042,"Kenya 1987",1
"5401",0.27469295100309,0.969235979486257,"Kenya 1987",1
"5402",0.0553456842899323,0.883450510911644,"Kenya 1987",1
"5403",0.584701647749171,0.771827988093719,"Kenya 1987",1
"5404",0.680635686032474,0.76750238891691,"Kenya 1987",1
"5405",0.235441690078005,0.614801598945633,"Kenya 1987",1
"5406",0.122765433043242,0.839580903761089,"Kenya 1987",1
"5407",0.341451723128557,0.811402638908476,"Kenya 1987",1
"5408",0.309283795533702,0.472015202743933,"Kenya 1987",1
"5409",0.621991659281775,0.950840890407562,"Kenya 1987",1
"5410",0.979192934464663,0.455366675974801,"Kenya 1987",1
"5411",0.253822072176263,0.254205567296594,"Kenya 1987",1
"5412",0.699920468498021,0.955084380926564,"Kenya 1987",1
"5413",0.910023918841034,0.774056239519268,"Kenya 1987",1
"5414",0.82996983686462,0.189605818595737,"Kenya 1987",1
"5415",2.41878367960453,0.923219424206764,"Kenya 1987",1
"5416",0.693711832165718,0.48972135828808,"Kenya 1987",1
"5417",0.672458267770708,0.171811019768938,"Kenya 1987",1
"5418",0.00317057361826301,0.576555941253901,"Kenya 1987",1
"5419",0.854695244925097,0.655652057379484,"Kenya 1987",1
"5420",1.02773008262739,0.329722810769454,"Kenya 1987",1
"5421",0.419451742200181,0.138085075188428,"Kenya 1987",1
"5422",2.41105240210891,0.0916733725462109,"Kenya 1987",1
"5423",0.493199898395687,0.160229818662629,"Kenya 1987",1
"5424",2.31108094425872,0.821679953252897,"Kenya 1987",1
"5425",1.15183512121439,0.632041815668344,"Kenya 1987",1
"5426",0.980512341018766,0.960660294862464,"Kenya 1987",1
"5427",2.17315744701773,0.0947076955344528,"Kenya 1987",1
"5428",0.388988677645102,0.298446434317157,"Kenya 1987",1
"5429",0.00789909367449582,0.866329700918868,"Kenya 1987",1
"5430",0.433736620936543,0.489403936080635,"Kenya 1987",1
"5431",0.337480892194435,0.225212077144533,"Kenya 1987",1
"5432",0.0526731912977993,0.0374895338900387,"Kenya 1987",1
"5433",1.24529676279053,0.496142680291086,"Kenya 1987",1
"5434",0.641594625078142,0.920440359506756,"Kenya 1987",1
"5435",1.20420938869938,0.325999423163012,"Kenya 1987",1
"5436",1.34528136695735,0.665385956410319,"Kenya 1987",1
"5437",0.610388536239043,0.175568450475112,"Kenya 1987",1
"5438",1.41840251279064,0.591263331938535,"Kenya 1987",1
"5439",1.45507146581076,0.155855203047395,"Kenya 1987",1
"5440",0.392818450927734,0.559324161382392,"Kenya 1987",1
"5441",2.36962400819175,0.0953641133382916,"Kenya 1987",1
"5442",1.96446117782034,0.811150061665103,"Kenya 1987",1
"5443",0.160154853248969,0.684626910369843,"Kenya 1987",1
"5444",0.212353009963408,0.410460487939417,"Kenya 1987",1
"5445",2.40193246118724,0.767115979921073,"Kenya 1987",1
"5446",0.995948605472222,0.00425722333602607,"Kenya 1987",1
"5447",0.574915640288964,0.238994144368917,"Kenya 1987",1
"5448",0.571756938938051,0.667761242715642,"Kenya 1987",1
"5449",1.10021417099051,0.140801645815372,"Kenya 1987",1
"5450",0.335317187709734,0.56795744644478,"Kenya 1987",1
"5451",0.0966749496292323,0.767327297944576,"Kenya 1987",1
"5452",2.70767841185443,0.253337417729199,"Kenya 1987",1
"5453",1.03102074866183,0.822791056474671,"Kenya 1987",1
"5454",0.797606282634661,0.246401519980282,"Kenya 1987",1
"5455",0.903043020050973,0.985964546911418,"Kenya 1987",1
"5456",1.98573167435825,0.630959107307717,"Kenya 1987",1
"5457",0.319830857450143,0.219267741078511,"Kenya 1987",1
"5458",1.26710811699741,0.0158360295463353,"Kenya 1987",1
"5459",0.575870680622756,0.730696524260566,"Kenya 1987",1
"5460",1.00337546342053,0.0755806632805616,"Kenya 1987",1
"5461",0.201305823633447,0.292887223884463,"Kenya 1987",1
"5462",0.688240565825254,0.815069797448814,"Kenya 1987",1
"5463",0.137102121720091,0.555997770745307,"Kenya 1987",1
"5464",1.90102727338672,0.364451369037852,"Kenya 1987",1
"5465",0.0868091094307601,0.372747317655012,"Kenya 1987",1
"5466",1.20136582455598,0.519385697552934,"Kenya 1987",1
"5467",0.0719246424268931,0.178373426198959,"Kenya 1987",1
"5468",0.754027695860714,0.809962794883177,"Kenya 1987",1
"5469",0.319900078698993,0.591539407847449,"Kenya 1987",1
"5470",1.43993480480276,0.464790291851386,"Kenya 1987",1
"5471",0.0208932249806821,0.749389619100839,"Kenya 1987",1
"5472",0.146876757033169,0.584712750278413,"Kenya 1987",1
"5473",2.65092310030013,0.378174687270075,"Kenya 1987",1
"5474",0.679572688182816,0.598332777386531,"Kenya 1987",1
"5475",0.345700836041942,0.419351855758578,"Kenya 1987",1
"5476",0.495192017639056,0.0499862574506551,"Kenya 1987",1
"5477",0.772115133935586,0.577701695030555,"Kenya 1987",1
"5478",1.69670629268512,0.459344962146133,"Kenya 1987",1
"5479",1.49755219649523,0.838760200189427,"Kenya 1987",1
"5480",0.472858783788979,0.096868853084743,"Kenya 1987",1
"5481",1.14128000568599,0.461093372199684,"Kenya 1987",1
"5482",1.50754680857062,0.827166581293568,"Kenya 1987",1
"5483",0.943422223906964,0.299208612181246,"Kenya 1987",1
"5484",0.698258443269879,0.0618871217593551,"Kenya 1987",1
"5485",1.60851820651442,0.622180484933779,"Kenya 1987",1
"5486",1.10724298632704,0.0566380603704602,"Kenya 1987",1
"5487",0.85955902794376,0.899484139867127,"Kenya 1987",1
"5488",0.916440408211201,0.0664691985584795,"Kenya 1987",1
"5489",0.605656153522432,0.491340096108615,"Kenya 1987",1
"5490",0.421666206093505,0.607846792321652,"Kenya 1987",1
"5491",0.274842711165547,0.507657673908398,"Kenya 1987",1
"5492",0.0836198455654085,0.906118953367695,"Kenya 1987",1
"5493",0.879447069950402,0.217042972333729,"Kenya 1987",1
"5494",0.200195744633675,0.914871720597148,"Kenya 1987",1
"5495",0.261686686892062,0.843065908877179,"Kenya 1987",1
"5496",0.365758007392287,0.834824388613924,"Kenya 1987",1
"5497",1.37493628473021,0.678764796815813,"Kenya 1987",1
"5498",0.400308619486168,0.628132799174637,"Kenya 1987",1
"5499",1.08690533763729,0.719411577098072,"Kenya 1987",1
"5500",0.331111824838445,0.720426797866821,"Kenya 1987",1
"5501",1.29088662494905,0.641178708989173,"Kenya 1987",1
"5502",0.0807705398183316,0.972468541702256,"Kenya 1987",1
"5503",0.583017538301647,0.464389582397416,"Kenya 1987",1
"5504",0.918397694360465,0.255832392256707,"Kenya 1987",1
"5505",0.276216804748401,0.569133333163336,"Kenya 1987",1
"5506",0.129008556017652,0.00769015401601791,"Kenya 1987",1
"5507",1.00573732866906,0.617522541433573,"Kenya 1987",1
"5508",0.945899892132729,9.96487215161324e-05,"Kenya 1987",1
"5509",0.138006863649935,0.392587177688256,"Kenya 1987",1
"5510",0.0860930350609124,0.368120912695304,"Kenya 1987",1
"5511",0.719274110393599,0.58451738464646,"Kenya 1987",1
"5512",1.18160295858979,0.427448416128755,"Uganda/US 2008",1
"5513",1.94285786733963,0.600174748105928,"Uganda/US 2008",1
"5514",0.773755420697853,0.810443794354796,"Uganda/US 2008",1
"5515",0.299353632610291,0.776007709791884,"Uganda/US 2008",1
"5516",1.25258800643496,0.638677632668987,"Uganda/US 2008",1
"5517",0.38441672665067,0.561908039730042,"Uganda/US 2008",1
"5518",0.00583276455290616,0.974059506785125,"Uganda/US 2008",1
"5519",1.09814929123968,0.698157341917977,"Uganda/US 2008",1
"5520",0.402456995565444,0.459428909933195,"Uganda/US 2008",1
"5521",0.848361640702933,0.0474809666629881,"Uganda/US 2008",1
"5522",0.489512020954862,0.359572255052626,"Uganda/US 2008",1
"5523",0.865085703553632,0.614223597105592,"Uganda/US 2008",1
"5524",0.398590725380927,0.070268397917971,"Uganda/US 2008",1
"5525",1.14537616004236,0.279723387677222,"Uganda/US 2008",1
"5526",0.517465992132202,0.252326619345695,"Uganda/US 2008",1
"5527",1.71051106997766,0.288454022025689,"Uganda/US 2008",1
"5528",0.0956512852571905,0.867124784272164,"Uganda/US 2008",1
"5529",0.0716202661860734,0.953938749851659,"Uganda/US 2008",1
"5530",0.16232997388579,0.579340415541083,"Uganda/US 2008",1
"5531",0.600543067557737,0.726319500710815,"Uganda/US 2008",1
"5532",1.04063919489272,0.533704021712765,"Uganda/US 2008",1
"5533",0.819497579243034,0.851945871720091,"Uganda/US 2008",1
"5534",0.851183988153934,0.0768334458116442,"Uganda/US 2008",1
"5535",0.678329775575548,0.265871247509494,"Uganda/US 2008",1
"5536",0.413693640846759,0.00839951820671558,"Uganda/US 2008",1
"5537",0.39933900302276,0.739741360070184,"Uganda/US 2008",1
"5538",2.42285047424957,0.764955944381654,"Uganda/US 2008",1
"5539",2.30810035136528,0.22887851879932,"Uganda/US 2008",1
"5540",0.0530575078446418,0.128101411275566,"Uganda/US 2008",1
"5541",0.757017301395535,0.406375298276544,"Uganda/US 2008",1
"5542",1.30040291044861,0.672579656355083,"Uganda/US 2008",1
"5543",1.35570941143669,0.704191277036443,"Uganda/US 2008",1
"5544",0.504880545660853,0.708015255862847,"Uganda/US 2008",1
"5545",1.04568193783052,0.958514062920585,"Uganda/US 2008",1
"5546",0.119805324124172,0.379348762100562,"Uganda/US 2008",1
"5547",0.162148266099393,0.956329834181815,"Uganda/US 2008",1
"5548",1.62138267746195,0.956321263220161,"Uganda/US 2008",1
"5549",0.21792930434458,0.821482518455014,"Uganda/US 2008",1
"5550",2.58647582447156,0.686971629504114,"Uganda/US 2008",1
"5551",1.18830484338105,0.5865196834784,"Uganda/US 2008",1
"5552",0.655015659984201,0.34541201684624,"Uganda/US 2008",1
"5553",2.86382870608941,0.856313789496198,"Uganda/US 2008",1
"5554",0.0994234015233815,0.794601458823308,"Uganda/US 2008",1
"5555",0.334827131358907,0.532325553940609,"Uganda/US 2008",1
"5556",0.511405386496335,0.757116510299966,"Uganda/US 2008",1
"5557",0.690498137846589,0.247020361712202,"Uganda/US 2008",1
"5558",1.18681494961493,0.926448058802634,"Uganda/US 2008",1
"5559",2.0534404492937,0.399814646225423,"Uganda/US 2008",1
"5560",0.430543860420585,0.301861217711121,"Uganda/US 2008",1
"5561",1.97740668221377,0.45323884440586,"Uganda/US 2008",1
"5562",0.637184760533273,0.862667147070169,"Uganda/US 2008",1
"5563",0.00844585290178657,0.981671327259392,"Uganda/US 2008",1
"5564",0.260706926928833,0.398996113566682,"Uganda/US 2008",1
"5565",0.349214577348903,0.336019900627434,"Uganda/US 2008",1
"5566",1.5253196102567,0.495310303987935,"Uganda/US 2008",1
"5567",0.972889150958508,0.724780354415998,"Uganda/US 2008",1
"5568",2.60745223984122,0.0370086745824665,"Uganda/US 2008",1
"5569",0.858234282117337,0.938345567323267,"Uganda/US 2008",1
"5570",0.774101459188387,0.794141709571704,"Uganda/US 2008",1
"5571",2.19330538529903,0.735786833567545,"Uganda/US 2008",1
"5572",0.455203161807731,0.433107484132051,"Uganda/US 2008",1
"5573",0.166417112806812,0.973035315517336,"Uganda/US 2008",1
"5574",1.83795108622871,0.589605012908578,"Uganda/US 2008",1
"5575",0.236462860135362,0.719702799106017,"Uganda/US 2008",1
"5576",1.55202114279382,0.983155795373023,"Uganda/US 2008",1
"5577",0.502828837372363,0.726539333816618,"Uganda/US 2008",1
"5578",2.23628239240497,0.56676904624328,"Uganda/US 2008",1
"5579",0.0470017630141228,0.599625518778339,"Uganda/US 2008",1
"5580",2.17730619432405,0.315577839035541,"Uganda/US 2008",1
"5581",0.136822027852759,0.257698625791818,"Uganda/US 2008",1
"5582",1.2310421357397,0.586416605859995,"Uganda/US 2008",1
"5583",0.20390027621761,0.272089394973591,"Uganda/US 2008",1
"5584",0.600801235763356,0.114317099330947,"Uganda/US 2008",1
"5585",0.0947730301413685,0.467845248291269,"Uganda/US 2008",1
"5586",0.0136839975602925,0.324209662619978,"Uganda/US 2008",1
"5587",0.435640084091574,0.206545117078349,"Uganda/US 2008",1
"5588",0.517268476076424,0.218983970349655,"Uganda/US 2008",1
"5589",1.66271061566658,0.907714115688577,"Uganda/US 2008",1
"5590",0.561483433702961,0.0992338873911649,"Uganda/US 2008",1
"5591",0.619753638049588,0.574643372558057,"Uganda/US 2008",1
"5592",0.555027483031154,0.196738275233656,"Uganda/US 2008",1
"5593",0.777068593539298,0.102346966043115,"Uganda/US 2008",1
"5594",0.368527657119557,0.00406604656018317,"Uganda/US 2008",1
"5595",0.0193139696493745,0.554920313879848,"Uganda/US 2008",1
"5596",0.0465391734614968,0.709544243989512,"Uganda/US 2008",1
"5597",1.93337016133592,0.970065621193498,"Uganda/US 2008",1
"5598",0.563990877941251,0.944356872700155,"Uganda/US 2008",1
"5599",1.35962318186648,0.834243407705799,"Uganda/US 2008",1
"5600",1.32109009148553,0.981059633428231,"Uganda/US 2008",1
"5601",1.02248002239503,0.291218148544431,"Uganda/US 2008",1
"5602",1.89629571768455,0.498402509372681,"Uganda/US 2008",1
"5603",0.415127946529537,0.079718777211383,"Uganda/US 2008",1
"5604",1.35167097346857,0.791097400709987,"Uganda/US 2008",1
"5605",2.33239245414734,0.9699893721845,"Uganda/US 2008",1
"5606",2.25717557407916,0.386810046620667,"Uganda/US 2008",1
"5607",0.406892558326945,0.294083108427003,"Uganda/US 2008",1
"5608",0.749048109166324,0.783146550646052,"Uganda/US 2008",1
"5609",1.33480874332599,0.194224279141054,"Uganda/US 2008",1
"5610",0.889633888844401,0.730884822783992,"Uganda/US 2008",1
"5611",1.38364633941092,0.65532961091958,"Uganda/US 2008",1
"5612",0.786367856897414,0.0196138834580779,"Uganda/US 2008",1
"5613",0.529622163623571,0.102699239738286,"Uganda/US 2008",1
"5614",0.333897020900622,0.70723643200472,"Uganda/US 2008",1
"5615",0.76261190045625,0.231055667391047,"Uganda/US 2008",1
"5616",0.0250532689969987,0.0563182893674821,"Uganda/US 2008",1
"5617",0.790180452167988,0.72982630203478,"Uganda/US 2008",1
"5618",0.528741979273036,0.502526896772906,"Uganda/US 2008",1
"5619",0.396199863636866,0.218805072363466,"Uganda/US 2008",1
"5620",0.44689379283227,0.768855883739889,"Uganda/US 2008",1
"5621",1.37365645263344,0.992930583190173,"Uganda/US 2008",1
"5622",1.87474250933155,0.177019009133801,"Uganda/US 2008",1
"5623",0.821864053141326,0.60222888388671,"Uganda/US 2008",1
"5624",0.173011061036959,0.349429526133463,"Uganda/US 2008",1
"5625",0.268107801675797,0.644500310765579,"Uganda/US 2008",1
"5626",0.502889794763178,0.949502944946289,"Uganda/US 2008",1
"5627",2.00876200455241,0.496086307568476,"Uganda/US 2008",1
"5628",0.563567531760782,0.591645691310987,"Uganda/US 2008",1
"5629",1.0110855193343,0.0959821469150484,"Uganda/US 2008",1
"5630",0.949743919540197,0.207634244812652,"Uganda/US 2008",1
"5631",0.693245491012931,0.858575897524133,"Uganda/US 2008",1
"5632",1.45393992774189,0.445522624300793,"Uganda/US 2008",1
"5633",0.742825310910121,0.9433086020872,"Uganda/US 2008",1
"5634",0.542551501421258,0.432459032861516,"Uganda/US 2008",1
"5635",2.86935218260624,0.866502730874345,"Uganda/US 2008",1
"5636",0.0899068156722933,0.915921533247456,"Uganda/US 2008",1
"5637",0.64125737012364,0.378804956795648,"Uganda/US 2008",1
"5638",0.179554546717554,0.648951170500368,"Uganda/US 2008",1
"5639",0.00141143216751516,0.981009420473129,"Uganda/US 2008",1
"5640",0.840003077639267,0.392655524658039,"Uganda/US 2008",1
"5641",0.0363624016754329,0.0697400022763759,"Uganda/US 2008",1
"5642",0.40201103920117,0.485704304883257,"Uganda/US 2008",1
"5643",0.836852005915716,0.46041068690829,"Uganda/US 2008",1
"5644",0.233523924602196,0.619343214901164,"Uganda/US 2008",1
"5645",0.805709965294227,0.109188855160028,"Uganda/US 2008",1
"5646",1.89482822315767,0.353604194242507,"Uganda/US 2008",1
"5647",0.22007988137193,0.1800310483668,"Uganda/US 2008",1
"5648",0.625310545088723,0.913057673024014,"Uganda/US 2008",1
"5649",0.231586490292102,0.284918733406812,"Uganda/US 2008",1
"5650",1.05940818577074,0.836538816103712,"Uganda/US 2008",1
"5651",1.08831235603429,0.423035901039839,"Uganda/US 2008",1
"5652",0.300047522876412,0.168714466039091,"Uganda/US 2008",1
"5653",0.865134155843407,0.8625570286531,"Uganda/US 2008",1
"5654",0.670260053593665,0.284971588756889,"Uganda/US 2008",1
"5655",0.23708843649365,0.18974175141193,"Uganda/US 2008",1
"5656",0.702921157004312,0.337664828170091,"Uganda/US 2008",1
"5657",0.574696695897728,0.583997351117432,"Uganda/US 2008",1
"5658",0.973894811002538,0.164215412689373,"Uganda/US 2008",1
"5659",0.103819813812152,0.0352761158719659,"Uganda/US 2008",1
"5660",1.61376113654114,0.335336686344817,"Uganda/US 2008",1
"5661",0.197526392061263,0.768384465482086,"Uganda/US 2008",1
"5662",0.360868896357715,0.536950184963644,"Uganda/US 2008",1
"5663",0.438069583615288,0.876197241712362,"Uganda/US 2008",1
"5664",0.126176469493657,0.338392363861203,"Uganda/US 2008",1
"5665",0.51942163403146,0.0340456578414887,"Uganda/US 2008",1
"5666",2.16982856788673,0.0209547800477594,"Uganda/US 2008",1
"5667",2.69031352805905,0.282464163843542,"Uganda/US 2008",1
"5668",0.113045869627967,0.777560523711145,"Uganda/US 2008",1
"5669",0.279426380060613,0.45760716474615,"Uganda/US 2008",1
"5670",0.295732962666079,0.533002467127517,"Uganda/US 2008",1
"5671",2.46553358039819,0.821109420619905,"Uganda/US 2008",1
"5672",0.0662974664010108,0.957437340868637,"Uganda/US 2008",1
"5673",0.905938971787691,0.775099035119638,"Uganda/US 2008",1
"5674",0.806032982189208,0.59442296018824,"Uganda/US 2008",1
"5675",0.408586447359994,0.944168030284345,"Uganda/US 2008",1
"5676",0.690351107390597,0.0178943697828799,"Uganda/US 2008",1
"5677",2.03890108200721,0.897472867975011,"Uganda/US 2008",1
"5678",1.8724368433468,0.479606776265427,"Uganda/US 2008",1
"5679",0.211717336205766,0.847213331144303,"Uganda/US 2008",1
"5680",2.86821354646236,0.823048605117947,"Uganda/US 2008",1
"5681",1.50181649602018,0.238419275963679,"Uganda/US 2008",1
"5682",0.936831793282181,0.886012330418453,"Uganda/US 2008",1
"5683",0.64734427887015,0.158562266733497,"Uganda/US 2008",1
"5684",0.0522094562184066,0.907862579915673,"Uganda/US 2008",1
"5685",2.47421688493341,0.252870181575418,"Uganda/US 2008",1
"5686",1.04198835510761,0.306658906163648,"Uganda/US 2008",1
"5687",1.14681525179185,0.930631113238633,"Uganda/US 2008",1
"5688",0.726816280279309,0.108947399072349,"Uganda/US 2008",1
"5689",0.0322809729259461,0.329009173437953,"Uganda/US 2008",1
"5690",1.27190138027072,0.378175524296239,"Uganda/US 2008",1
"5691",1.05327780707739,0.743839287664741,"Uganda/US 2008",1
"5692",2.62820957461372,0.605912976199761,"Uganda/US 2008",1
"5693",0.154116032877937,0.476433498086408,"Uganda/US 2008",1
"5694",0.147881562821567,0.256988926790655,"Uganda/US 2008",1
"5695",0.10812852345407,0.0148785756900907,"Uganda/US 2008",1
"5696",0.693885141285136,0.107854557689279,"Uganda/US 2008",1
"5697",0.571142849279568,0.458957816241309,"Uganda/US 2008",1
"5698",0.506856158841401,0.814297575503588,"Uganda/US 2008",1
"5699",0.523178989766166,0.482989698415622,"Uganda/US 2008",1
"5700",1.0775846040342,0.0197302508167922,"Uganda/US 2008",1
"5701",1.83057821122929,0.383415497140959,"Uganda/US 2008",1
"5702",0.790441038552672,0.24133652006276,"Uganda/US 2008",1
"5703",2.79260946228169,0.694924742449075,"Uganda/US 2008",1
"5704",0.268985521048307,0.0526799743529409,"Uganda/US 2008",1
"5705",0.196009715320542,0.758164937142283,"Uganda/US 2008",1
"5706",0.0140196739230305,0.300113186240196,"Uganda/US 2008",1
"5707",0.12600203929469,0.185610488522798,"Uganda/US 2008",1
"5708",1.20996727212332,0.484241213649511,"Uganda/US 2008",1
"5709",1.59261355642229,0.390322172548622,"Uganda/US 2008",1
"5710",2.76209239452146,0.806283792015165,"Uganda/US 2008",1
"5711",0.477717265253887,0.689496287843212,"Uganda/US 2008",1
"5712",0.00596604030579329,0.313680649502203,"Uganda/US 2008",1
"5713",0.370155997574329,0.0338527250569314,"Uganda/US 2008",1
"5714",1.2552824174054,0.676966149592772,"Uganda/US 2008",1
"5715",1.43916328903288,0.476170388283208,"Uganda/US 2008",1
"5716",0.434721770463511,0.860755376284942,"Uganda/US 2008",1
"5717",2.46400130842812,0.568533406127244,"Uganda/US 2008",1
"5718",0.0806716864462942,0.129685692721978,"Uganda/US 2008",1
"5719",0.453484017401934,0.210846046451479,"Uganda/US 2008",1
"5720",0.158735152333975,0.534574300050735,"Uganda/US 2008",1
"5721",0.177820421755314,0.754088395508006,"Uganda/US 2008",1
"5722",2.9814006483648,0.111313581466675,"Uganda/US 2008",1
"5723",1.52561264438555,0.526225438108668,"Uganda/US 2008",1
"5724",2.3520775437355,0.357153184246272,"Uganda/US 2008",1
"5725",1.33893037168309,0.617930446984246,"Uganda/US 2008",1
"5726",1.02043926646002,0.937406053999439,"Uganda/US 2008",1
"5727",1.11811927962117,0.471676315180957,"Uganda/US 2008",1
"5728",1.5427377470769,0.647522918414325,"Uganda/US 2008",1
"5729",0.821991117903963,0.852035290095955,"Uganda/US 2008",1
"5730",1.06953977001831,0.942077095853165,"Uganda/US 2008",1
"5731",0.20471705775708,0.806811370421201,"Uganda/US 2008",1
"5732",1.85893868585117,0.69864978059195,"Uganda/US 2008",1
"5733",1.09244938683696,0.63186566461809,"Uganda/US 2008",1
"5734",1.04275980242528,0.474613485392183,"Uganda/US 2008",1
"5735",0.100996894994751,0.889562141848728,"Uganda/US 2008",1
"5736",1.10222752648406,0.533317078836262,"Uganda/US 2008",1
"5737",0.426926449639723,0.183358894661069,"Uganda/US 2008",1
"5738",1.57091048103757,0.687273519812152,"Uganda/US 2008",1
"5739",0.0260046296752989,0.562367033679038,"Uganda/US 2008",1
"5740",0.844840720994398,0.029531235108152,"Uganda/US 2008",1
"5741",2.00271354010329,0.774954926222563,"Uganda/US 2008",1
"5742",1.69421627861448,0.572428403887898,"Uganda/US 2008",1
"5743",1.05041460553184,0.41440438083373,"Uganda/US 2008",1
"5744",0.51281690178439,0.857980110216886,"Uganda/US 2008",1
"5745",2.30760103859939,0.875213630497456,"Uganda/US 2008",1
"5746",0.799610962159932,0.855350663419813,"Uganda/US 2008",1
"5747",0.896111190319061,0.754088729852811,"Uganda/US 2008",1
"5748",0.50239913770929,0.0791161970701069,"Uganda/US 2008",1
"5749",0.213988368166611,0.129739746917039,"Uganda/US 2008",1
"5750",1.37963105156086,0.091308792354539,"Uganda/US 2008",1
"5751",0.283801993355155,0.779797016875818,"Uganda/US 2008",1
"5752",0.0663410872220993,0.513161833398044,"Uganda/US 2008",1
"5753",1.93757190532051,0.395316229900345,"Uganda/US 2008",1
"5754",0.277524841949344,0.020290344953537,"Uganda/US 2008",1
"5755",0.0495979834813625,0.426122568547726,"Uganda/US 2008",1
"5756",0.559207334183156,0.147056922083721,"Uganda/US 2008",1
"5757",1.18271650210954,0.402347357245162,"Uganda/US 2008",1
"5758",1.44963149540126,0.310713553102687,"Uganda/US 2008",1
"5759",0.220677059143782,0.531420886982232,"Uganda/US 2008",1
"5760",0.420153291430324,0.248150753090158,"Uganda/US 2008",1
"5761",0.889480796875432,0.0973395886830986,"Uganda/US 2008",1
"5762",0.536296059144661,0.723968138219789,"Uganda/US 2008",1
"5763",0.386647066567093,0.652444761013612,"Uganda/US 2008",1
"5764",0.832780427997932,0.5872132263612,"Uganda/US 2008",1
"5765",0.567785549210384,0.0218052014242858,"Uganda/US 2008",1
"5766",0.879108239896595,0.939265189692378,"Uganda/US 2008",1
"5767",0.171721253776923,0.0675169778987765,"Uganda/US 2008",1
"5768",0.27434624475427,0.731390222441405,"Uganda/US 2008",1
"5769",2.43645003670827,0.00769082014448941,"Uganda/US 2008",1
"5770",1.72272116574459,0.325973968720064,"Uganda/US 2008",1
"5771",0.166225897148252,0.165031539509073,"Uganda/US 2008",1
"5772",0.738127944292501,0.921778093557805,"Uganda/US 2008",1
"5773",1.12196554918773,0.904684696579352,"Uganda/US 2008",1
"5774",0.452034268761054,0.17110505187884,"Uganda/US 2008",1
"5775",0.768627277342603,0.240777355385944,"Uganda/US 2008",1
"5776",1.51981261954643,0.273286519339308,"Uganda/US 2008",1
"5777",0.0499687786214054,0.550600766669959,"Uganda/US 2008",1
"5778",0.256762061733752,0.906603044597432,"Uganda/US 2008",1
"5779",0.0675474121235311,0.558464113855734,"Uganda/US 2008",1
"5780",0.139510263456032,0.991639895131811,"Uganda/US 2008",1
"5781",2.25618207058869,0.834973716642708,"Uganda/US 2008",1
"5782",0.490560103207827,0.237948440946639,"Uganda/US 2008",1
"5783",1.38961483212188,0.90984715288505,"Uganda/US 2008",1
"5784",0.488301282981411,0.715394817991182,"Uganda/US 2008",1
"5785",0.5281340056099,0.0946143274195492,"Uganda/US 2008",1
"5786",0.142126773716882,0.619787499075755,"Uganda/US 2008",1
"5787",0.966145051410422,0.524676281958818,"Uganda/US 2008",1
"5788",0.499440598301589,0.579759320942685,"Uganda/US 2008",1
"5789",1.15860421420075,0.176936303265393,"Uganda/US 2008",1
"5790",0.399527947884053,0.856693027541041,"Uganda/US 2008",1
"5791",0.650799608090892,0.0354750826954842,"Uganda/US 2008",1
"5792",0.0216407070402056,0.524494617013261,"Uganda/US 2008",1
"5793",0.160143913468346,0.223205536603928,"Uganda/US 2008",1
"5794",0.647527536610141,0.15029013203457,"Uganda/US 2008",1
"5795",1.51191050838679,0.739691003458574,"Uganda/US 2008",1
"5796",2.16123350593261,0.590260141296312,"Uganda/US 2008",1
"5797",0.867333822883666,0.130890479777008,"Uganda/US 2008",1
"5798",0.121615338837728,0.343463824596256,"Uganda/US 2008",1
"5799",0.272230024449527,0.689378623850644,"Uganda/US 2008",1
"5800",1.95372379082255,0.571931558195502,"Uganda/US 2008",1
"5801",0.0144790483172983,0.703679634490982,"Uganda/US 2008",1
"5802",1.11861668201163,0.308684587478638,"Uganda/US 2008",1
"5803",1.74068341450766,0.67449581832625,"Uganda/US 2008",1
"5804",0.400615265127271,0.185402507195249,"Uganda/US 2008",1
"5805",0.655776870902628,0.370601215632632,"Uganda/US 2008",1
"5806",0.0465228287503123,0.676500619854778,"Uganda/US 2008",1
"5807",0.124845470068976,0.200616732938215,"Uganda/US 2008",1
"5808",1.01558788865805,0.471771558979526,"Uganda/US 2008",1
"5809",0.0784123486373574,0.313659880775958,"Uganda/US 2008",1
"5810",2.47704959800467,0.0652435531374067,"Uganda/US 2008",1
"5811",0.0571729301009327,0.0489014962222427,"Uganda/US 2008",1
"5812",0.0552961325738579,0.521377178141847,"Uganda/US 2008",1
"5813",0.273012341698632,0.0651882635429502,"Uganda/US 2008",1
"5814",1.49061135412194,0.245856227818877,"Uganda/US 2008",1
"5815",0.733162969350815,0.445056398399174,"Uganda/US 2008",1
"5816",0.384945407509804,0.675048218574375,"Uganda/US 2008",1
"5817",1.51869862480089,0.312009539688006,"Uganda/US 2008",1
"5818",1.71868470311165,0.467054194770753,"Uganda/US 2008",1
"5819",0.172754668397829,0.531145395245403,"Uganda/US 2008",1
"5820",0.716566730523482,0.0381520541850477,"Uganda/US 2008",1
"5821",1.69990623928607,0.529627358773723,"Uganda/US 2008",1
"5822",1.84429270774126,0.0644958924967796,"Uganda/US 2008",1
"5823",2.74950225837529,0.567178077995777,"Uganda/US 2008",1
"5824",0.0262204371392727,0.387381234671921,"Uganda/US 2008",1
"5825",1.92099803010933,0.68267803825438,"Uganda/US 2008",1
"5826",1.77232493902557,0.380043836077675,"Uganda/US 2008",1
"5827",0.548716537887231,0.185491655021906,"Uganda/US 2008",1
"5828",1.54092580452561,0.714879421982914,"Uganda/US 2008",1
"5829",0.556437699822709,0.0928196567110717,"Uganda/US 2008",1
"5830",1.47919174935669,0.641866895835847,"Uganda/US 2008",1
"5831",0.766070562880486,0.556961002992466,"Uganda/US 2008",1
"5832",0.348511872813106,0.665908890543506,"Uganda/US 2008",1
"5833",0.9001930213999,0.0812098623719066,"Uganda/US 2008",1
"5834",2.67435497045517,0.0682592464145273,"Uganda/US 2008",1
"5835",0.436013596365228,0.33103629713878,"Uganda/US 2008",1
"5836",0.234984967857599,0.198355661937967,"Uganda/US 2008",1
"5837",1.79533324856311,0.180018927669153,"Uganda/US 2008",1
"5838",0.702723811380565,0.670803619315848,"Uganda/US 2008",1
"5839",0.0369255426339805,0.204414037754759,"Uganda/US 2008",1
"5840",1.33134469622746,0.159161720424891,"Uganda/US 2008",1
"5841",1.38745857495815,0.285745061002672,"Uganda/US 2008",1
"5842",0.342462396249175,0.282105647958815,"Uganda/US 2008",1
"5843",1.54118557577021,0.40722337551415,"Uganda/US 2008",1
"5844",1.8954738790635,0.603870727820322,"Uganda/US 2008",1
"5845",0.409919155295938,0.794645690359175,"Uganda/US 2008",1
"5846",0.35724414861761,0.603321078931913,"Uganda/US 2008",1
"5847",0.051223132526502,0.291234484640881,"Uganda/US 2008",1
"5848",0.630494280019775,0.0817770026624203,"Uganda/US 2008",1
"5849",1.26621798891574,0.637384384637699,"Uganda/US 2008",1
"5850",0.450247369240969,0.219569901004434,"Uganda/US 2008",1
"5851",0.0609201290644705,0.494701431831345,"Uganda/US 2008",1
"5852",0.619800234446302,0.854159841546789,"Uganda/US 2008",1
"5853",0.476508768741041,0.659689243882895,"Uganda/US 2008",1
"5854",0.959726561559364,0.395360510796309,"Uganda/US 2008",1
"5855",0.497433238662779,0.933242758968845,"Uganda/US 2008",1
"5856",1.06740062800236,0.141271602828056,"Uganda/US 2008",1
"5857",0.948481530183926,0.921785393264145,"Uganda/US 2008",1
"5858",0.942905105883256,0.276093165855855,"Uganda/US 2008",1
"5859",0.269758859882131,0.614608941366896,"Uganda/US 2008",1
"5860",0.104657955933362,0.609683374408633,"Uganda/US 2008",1
"5861",0.00265084113925695,0.883209719322622,"Uganda/US 2008",1
"5862",0.493234914494678,0.0509885335341096,"Uganda/US 2008",1
"5863",0.37933981558308,0.79664847208187,"Uganda/US 2008",1
"5864",0.347381780622527,0.445678900694475,"Uganda/US 2008",1
"5865",0.44694205513224,0.842884439509362,"Uganda/US 2008",1
"5866",1.79396084672771,0.49794146604836,"Uganda/US 2008",1
"5867",1.55652842321433,0.854845275171101,"Uganda/US 2008",1
"5868",0.234106263611466,0.555240021552891,"Uganda/US 2008",1
"5869",2.17060330579989,0.456331199035048,"Uganda/US 2008",1
"5870",0.70506637590006,0.805856079095975,"Uganda/US 2008",1
"5871",0.834996570367366,0.682348110014573,"Uganda/US 2008",1
"5872",0.300927911186591,0.595319716027007,"Uganda/US 2008",1
"5873",2.51305105607025,0.602271968265995,"Uganda/US 2008",1
"5874",1.44257936440408,0.296626443741843,"Uganda/US 2008",1
"5875",2.15782065340318,0.298049601260573,"Uganda/US 2008",1
"5876",2.39737483696081,0.732315666275099,"Uganda/US 2008",1
"5877",0.480645399307832,0.547860048944131,"Uganda/US 2008",1
"5878",1.19350288971327,0.824377896031365,"Uganda/US 2008",1
"5879",0.0703261247836053,0.700040309457108,"Uganda/US 2008",1
"5880",2.16383544285782,0.567615438252687,"Uganda/US 2008",1
"5881",0.665796544868499,0.221393591724336,"Uganda/US 2008",1
"5882",0.222576396306977,0.376531457062811,"Uganda/US 2008",1
"5883",2.47275363653898,0.0611047146376222,"Uganda/US 2008",1
"5884",1.15668867062777,0.968654620461166,"Uganda/US 2008",1
"5885",0.714628617279232,0.292628687340766,"Uganda/US 2008",1
"5886",0.907872725045308,0.67317084595561,"Uganda/US 2008",1
"5887",0.553781913360581,0.73641239060089,"Uganda/US 2008",1
"5888",0.926571826916188,0.440094420919195,"Uganda/US 2008",1
"5889",0.472869470715523,0.822523664450273,"Uganda/US 2008",1
"5890",0.158307490870357,0.395878919633105,"Uganda/US 2008",1
"5891",2.69845996261574,0.381527932360768,"Uganda/US 2008",1
"5892",0.79641154082492,0.880188248353079,"Uganda/US 2008",1
"5893",0.867305547231808,0.204942800337449,"Uganda/US 2008",1
"5894",0.729019233724102,0.000368323875591159,"Uganda/US 2008",1
"5895",0.929565990809351,0.283540961332619,"Uganda/US 2008",1
"5896",0.592055331682786,0.570739333517849,"Uganda/US 2008",1
"5897",0.165979190496728,0.558617956936359,"Uganda/US 2008",1
"5898",1.5514474294614,0.645754214143381,"Uganda/US 2008",1
"5899",1.11895087268203,0.580562798772007,"Uganda/US 2008",1
"5900",0.166486593196169,0.765855045057833,"Uganda/US 2008",1
"5901",0.878619750263169,0.278869324829429,"Uganda/US 2008",1
"5902",0.248548480449244,0.0931168755050749,"Uganda/US 2008",1
"5903",0.319233500165865,0.878953124163672,"Uganda/US 2008",1
"5904",0.363397331675515,0.95312008773908,"Uganda/US 2008",1
"5905",0.149945737794042,0.648682148661464,"Uganda/US 2008",1
"5906",0.32883413345553,0.131095332792029,"Uganda/US 2008",1
"5907",0.0823778396006674,0.400729914428666,"Uganda/US 2008",1
"5908",0.0135276659857482,0.369335152674466,"Uganda/US 2008",1
"5909",0.0836929553188384,0.68509355885908,"Uganda/US 2008",1
"5910",0.0297561229672283,0.166746492497623,"Uganda/US 2008",1
"5911",2.62156936665997,0.0216158723924309,"Uganda/US 2008",1
"5912",1.61519892211072,0.372981480089948,"Uganda/US 2008",1
"5913",0.0935511938296258,0.424865678651258,"Uganda/US 2008",1
"5914",0.531321327667683,0.0510122755076736,"Uganda/US 2008",1
"5915",0.0196601778734475,0.369813056429848,"Uganda/US 2008",1
"5916",0.883117677178234,0.412992913741618,"Uganda/US 2008",1
"5917",0.866308060940355,0.891341467387974,"Uganda/US 2008",1
"5918",2.09358998620883,0.221184113528579,"Uganda/US 2008",1
"5919",0.758447213564068,0.58220073976554,"Uganda/US 2008",1
"5920",0.210057514021173,0.596925121499225,"Uganda/US 2008",1
"5921",1.01431270851754,0.561774068512022,"Uganda/US 2008",1
"5922",0.138873569201678,0.492781226756051,"Uganda/US 2008",1
"5923",1.7772317212075,0.955842791358009,"Uganda/US 2008",1
"5924",0.474612506339327,0.0202192442957312,"Uganda/US 2008",1
"5925",0.391301796538755,0.739360843552276,"Uganda/US 2008",1
"5926",0.385542585281655,0.0792302303016186,"Uganda/US 2008",1
"5927",0.356690646149218,0.572237443178892,"Uganda/US 2008",1
"5928",0.35096485982649,0.696364609757438,"Uganda/US 2008",1
"5929",0.282901585567743,0.972656042547897,"Uganda/US 2008",1
"5930",1.72927413624711,0.250233374070376,"Uganda/US 2008",1
"5931",0.971793011762202,0.0658424282446504,"Uganda/US 2008",1
"5932",2.44083322305232,0.395998851861805,"Uganda/US 2008",1
"5933",0.0670858744997531,0.442971319658682,"Uganda/US 2008",1
"5934",1.00404594722204,0.465679709566757,"Uganda/US 2008",1
"5935",0.396089450223371,0.940626649186015,"Uganda/US 2008",1
"5936",2.50459011294879,0.313718744786456,"Uganda/US 2008",1
"5937",0.148967968532816,0.901979338377714,"Uganda/US 2008",1
"5938",0.193682151613757,0.0370625362265855,"Uganda/US 2008",1
"5939",1.32163118943572,0.782492004334927,"Uganda/US 2008",1
"5940",0.451392920454964,0.667806706624106,"Uganda/US 2008",1
"5941",2.14370660623536,0.381194920046255,"Uganda/US 2008",1
"5942",2.06461567338556,0.473102834075689,"Uganda/US 2008",1
"5943",0.350331210996956,0.648780436720699,"Uganda/US 2008",1
"5944",0.103483024053276,0.0507789149414748,"Uganda/US 2008",1
"5945",0.0697775760199875,0.586869695456699,"Uganda/US 2008",1
"5946",0.0793601449113339,0.593953768955544,"Uganda/US 2008",1
"5947",0.494653932983056,0.503282718593255,"Uganda/US 2008",1
"5948",1.17922273417935,0.101116139441729,"Uganda/US 2008",1
"5949",0.361848445376381,0.163083945633844,"Uganda/US 2008",1
"5950",0.0194450416602194,0.494035952724516,"Uganda/US 2008",1
"5951",0.138131814077497,0.350835796212777,"Uganda/US 2008",1
"5952",0.00465796259231865,0.354837121907622,"Uganda/US 2008",1
"5953",1.88029122236185,0.691065848339349,"Uganda/US 2008",1
"5954",0.918863129569218,0.858932611299679,"Uganda/US 2008",1
"5955",0.500433744862676,0.526373272296041,"Uganda/US 2008",1
"5956",1.00625837082043,0.958291630726308,"Uganda/US 2008",1
"5957",0.192680094391108,0.680296926759183,"Uganda/US 2008",1
"5958",1.50823346525431,0.829919359646738,"Uganda/US 2008",1
"5959",1.24481757218018,0.496728407219052,"Uganda/US 2008",1
"5960",0.486691884929314,0.18048989889212,"Uganda/US 2008",1
"5961",0.0711068138480186,0.149687804747373,"Uganda/US 2008",1
"5962",0.422147654229775,0.0284787858836353,"Uganda/US 2008",1
"5963",0.243039906257764,0.416441444307566,"Uganda/US 2008",1
"5964",0.301861216546968,0.861136086983606,"Uganda/US 2008",1
"5965",1.55699415388517,0.925171696115285,"Uganda/US 2008",1
"5966",0.369977015303448,0.323825342347845,"Uganda/US 2008",1
"5967",0.581781738437712,0.816656046081334,"Uganda/US 2008",1
"5968",2.38557894481346,0.381258710287511,"Uganda/US 2008",1
"5969",0.176968365674838,0.684501792304218,"Uganda/US 2008",1
"5970",1.74826300609857,0.138042142614722,"Uganda/US 2008",1
"5971",1.36972060007975,0.0219423610251397,"Uganda/US 2008",1
"5972",1.1654982981272,0.106181013863534,"Uganda/US 2008",1
"5973",0.21289409394376,0.969708915101364,"Uganda/US 2008",1
"5974",1.74582704692148,0.468649938236922,"Uganda/US 2008",1
"5975",2.36514791403897,0.563352870056406,"Uganda/US 2008",1
"5976",1.54144632280804,0.11235083360225,"Uganda/US 2008",1
"5977",1.95667471806519,0.493728604633361,"Uganda/US 2008",1
"5978",0.633674309821799,0.163780197966844,"Uganda/US 2008",1
"5979",0.150379318976775,0.47011988516897,"Uganda/US 2008",1
"5980",1.20438728062436,0.484140491113067,"Uganda/US 2008",1
"5981",0.485712294699624,0.0246868715621531,"Uganda/US 2008",1
"5982",2.04995253612287,0.997906586155295,"Uganda/US 2008",1
"5983",0.126944422256202,0.479705460602418,"Uganda/US 2008",1
"5984",0.829033395275474,0.904928239062428,"Uganda/US 2008",1
"5985",2.33316786470823,0.458340682322159,"Uganda/US 2008",1
"5986",1.94980116770603,0.468833292368799,"Uganda/US 2008",1
"5987",0.139609319390729,0.643073777435347,"Uganda/US 2008",1
"5988",0.312425850424916,0.303465862292796,"Uganda/US 2008",1
"5989",0.20759389246814,0.040901952655986,"Uganda/US 2008",1
"5990",0.0954474471509457,0.481701709795743,"Uganda/US 2008",1
"5991",0.536340856226161,0.675763929961249,"Uganda/US 2008",1
"5992",0.0525998622179031,0.582623649388552,"Uganda/US 2008",1
"5993",0.35666806390509,0.235705230617896,"Uganda/US 2008",1
"5994",0.351538016460836,0.472752367611974,"Uganda/US 2008",1
"5995",1.48128961678594,0.342116326792166,"Uganda/US 2008",1
"5996",1.99988882686011,0.799485911382362,"Uganda/US 2008",1
"5997",0.425298224436119,0.178761792369187,"Uganda/US 2008",1
"5998",0.0643070682417601,0.915087098022923,"Uganda/US 2008",1
"5999",1.52752940612845,0.303383986698464,"Uganda/US 2008",1
"6000",1.24049150990322,0.173496672417969,"Uganda/US 2008",1
"6001",0.161704406607896,0.85415647435002,"Uganda/US 2008",1
"6002",0.521178459981456,0.60393121954985,"Uganda/US 2008",1
"6003",0.490303844679147,0.468658714555204,"Uganda/US 2008",1
"6004",2.09691524785012,0.772689311299473,"Uganda/US 2008",1
"6005",1.64021479804069,0.234848653199151,"Uganda/US 2008",1
"6006",0.950050257146358,0.0546243935823441,"Uganda/US 2008",1
"6007",0.811844578944147,0.576021107146516,"Uganda/US 2008",1
"6008",0.754954592557624,0.288579484447837,"Uganda/US 2008",1
"6009",1.00492778839543,0.928952290909365,"Uganda/US 2008",1
"6010",0.778767742216587,0.969372665509582,"Uganda/US 2008",1
"6011",0.186277620960027,0.276826424291357,"Uganda/US 2008",1
"6012",0.534290674841031,0.37510534725152,"Uganda/US 2008",1
"6013",0.154035167768598,0.497904862975702,"Uganda/Neth 2008",1
"6014",0.762966551352292,0.46999400225468,"Uganda/Neth 2008",1
"6015",0.19102870230563,0.232951875077561,"Uganda/Neth 2008",1
"6016",1.67726713232696,0.2304856646806,"Uganda/Neth 2008",1
"6017",1.16198119847104,0.808334332890809,"Uganda/Neth 2008",1
"6018",1.12594901863486,0.269436752889305,"Uganda/Neth 2008",1
"6019",0.561765287769958,0.249161633197218,"Uganda/Neth 2008",1
"6020",0.661706178216264,0.509204499889165,"Uganda/Neth 2008",1
"6021",0.529748419532552,0.149637528927997,"Uganda/Neth 2008",1
"6022",0.0966008808463812,0.500768032390624,"Uganda/Neth 2008",1
"6023",0.555400666315109,0.428212383529171,"Uganda/Neth 2008",1
"6024",1.65241735009477,0.0996309509500861,"Uganda/Neth 2008",1
"6025",0.571518001612276,0.532684470992535,"Uganda/Neth 2008",1
"6026",0.0381111663300544,0.763183759758249,"Uganda/Neth 2008",1
"6027",0.598440552363172,0.0973343164660037,"Uganda/Neth 2008",1
"6028",1.5727397503797,0.101726768072695,"Uganda/Neth 2008",1
"6029",1.21952162194066,0.500201520044357,"Uganda/Neth 2008",1
"6030",0.212416093563661,0.572542778449133,"Uganda/Neth 2008",1
"6031",2.09358998620883,0.221184113528579,"Uganda/Neth 2008",1
"6032",2.39925713650882,0.907193897292018,"Uganda/Neth 2008",1
"6033",0.165570236044005,0.387310930294916,"Uganda/Neth 2008",1
"6034",0.191279696999118,0.269985418999568,"Uganda/Neth 2008",1
"6035",0.061139329103753,0.838204703526571,"Uganda/Neth 2008",1
"6036",0.0516674187965691,0.514352640602738,"Uganda/Neth 2008",1
"6037",0.200721929082647,0.582800240488723,"Uganda/Neth 2008",1
"6038",0.0432731998153031,0.855283308541402,"Uganda/Neth 2008",1
"6039",0.330630070064217,0.692191662499681,"Uganda/Neth 2008",1
"6040",0.190711915260181,0.2393022258766,"Uganda/Neth 2008",1
"6041",0.269916261546314,0.770295572699979,"Uganda/Neth 2008",1
"6042",0.0607152907177806,0.139604985946789,"Uganda/Neth 2008",1
"6043",0.762841834919527,0.551619431469589,"Uganda/Neth 2008",1
"6044",0.234599218005314,0.222037871368229,"Uganda/Neth 2008",1
"6045",0.000858570914715528,0.0849505837541074,"Uganda/Neth 2008",1
"6046",1.88602006598376,0.552385556977242,"Uganda/Neth 2008",1
"6047",1.28437844174914,0.585145050892606,"Uganda/Neth 2008",1
"6048",1.03229746129364,0.9929638360627,"Uganda/Neth 2008",1
"6049",0.039001221768558,0.174586329376325,"Uganda/Neth 2008",1
"6050",0.217533363495022,0.548784434096888,"Uganda/Neth 2008",1
"6051",0.195100815268233,0.514043708099052,"Uganda/Neth 2008",1
"6052",0.726136670680717,0.136609767796472,"Uganda/Neth 2008",1
"6053",0.483204929390922,0.479172995314002,"Uganda/Neth 2008",1
"6054",0.316153211519122,0.601031523896381,"Uganda/Neth 2008",1
"6055",0.313608116470277,0.459151008399203,"Uganda/Neth 2008",1
"6056",0.576458326773718,0.747340578353032,"Uganda/Neth 2008",1
"6057",2.49187891208567,0.825935834785923,"Uganda/Neth 2008",1
"6058",1.6152032695245,0.455438980134204,"Uganda/Neth 2008",1
"6059",1.54118557577021,0.40722337551415,"Uganda/Neth 2008",1
"6060",2.6000666313339,0.503942391602322,"Uganda/Neth 2008",1
"6061",0.96952373161912,0.791794628370553,"Uganda/Neth 2008",1
"6062",0.372803944163024,0.421852325089276,"Uganda/Neth 2008",1
"6063",1.60918646282516,0.485812682192773,"Uganda/Neth 2008",1
"6064",0.0833454157691449,0.885858267080039,"Uganda/Neth 2008",1
"6065",1.92339523136616,0.0242599102202803,"Uganda/Neth 2008",1
"6066",0.344262179452926,0.606918376870453,"Uganda/Neth 2008",1
"6067",0.678329775575548,0.265871247509494,"Uganda/Neth 2008",1
"6068",0.46539508108981,0.94781132787466,"Uganda/Neth 2008",1
"6069",1.70919907581992,0.963442992651835,"Uganda/Neth 2008",1
"6070",0.655924304388463,0.549350435147062,"Uganda/Neth 2008",1
"6071",0.636674772715196,0.51617256551981,"Uganda/Neth 2008",1
"6072",0.476675407961011,0.828383851330727,"Uganda/Neth 2008",1
"6073",0.070877933409065,0.291573318419978,"Uganda/Neth 2008",1
"6074",1.14696872932836,0.375965944956988,"Uganda/Neth 2008",1
"6075",0.842892999295145,0.636421021539718,"Uganda/Neth 2008",1
"6076",0.995955080492422,0.346408971818164,"Uganda/Neth 2008",1
"6077",0.0454218287486583,0.72893976396881,"Uganda/Neth 2008",1
"6078",0.987506142351776,0.206712069222704,"Uganda/Neth 2008",1
"6079",1.5525051697623,0.471193264937028,"Uganda/Neth 2008",1
"6080",1.15654959669337,0.256395489675924,"Uganda/Neth 2008",1
"6081",2.46553358039819,0.821109420619905,"Uganda/Neth 2008",1
"6082",0.061595564475283,0.565031146164984,"Uganda/Neth 2008",1
"6083",1.7790045873262,0.400019851280376,"Uganda/Neth 2008",1
"6084",0.382670211140066,0.0312589574605227,"Uganda/Neth 2008",1
"6085",2.3054174752906,0.682420488912612,"Uganda/Neth 2008",1
"6086",0.0165862371213734,0.127349062357098,"Uganda/Neth 2008",1
"6087",0.0910944161005318,0.681544300401583,"Uganda/Neth 2008",1
"6088",0.543811316834763,0.574892614036798,"Uganda/Neth 2008",1
"6089",0.3799371952191,0.239633540855721,"Uganda/Neth 2008",1
"6090",1.11035707849078,0.550575551576912,"Uganda/Neth 2008",1
"6091",0.775004463968799,0.574136533541605,"Uganda/Neth 2008",1
"6092",1.81065017986111,0.637110698036849,"Uganda/Neth 2008",1
"6093",2.49731579935178,0.808891630964354,"Uganda/Neth 2008",1
"6094",0.999891111860052,0.71258196560666,"Uganda/Neth 2008",1
"6095",0.0546324003953487,0.0114584376569837,"Uganda/Neth 2008",1
"6096",1.13330925023183,0.357348723104224,"Uganda/Neth 2008",1
"6097",2.95482622389682,0.706559695536271,"Uganda/Neth 2008",1
"6098",0.235682017402723,0.933882554061711,"Uganda/Neth 2008",1
"6099",0.156592856626958,0.734864064026624,"Uganda/Neth 2008",1
"6100",0.792741936631501,0.607486352557316,"Uganda/Neth 2008",1
"6101",0.723088326863945,0.435894535621628,"Uganda/Neth 2008",1
"6102",0.116047037299722,0.382024479331449,"Uganda/Neth 2008",1
"6103",1.74769629584625,0.771374288015068,"Uganda/Neth 2008",1
"6104",0.349641779204831,0.916434102226049,"Uganda/Neth 2008",1
"6105",0.19258014508523,0.376045975834131,"Uganda/Neth 2008",1
"6106",0.112780044553801,0.16883859760128,"Uganda/Neth 2008",1
"6107",1.6835301190149,0.469332074047998,"Uganda/Neth 2008",1
"6108",0.125116608571261,0.505303838057443,"Uganda/Neth 2008",1
"6109",0.902516402537003,0.85420141578652,"Uganda/Neth 2008",1
"6110",0.838895856169984,0.235767457634211,"Uganda/Neth 2008",1
"6111",2.9021314450074,0.598484715912491,"Uganda/Neth 2008",1
"6112",0.0693151282612234,0.794198296498507,"Uganda/Neth 2008",1
"6113",0.38435510918498,0.253402571426705,"Uganda/Neth 2008",1
"6114",1.98481365479529,0.420648714993149,"Uganda/Neth 2008",1
"6115",1.21461600763723,0.554344452917576,"Uganda/Neth 2008",1
"6116",1.98324217856862,0.0557419117540121,"Uganda/Neth 2008",1
"6117",1.41934391506948,0.697992009809241,"Uganda/Neth 2008",1
"6118",0.487547473283485,0.290690009016544,"Uganda/Neth 2008",1
"6119",0.459346323274076,0.245297811925411,"Uganda/Neth 2008",1
"6120",0.285051848972216,0.696308826794848,"Uganda/Neth 2008",1
"6121",1.63009611424059,0.394406044855714,"Uganda/Neth 2008",1
"6122",0.149774700170383,0.67282225866802,"Uganda/Neth 2008",1
"6123",0.178436950547621,0.721835126401857,"Uganda/Neth 2008",1
"6124",0.233787676552311,0.977768962737173,"Uganda/Neth 2008",1
"6125",0.230855577159673,0.238923119613901,"Uganda/Neth 2008",1
"6126",2.80390004371293,0.299760104157031,"Uganda/Neth 2008",1
"6127",0.581781738437712,0.816656046081334,"Uganda/Neth 2008",1
"6128",0.820756924571469,0.465424099937081,"Uganda/Neth 2008",1
"6129",0.690940656932071,0.407461153808981,"Uganda/Neth 2008",1
"6130",0.143622728995979,0.0984189629089087,"Uganda/Neth 2008",1
"6131",0.634334138827398,0.041316642658785,"Uganda/Neth 2008",1
"6132",0.604649600107223,0.648945519002154,"Uganda/Neth 2008",1
"6133",1.03639577468857,0.911285626934841,"Uganda/Neth 2008",1
"6134",0.56561307865195,0.992421757429838,"Uganda/Neth 2008",1
"6135",1.3351650678087,0.282543211476877,"Uganda/Neth 2008",1
"6136",2.39425486000255,0.619641151744872,"Uganda/Neth 2008",1
"6137",2.75361145986244,0.669827068690211,"Uganda/Neth 2008",1
"6138",0.547050105175003,0.584959027357399,"Uganda/Neth 2008",1
"6139",1.32362268352881,0.118090141098946,"Uganda/Neth 2008",1
"6140",0.352757366839796,0.482906110119075,"Uganda/Neth 2008",1
"6141",0.0337242423556745,0.986641470110044,"Uganda/Neth 2008",1
"6142",1.1179275449831,0.58430171571672,"Uganda/Neth 2008",1
"6143",0.691653751535341,0.605573666049168,"Uganda/Neth 2008",1
"6144",2.9508549508173,0.913104593288153,"Uganda/Neth 2008",1
"6145",0.747537944465876,0.521981942933053,"Uganda/Neth 2008",1
"6146",0.618105695117265,0.765032618772238,"Uganda/Neth 2008",1
"6147",0.0848669211845845,0.26025189156644,"Uganda/Neth 2008",1
"6148",2.55863328161649,0.291538441320881,"Uganda/Neth 2008",1
"6149",1.79294438590296,0.27789676329121,"Uganda/Neth 2008",1
"6150",1.52427718299441,0.908290750114247,"Uganda/Neth 2008",1
"6151",0.378059044014663,0.256761341821402,"Uganda/Neth 2008",1
"6152",1.05800934880972,0.951480430318043,"Uganda/Neth 2008",1
"6153",0.133211215725169,0.394830214092508,"Uganda/Neth 2008",1
"6154",1.60666870465502,0.22949826088734,"Uganda/Neth 2008",1
"6155",1.24788966891356,0.909927050583065,"Uganda/Neth 2008",1
"6156",0.652872658800334,0.675679578678682,"Uganda/Neth 2008",1
"6157",0.378771440824494,0.501892097992823,"Uganda/Neth 2008",1
"6158",1.2248796375934,0.40332665736787,"Uganda/Neth 2008",1
"6159",0.49349062750116,0.537703344365582,"Uganda/Neth 2008",1
"6160",0.636619072174653,0.972592437174171,"Uganda/Neth 2008",1
"6161",1.12324989074841,0.26153445453383,"Uganda/Neth 2008",1
"6162",0.837842269102111,0.346263921353966,"Uganda/Neth 2008",1
"6163",0.821010442916304,0.990937258116901,"Uganda/Neth 2008",1
"6164",1.48779462743551,0.667678709607571,"Uganda/Neth 2008",1
"6165",2.01826840010472,0.791157457279041,"Uganda/Neth 2008",1
"6166",0.287764390697703,0.418945961399004,"Uganda/Neth 2008",1
"6167",0.495227881008759,0.374284929363057,"Uganda/Neth 2008",1
"6168",0.293905514990911,0.249302624259144,"Uganda/Neth 2008",1
"6169",1.50807402678765,0.267075739335269,"Uganda/Neth 2008",1
"6170",0.586562043288723,0.146392343565822,"Uganda/Neth 2008",1
"6171",2.28368532378227,0.861293612979352,"Uganda/Neth 2008",1
"6172",0.910383540904149,0.0550209863577038,"Uganda/Neth 2008",1
"6173",2.54005126724951,0.670831267954782,"Uganda/Neth 2008",1
"6174",0.954641460673884,0.552496109390631,"Uganda/Neth 2008",1
"6175",0.846866304287687,0.365828974870965,"Uganda/Neth 2008",1
"6176",0.60870233271271,0.415395363001153,"Uganda/Neth 2008",1
"6177",0.721592363202944,0.124668520409614,"Uganda/Neth 2008",1
"6178",0.399457255611196,0.199968049069867,"Uganda/Neth 2008",1
"6179",0.677943585673347,0.000170904211699963,"Uganda/Neth 2008",1
"6180",0.466056462144479,0.800545832607895,"Uganda/Neth 2008",1
"6181",1.48915166174993,0.841263069305569,"Uganda/Neth 2008",1
"6182",0.120000768452883,0.50233863433823,"Uganda/Neth 2008",1
"6183",0.725732607766986,0.630616574781016,"Uganda/Neth 2008",1
"6184",2.00730103882961,0.108105357270688,"Uganda/Neth 2008",1
"6185",0.00022037560120225,0.259614489274099,"Uganda/Neth 2008",1
"6186",0.590824556769803,0.958916098577902,"Uganda/Neth 2008",1
"6187",0.198218459961936,0.605445753782988,"Uganda/Neth 2008",1
"6188",0.175899087684229,0.728475735755637,"Uganda/Neth 2008",1
"6189",0.960327896056697,0.275506603531539,"Uganda/Neth 2008",1
"6190",0.778767742216587,0.969372665509582,"Uganda/Neth 2008",1
"6191",1.64507288276218,0.24296264606528,"Uganda/Neth 2008",1
"6192",0.365167273906991,0.968983123311773,"Uganda/Neth 2008",1
"6193",0.747401216067374,0.641962230438367,"Uganda/Neth 2008",1
"6194",0.457962260115892,0.316953494912013,"Uganda/Neth 2008",1
"6195",1.40956528508104,0.743608659831807,"Uganda/Neth 2008",1
"6196",1.54820049181581,0.509479809552431,"Uganda/Neth 2008",1
"6197",1.16740623652004,0.564233783166856,"Uganda/Neth 2008",1
"6198",1.36737670842558,0.370723834726959,"Uganda/Neth 2008",1
"6199",2.36711550084874,0.958812298253179,"Uganda/Neth 2008",1
"6200",1.31737600453198,0.0245626030955464,"Uganda/Neth 2008",1
"6201",0.211206800071523,0.702925794990733,"Uganda/Neth 2008",1
"6202",0.291098233312368,0.117028107633814,"Uganda/Neth 2008",1
"6203",0.0535305419471115,0.617145009804517,"Uganda/Neth 2008",1
"6204",0.308674591826275,0.226432571886107,"Uganda/Neth 2008",1
"6205",1.6004874331411,0.789829563349485,"Uganda/Neth 2008",1
"6206",0.754188867285848,0.196157180005684,"Uganda/Neth 2008",1
"6207",2.22953044110909,0.6907082721591,"Uganda/Neth 2008",1
"6208",0.622873538872227,0.492830221075565,"Uganda/Neth 2008",1
"6209",0.418922770768404,0.243264141492546,"Uganda/Neth 2008",1
"6210",1.4614060933236,0.0915533029474318,"Uganda/Neth 2008",1
"6211",0.204430109588429,0.644967698026448,"Uganda/Neth 2008",1
"6212",1.79991830186918,0.139398242346942,"Uganda/Neth 2008",1
"6213",0.781689804280177,0.427326079457998,"Uganda/Neth 2008",1
"6214",0.515118251089007,0.638097629416734,"Uganda/Neth 2008",1
"6215",1.16285596741363,0.606984119396657,"Uganda/Neth 2008",1
"6216",0.647527536610141,0.15029013203457,"Uganda/Neth 2008",1
"6217",0.0502568332012743,0.917789482278749,"Uganda/Neth 2008",1
"6218",0.993953474331647,0.567716199206188,"Uganda/Neth 2008",1
"6219",1.04130281601101,0.281646073097363,"Uganda/Neth 2008",1
"6220",0.160759467165917,0.283126157475635,"Uganda/Neth 2008",1
"6221",1.9571875857655,0.801584411878139,"Uganda/Neth 2008",1
"6222",2.85120247467421,0.637650170130655,"Uganda/Neth 2008",1
"6223",0.283801993355155,0.779797016875818,"Uganda/Neth 2008",1
"6224",0.0222182858269662,0.0953377187252045,"Uganda/Neth 2008",1
"6225",0.568826488684863,0.397078247042373,"Uganda/Neth 2008",1
"6226",0.569962234469131,0.610114906681702,"Uganda/Neth 2008",1
"6227",0.112198892980814,0.699491726001725,"Uganda/Neth 2008",1
"6228",1.91030005621724,0.709285913500935,"Uganda/Neth 2008",1
"6229",1.04569790046662,0.192244752077386,"Uganda/Neth 2008",1
"6230",0.377124250866473,0.165947827277705,"Uganda/Neth 2008",1
"6231",0.760744624072686,0.554600916104391,"Uganda/Neth 2008",1
"6232",0.0737770032137632,0.243585265241563,"Uganda/Neth 2008",1
"6233",0.111003546975553,0.832825370132923,"Uganda/Neth 2008",1
"6234",0.637441765749827,0.298144656000659,"Uganda/Neth 2008",1
"6235",0.42266911896877,0.075541844824329,"Uganda/Neth 2008",1
"6236",0.541776865487918,0.191416623303667,"Uganda/Neth 2008",1
"6237",1.33796639204957,0.991696144687012,"Uganda/Neth 2008",1
"6238",0.223813991295174,0.607831596164033,"Uganda/Neth 2008",1
"6239",0.797248698771,0.809422430116683,"Uganda/Neth 2008",1
"6240",1.17448185151443,0.301678750663996,"Uganda/Neth 2008",1
"6241",0.841214664280415,0.543959609931335,"Uganda/Neth 2008",1
"6242",0.234764490276575,0.235310452524573,"Uganda/Neth 2008",1
"6243",0.349451590329409,0.921695280587301,"Uganda/Neth 2008",1
"6244",0.0730797098949552,0.120324781863019,"Uganda/Neth 2008",1
"6245",0.0243562047835439,0.141470859292895,"Uganda/Neth 2008",1
"6246",0.482324276352301,0.410266395658255,"Uganda/Neth 2008",1
"6247",2.92771142092533,0.144027163274586,"Uganda/Neth 2008",1
"6248",2.08984024473466,0.479140596231446,"Uganda/Neth 2008",1
"6249",1.02180448989384,0.374236027244478,"Uganda/Neth 2008",1
"6250",0.92863379814662,0.307240923633799,"Uganda/Neth 2008",1
"6251",1.19971433468163,0.519892805721611,"Uganda/Neth 2008",1
"6252",0.767024185275659,0.219835806405172,"Uganda/Neth 2008",1
"6253",0.524201318621635,0.767714735586196,"Uganda/Neth 2008",1
"6254",0.141605833545327,0.232158162631094,"Uganda/Neth 2008",1
"6255",0.039384571602568,0.112038679653779,"Uganda/Neth 2008",1
"6256",0.481815975392237,0.382575273746625,"Uganda/Neth 2008",1
"6257",1.5427377470769,0.647522918414325,"Uganda/Neth 2008",1
"6258",0.893909219652414,0.79857235471718,"Uganda/Neth 2008",1
"6259",0.472903220448643,0.0873831696808338,"Uganda/Neth 2008",1
"6260",1.21838674647734,0.642473710468039,"Uganda/Neth 2008",1
"6261",0.441428389633074,0.169366368791088,"Uganda/Neth 2008",1
"6262",0.130736900959164,0.472675244091079,"Uganda/Neth 2008",1
"6263",1.38692002021708,0.651161732850596,"Uganda/Neth 2008",1
"6264",0.0693208426237106,0.59803273784928,"Uganda/Neth 2008",1
"6265",0.051223132526502,0.291234484640881,"Uganda/Neth 2008",1
"6266",0.457353270146996,0.036863966146484,"Uganda/Neth 2008",1
"6267",2.96176122338511,0.84946737671271,"Uganda/Neth 2008",1
"6268",0.17284755804576,0.256762074306607,"Uganda/Neth 2008",1
"6269",1.65307599306107,0.673893639585003,"Uganda/Neth 2008",1
"6270",0.994454041589051,0.190806308761239,"Uganda/Neth 2008",1
"6271",0.903771365527064,0.217373526189476,"Uganda/Neth 2008",1
"6272",2.42831895430572,0.317828873172402,"Uganda/Neth 2008",1
"6273",0.00376025796867907,0.479534706333652,"Uganda/Neth 2008",1
"6274",0.210509228752926,0.0479249607305974,"Uganda/Neth 2008",1
"6275",0.0613320800475776,0.0783424151595682,"Uganda/Neth 2008",1
"6276",2.10629729926586,0.848355905618519,"Uganda/Neth 2008",1
"6277",0.0254109192173928,0.775615996681154,"Uganda/Neth 2008",1
"6278",0.868613685714081,0.571010699262843,"Uganda/Neth 2008",1
"6279",0.452281774487346,0.367968092206866,"Uganda/Neth 2008",1
"6280",1.40837637009099,0.179320010356605,"Uganda/Neth 2008",1
"6281",2.85881447559223,0.26629280904308,"Uganda/Neth 2008",1
"6282",1.99643905623816,0.30659960815683,"Uganda/Neth 2008",1
"6283",1.4425321163144,0.20690484601073,"Uganda/Neth 2008",1
"6284",0.374934999039397,0.311586955562234,"Uganda/Neth 2008",1
"6285",0.172011752380058,0.875120078446344,"Uganda/Neth 2008",1
"6286",0.172039980534464,0.138583856169134,"Uganda/Neth 2008",1
"6287",1.37960828002542,0.976986477850005,"Uganda/Neth 2008",1
"6288",2.67089024442248,0.775765562895685,"Uganda/Neth 2008",1
"6289",0.260706926928833,0.398996113566682,"Uganda/Neth 2008",1
"6290",0.554282477824017,0.195913793984801,"Uganda/Neth 2008",1
"6291",0.745898149441928,0.886490578763187,"Uganda/Neth 2008",1
"6292",0.49900044570677,0.810647334437817,"Uganda/Neth 2008",1
"6293",0.144453489454463,0.18470514472574,"Uganda/Neth 2008",1
"6294",1.59261355642229,0.390322172548622,"Uganda/Neth 2008",1
"6295",0.866553737316281,0.0295910395216197,"Uganda/Neth 2008",1
"6296",1.35045036999509,0.764938399894163,"Uganda/Neth 2008",1
"6297",0.750434393528849,0.651916244300082,"Uganda/Neth 2008",1
"6298",0.182372150709853,0.816686496837065,"Uganda/Neth 2008",1
"6299",0.740003409096971,0.7161361919716,"Uganda/Neth 2008",1
"6300",0.299756664549932,0.0362578246276826,"Uganda/Neth 2008",1
"6301",0.222652445314452,0.0542282706592232,"Uganda/Neth 2008",1
"6302",0.124565923120826,0.0114242183044553,"Uganda/Neth 2008",1
"6303",0.926160142058507,0.167898837476969,"Uganda/Neth 2008",1
"6304",0.770899036433548,0.779077215353027,"Uganda/Neth 2008",1
"6305",1.12481122696772,0.130533542949706,"Uganda/Neth 2008",1
"6306",0.188403863226995,0.961831389460713,"Uganda/Neth 2008",1
"6307",0.0456592363771051,0.666190412826836,"Uganda/Neth 2008",1
"6308",1.02434603520669,0.262167257256806,"Uganda/Neth 2008",1
"6309",0.338876360328868,0.56848732358776,"Uganda/Neth 2008",1
"6310",0.59737698873505,0.155130338389426,"Uganda/Neth 2008",1
"6311",1.4406602291856,0.92171829007566,"Uganda/Neth 2008",1
"6312",0.0783939817920327,0.0703056962229311,"Uganda/Neth 2008",1
"6313",1.97225039941259,0.128911438863724,"Uganda/Neth 2008",1
"6314",0.274345006328076,0.369180585956201,"Uganda/Neth 2008",1
"6315",0.308885602746159,0.131570304045454,"Uganda/Neth 2008",1
"6316",2.28677051723935,0.182971240254119,"Uganda/Neth 2008",1
"6317",1.29388366593048,0.13630479411222,"Uganda/Neth 2008",1
"6318",0.374734622659162,0.9012654973194,"Uganda/Neth 2008",1
"6319",0.294203126337379,0.170562013052404,"Uganda/Neth 2008",1
"6320",0.105517526390031,0.269078796263784,"Uganda/Neth 2008",1
"6321",0.0306391341146082,0.632867468288168,"Uganda/Neth 2008",1
"6322",0.973015695344657,0.30689294449985,"Uganda/Neth 2008",1
"6323",0.190889076562598,0.395021334988996,"Uganda/Neth 2008",1
"6324",1.81761390483007,0.869724921882153,"Uganda/Neth 2008",1
"6325",1.14231549203396,0.59887245320715,"Uganda/Neth 2008",1
"6326",1.84219809458591,0.902694763615727,"Uganda/Neth 2008",1
"6327",0.1841568374075,0.952459081308916,"Uganda/Neth 2008",1
"6328",0.220677059143782,0.531420886982232,"Uganda/Neth 2008",1
"6329",0.155376219889149,0.756030266871676,"Uganda/Neth 2008",1
"6330",0.325204093940556,0.143821807578206,"Uganda/Neth 2008",1
"6331",0.134417730616406,0.290690429741517,"Uganda/Neth 2008",1
"6332",0.981713014421985,0.0930176598485559,"Uganda/Neth 2008",1
"6333",0.443361587589607,0.941528097260743,"Uganda/Neth 2008",1
"6334",1.36576397367753,0.311073877848685,"Uganda/Neth 2008",1
"6335",0.189781366148964,0.77392307203263,"Uganda/Neth 2008",1
"6336",0.878208294510841,0.455261443508789,"Uganda/Neth 2008",1
"6337",1.8919058740139,0.14271706272848,"Uganda/Neth 2008",1
"6338",0.926571826916188,0.440094420919195,"Uganda/Neth 2008",1
"6339",1.38787028635852,0.30201543145813,"Uganda/Neth 2008",1
"6340",1.28697468037717,0.0381138355005533,"Uganda/Neth 2008",1
"6341",0.166048471117392,0.7569431187585,"Uganda/Neth 2008",1
"6342",0.610890033189207,0.223170419689268,"Uganda/Neth 2008",1
"6343",0.33421491435729,0.495157134020701,"Uganda/Neth 2008",1
"6344",0.856322881998494,0.199394499417394,"Uganda/Neth 2008",1
"6345",0.778002100763842,0.666799226775765,"Uganda/Neth 2008",1
"6346",0.646769403247163,0.796519291587174,"Uganda/Neth 2008",1
"6347",1.41557917068712,0.872797216754407,"Uganda/Neth 2008",1
"6348",1.30762476241216,0.587023665895686,"Uganda/Neth 2008",1
"6349",0.260560734663159,0.711927617201582,"Uganda/Neth 2008",1
"6350",1.2552824174054,0.676966149592772,"Uganda/Neth 2008",1
"6351",0.259364157915115,0.716930045979097,"Uganda/Neth 2008",1
"6352",0.905474626924843,0.958857011049986,"Uganda/Neth 2008",1
"6353",1.78329863143153,0.522687342017889,"Uganda/Neth 2008",1
"6354",1.49498363351449,0.38044365355745,"Uganda/Neth 2008",1
"6355",0.168642834993079,0.496146219084039,"Uganda/Neth 2008",1
"6356",2.21295773307793,0.0524855046533048,"Uganda/Neth 2008",1
"6357",1.04612993798219,0.249428590992466,"Uganda/Neth 2008",1
"6358",0.569477441953495,0.233555220067501,"Uganda/Neth 2008",1
"6359",1.11321301572025,0.669399696635082,"Uganda/Neth 2008",1
"6360",0.10829515918158,0.321088728960603,"Uganda/Neth 2008",1
"6361",0.899655024055392,0.803180928807706,"Uganda/Neth 2008",1
"6362",0.950329840416089,0.806764956796542,"Uganda/Neth 2008",1
"6363",0.0273298574611545,0.473304681479931,"Uganda/Neth 2008",1
"6364",2.46943255956285,0.344951293431222,"Uganda/Neth 2008",1
"6365",0.196935419691727,0.911218238063157,"Uganda/Neth 2008",1
"6366",1.81421639048494,0.792690238449723,"Uganda/Neth 2008",1
"6367",0.565839448710904,0.792526049073786,"Uganda/Neth 2008",1
"6368",1.7141686740797,0.00551282078959048,"Uganda/Neth 2008",1
"6369",1.75718149146996,0.575630589853972,"Uganda/Neth 2008",1
"6370",0.321817618561909,0.455120093422011,"Uganda/Neth 2008",1
"6371",0.20578311290592,0.74710862711072,"Uganda/Neth 2008",1
"6372",0.66119119268842,0.078348048729822,"Uganda/Neth 2008",1
"6373",0.327704144641757,0.703102310420945,"Uganda/Neth 2008",1
"6374",0.449301366694272,0.73183909477666,"Uganda/Neth 2008",1
"6375",1.42773911333643,0.205489687388763,"Uganda/Neth 2008",1
"6376",1.35962318186648,0.834243407705799,"Uganda/Neth 2008",1
"6377",1.64439995214343,0.376754963072017,"Uganda/Neth 2008",1
"6378",2.35247298306786,0.505926848389208,"Uganda/Neth 2008",1
"6379",1.4381048111245,0.332853393862024,"Uganda/Neth 2008",1
"6380",1.49387518619187,0.100147528108209,"Uganda/Neth 2008",1
"6381",1.36431055236608,0.573738631093875,"Uganda/Neth 2008",1
"6382",1.26243815082125,0.637833905406296,"Uganda/Neth 2008",1
"6383",0.473020675359294,0.784908823436126,"Uganda/Neth 2008",1
"6384",0.00465018418617547,0.154970184434205,"Uganda/Neth 2008",1
"6385",0.413267050171271,0.61372112040408,"Uganda/Neth 2008",1
"6386",1.13914217194542,0.173397640697658,"Uganda/Neth 2008",1
"6387",0.856943385209888,0.464614558732137,"Uganda/Neth 2008",1
"6388",1.47554484754801,0.12988340924494,"Uganda/Neth 2008",1
"6389",0.0690426437649876,0.309691848000512,"Uganda/Neth 2008",1
"6390",0.140020588645712,0.24770375713706,"Uganda/Neth 2008",1
"6391",0.516350316116586,0.398833058075979,"Uganda/Neth 2008",1
"6392",0.161207024473697,0.385755581781268,"Uganda/Neth 2008",1
"6393",0.0321660102345049,0.0120227832812816,"Uganda/Neth 2008",1
"6394",0.162292594788596,0.585460903355852,"Uganda/Neth 2008",1
"6395",0.697106963954866,0.653983660042286,"Uganda/Neth 2008",1
"6396",0.0895736266393214,0.294959134189412,"Uganda/Neth 2008",1
"6397",0.0563927739858627,0.967696219217032,"Uganda/Neth 2008",1
"6398",0.310414098668844,0.951850616838783,"Uganda/Neth 2008",1
"6399",1.83191112731583,0.709900476271287,"Uganda/Neth 2008",1
"6400",0.43259614915587,0.636398366652429,"Uganda/Neth 2008",1
"6401",1.34850813355297,0.34637137898244,"Uganda/Neth 2008",1
"6402",0.0365001128520817,0.55675262818113,"Uganda/Neth 2008",1
"6403",2.59160278667696,0.876352900173515,"Uganda/Neth 2008",1
"6404",0.676760317990556,0.797236273530871,"Uganda/Neth 2008",1
"6405",1.06986501580104,0.35099121928215,"Uganda/Neth 2008",1
"6406",1.2272508025635,0.971168392105028,"Uganda/Neth 2008",1
"6407",2.7459068801254,0.562419411959127,"Uganda/Neth 2008",1
"6408",1.19282227358781,0.256002950714901,"Uganda/Neth 2008",1
"6409",0.29241602984257,0.863819231512025,"Uganda/Neth 2008",1
"6410",0.0176433767192066,0.669648557202891,"Uganda/Neth 2008",1
"6411",0.242331796791404,0.892340289661661,"Uganda/Neth 2008",1
"6412",2.13214716827497,0.445265285437927,"Uganda/Neth 2008",1
"6413",0.197130200453103,0.636466129915789,"Uganda/Neth 2008",1
"6414",0.364490186562762,0.0949102316517383,"Uganda/Neth 2008",1
"6415",0.847106470959261,0.986186162335798,"Uganda/Neth 2008",1
"6416",1.282616867451,0.929735619109124,"Uganda/Neth 2008",1
"6417",0.936739671975374,0.970665856497362,"Uganda/Neth 2008",1
"6418",0.188806490739807,0.51506066066213,"Uganda/Neth 2008",1
"6419",1.1087484236341,0.630351353203878,"Uganda/Neth 2008",1
"6420",1.22804613062181,0.380177825689316,"Uganda/Neth 2008",1
"6421",1.11404590518214,0.159703227225691,"Uganda/Neth 2008",1
"6422",0.202811765950173,0.851762940641493,"Uganda/Neth 2008",1
"6423",0.132303599501029,0.336546040140092,"Uganda/Neth 2008",1
"6424",0.525565056363121,0.588750578230247,"Uganda/Neth 2008",1
"6425",1.52783380122855,0.507065618177876,"Uganda/Neth 2008",1
"6426",0.487699866760522,0.406890081707388,"Uganda/Neth 2008",1
"6427",0.118727148044854,0.189074597321451,"Uganda/Neth 2008",1
"6428",0.272998680593446,0.736364978132769,"Uganda/Neth 2008",1
"6429",0.0804998022504151,0.983766158577055,"Uganda/Neth 2008",1
"6430",0.101940119639039,0.854082619771361,"Uganda/Neth 2008",1
"6431",2.45737452618778,0.796237648231909,"Uganda/Neth 2008",1
"6432",0.288887690752745,0.550127675523981,"Uganda/Neth 2008",1
"6433",1.31096354057081,0.169365156674758,"Uganda/Neth 2008",1
"6434",0.0875881325919181,0.723947951337323,"Uganda/Neth 2008",1
"6435",0.349214577348903,0.336019900627434,"Uganda/Neth 2008",1
"6436",0.0777880281675607,0.627977689029649,"Uganda/Neth 2008",1
"6437",0.912117277504876,0.135429703630507,"Uganda/Neth 2008",1
"6438",0.0364579169545323,0.933381303679198,"Uganda/Neth 2008",1
"6439",1.88836632343009,0.345370149007067,"Uganda/Neth 2008",1
"6440",0.177766586188227,0.765557282604277,"Uganda/Neth 2008",1
"6441",0.672190606361255,0.649591058958322,"Uganda/Neth 2008",1
"6442",1.43828741996549,0.413859049556777,"Uganda/Neth 2008",1
"6443",0.743037541396916,0.605013624764979,"Uganda/Neth 2008",1
"6444",1.01007897220552,0.935948014026508,"Uganda/Neth 2008",1
"6445",1.60149471997283,0.561538391048089,"Uganda/Neth 2008",1
"6446",0.364923194982111,0.481723157223314,"Uganda/Neth 2008",1
"6447",1.13771708356217,0.642491562059149,"Uganda/Neth 2008",1
"6448",0.0296582279261202,0.547102283453569,"Uganda/Neth 2008",1
"6449",0.668892964487895,0.273240868467838,"Uganda/Neth 2008",1
"6450",1.27103761048056,0.443404972320423,"Uganda/Neth 2008",1
"6451",0.883117677178234,0.412992913741618,"Uganda/Neth 2008",1
"6452",0.0986770070157945,0.206125336233526,"Uganda/Neth 2008",1
"6453",0.230833214940503,0.383934735553339,"Uganda/Neth 2008",1
"6454",0.068278934340924,0.503811437403783,"Uganda/Neth 2008",1
"6455",0.861111601581797,0.127010289113969,"Uganda/Neth 2008",1
"6456",0.693042391212657,0.791697631124407,"Uganda/Neth 2008",1
"6457",0.573548196349293,0.20199595275335,"Uganda/Neth 2008",1
"6458",0.297126674791798,0.0524832746013999,"Uganda/Neth 2008",1
"6459",1.10707984934561,0.505958328023553,"Uganda/Neth 2008",1
"6460",1.04315985250287,0.720967660658062,"Uganda/Neth 2008",1
"6461",0.343866436975077,0.828525403048843,"Uganda/Neth 2008",1
"6462",0.848978505469859,0.413128149462864,"Uganda/Neth 2008",1
"6463",0.752058267826214,0.331531571457162,"Uganda/Neth 2008",1
"6464",0.61113074189052,0.212482639122754,"Uganda/Neth 2008",1
"6465",0.57121652062051,0.0673845184501261,"Uganda/Neth 2008",1
"6466",0.619926326908171,0.0903005381114781,"Uganda/Neth 2008",1
"6467",0.488301282981411,0.715394817991182,"Uganda/Neth 2008",1
"6468",1.55858972948045,0.555004939669743,"Uganda/Neth 2008",1
"6469",0.956696338718757,0.985846553230658,"Uganda/Neth 2008",1
"6470",0.111208949703723,0.686583173228428,"Uganda/Neth 2008",1
"6471",0.288268200354651,0.514430635143071,"Uganda/Neth 2008",1
"6472",1.69990623928607,0.529627358773723,"Uganda/Neth 2008",1
"6473",1.29851069650613,0.791102367220446,"Uganda/Neth 2008",1
"6474",0.445404723286629,0.723815567558631,"Uganda/Neth 2008",1
"6475",0.712142251431942,0.558784131426364,"Uganda/Neth 2008",1
"6476",1.6329884310253,0.694838889874518,"Uganda/Neth 2008",1
"6477",2.51305105607025,0.602271968265995,"Uganda/Neth 2008",1
"6478",0.853089313488454,0.0579759473912418,"Uganda/Neth 2008",1
"6479",1.4813285402488,0.598922535544261,"Uganda/Neth 2008",1
"6480",2.41036454751156,0.380353847052902,"Uganda/Neth 2008",1
"6481",1.31140340748243,0.761425326345488,"Uganda/Neth 2008",1
"6482",2.0249117386993,0.0634407103061676,"Uganda/Neth 2008",1
"6483",0.12799661164172,0.256748752202839,"Uganda/Neth 2008",1
"6484",0.130467686103657,0.513116037240252,"Uganda/Neth 2008",1
"6485",0.532726301578805,0.0543385038617998,"Uganda/Neth 2008",1
"6486",1.01906504365616,0.408068639226258,"Uganda/Neth 2008",1
"6487",0.981626069638878,0.490779997548088,"Uganda/Neth 2008",1
"6488",0.590998430270702,0.780518390471116,"Uganda/Neth 2008",1
"6489",2.4569655766245,0.0963495855685323,"Uganda/Neth 2008",1
"6490",0.279236446134746,0.014514037175104,"Uganda/Neth 2008",1
"6491",0.10491097276099,0.778043526923284,"Uganda/Neth 2008",1
"6492",0.668209571857005,0.115392753854394,"Uganda/Neth 2008",1
"6493",0.381540056085214,0.0393628599122167,"Uganda/Neth 2008",1
"6494",0.0688701923936605,0.684855605941266,"Uganda/Neth 2008",1
"6495",0.849483837140724,0.460080315358937,"Uganda/Neth 2008",1
"6496",1.20278588240035,0.249189561931416,"Uganda/Neth 2008",1
"6497",1.10608677472919,0.393550005974248,"Uganda/Neth 2008",1
"6498",1.19878794858232,0.725678566610441,"Uganda/Neth 2008",1
"6499",0.0754181246738881,0.848295433679596,"Uganda/Neth 2008",1
"6500",0.0980617494788021,0.180530859157443,"Uganda/Neth 2008",1
"6501",0.571645625168458,0.332568857353181,"Uganda/Neth 2008",1
"6502",2.13719380879775,0.504748030100018,"Uganda/Neth 2008",1
"6503",2.0130092559848,0.365507997106761,"Uganda/Neth 2008",1
"6504",0.0260046296752989,0.562367033679038,"Uganda/Neth 2008",1
"6505",2.29683004994877,0.690493491711095,"Uganda/Neth 2008",1
"6506",1.37147629936226,0.935979191446677,"Uganda/Neth 2008",1
"6507",1.51482761395164,0.551340353442356,"Uganda/Neth 2008",1
"6508",1.16906940448098,0.966480168979615,"Uganda/Neth 2008",1
"6509",1.04279604018666,0.0798413306474686,"Uganda/Neth 2008",1
"6510",0.809113482479006,0.276305151404813,"Uganda/Neth 2008",1
"6511",0.996545000933111,0.571880590636283,"Uganda/Neth 2008",1
"6512",0.979573972988874,0.721587976673618,"Uganda/Neth 2008",1
"6513",1.03991790488362,0.101266806013882,"Uganda/Neth 2008",1
"6514",1.64778211014345,0.847785864258185,"Uganda 2014",1
"6515",0.778767742216587,0.969372665509582,"Uganda 2014",1
"6516",0.947638586629182,0.284340709680691,"Uganda 2014",1
"6517",0.975040230900049,0.854841134743765,"Uganda 2014",1
"6518",0.736708753975108,0.225414892425761,"Uganda 2014",1
"6519",0.878279623808339,0.731563561828807,"Uganda 2014",1
"6520",2.70767841185443,0.253337417729199,"Uganda 2014",1
"6521",1.430610320298,0.0686808947939426,"Uganda 2014",1
"6522",1.95207744464278,0.196078976849094,"Uganda 2014",1
"6523",0.564282468287274,0.784945428371429,"Uganda 2014",1
"6524",2.42460152297281,0.743150701280683,"Uganda 2014",1
"6525",0.358867524191737,0.885522695723921,"Uganda 2014",1
"6526",0.531504641287029,0.108196459710598,"Uganda 2014",1
"6527",2.158324516844,0.191471676109359,"Uganda 2014",1
"6528",0.0327102073933929,0.0814005821011961,"Uganda 2014",1
"6529",2.17315744701773,0.0947076955344528,"Uganda 2014",1
"6530",0.831810782197863,0.577186418930069,"Uganda 2014",1
"6531",0.392818450927734,0.559324161382392,"Uganda 2014",1
"6532",0.436315650120378,0.945403260178864,"Uganda 2014",1
"6533",0.200195744633675,0.914871720597148,"Uganda 2014",1
"6534",0.00177740002982318,0.00332258827984333,"Uganda 2014",1
"6535",1.03102074866183,0.822791056474671,"Uganda 2014",1
"6536",2.94864190276712,0.462429403560236,"Uganda 2014",1
"6537",1.54786302731372,0.337045785738155,"Uganda 2014",1
"6538",1.80137033038773,0.090505450963974,"Uganda 2014",1
"6539",0.637627529678866,0.552951318444684,"Uganda 2014",1
"6540",0.832219623494893,0.333147683180869,"Uganda 2014",1
"6541",2.72463498800062,0.0571456230245531,"Uganda 2014",1
"6542",0.365758007392287,0.834824388613924,"Uganda 2014",1
"6543",1.95483500766568,0.892615139717236,"Uganda 2014",1
"6544",0.571756938938051,0.667761242715642,"Uganda 2014",1
"6545",0.303643685532734,0.0809481833130121,"Uganda 2014",1
"6546",0.0307606989517808,0.210643237223849,"Uganda 2014",1
"6547",0.717162400949746,0.98218511743471,"Uganda 2014",1
"6548",0.547075255773962,0.273898935178295,"Uganda 2014",1
"6549",0.244801312219352,0.430644144304097,"Uganda 2014",1
"6550",1.50321272481233,0.159817094448954,"Uganda 2014",1
"6551",0.0924096582457423,0.69473717128858,"Uganda 2014",1
"6552",0.255354291759431,0.475539606530219,"Uganda 2014",1
"6553",0.509425474097952,0.184190691914409,"Uganda 2014",1
"6554",0.631203000666574,0.799250631127506,"Uganda 2014",1
"6555",0.0281649848911911,0.632092364132404,"Uganda 2014",1
"6556",1.15981739619747,0.656217143172398,"Uganda 2014",1
"6557",2.12686810037121,0.783729396527633,"Uganda 2014",1
"6558",2.64821122563444,0.483055689372122,"Uganda 2014",1
"6559",2.40193246118724,0.767115979921073,"Uganda 2014",1
"6560",0.713714711135253,0.161233745049685,"Uganda 2014",1
"6561",1.81590424315073,0.00255068601109087,"Uganda 2014",1
"6562",0.693711832165718,0.48972135828808,"Uganda 2014",1
"6563",1.10643715574406,0.0591064135078341,"Uganda 2014",1
"6564",0.522854913258925,0.847609672462568,"Uganda 2014",1
"6565",0.185196553124115,0.0463437477592379,"Uganda 2014",1
"6566",0.725205439142883,0.430782363982871,"Uganda 2014",1
"6567",0.895175223005936,0.0809896818827838,"Uganda 2014",1
"6568",0.765663200989366,0.666850374778733,"Uganda 2014",1
"6569",0.0515321202110499,0.994917793665081,"Uganda 2014",1
"6570",1.68492879252881,0.475843303836882,"Uganda 2014",1
"6571",0.429432451492175,0.0989843716379255,"Uganda 2014",1
"6572",0.548492660745978,0.178873581113294,"Uganda 2014",1
"6573",1.16308083990589,0.0555544402450323,"Uganda 2014",1
"6574",0.12672100472264,0.93019060138613,"Uganda 2014",1
"6575",0.777774811489508,0.517403519945219,"Uganda 2014",1
"6576",0.693569571711123,0.665936431381851,"Uganda 2014",1
"6577",0.254010549746454,0.366231644991785,"Uganda 2014",1
"6578",1.20420938869938,0.325999423163012,"Uganda 2014",1
"6579",2.27835020818748,0.158382192952558,"Uganda 2014",1
"6580",0.76583968475461,0.545275432989001,"Uganda 2014",1
"6581",2.40739087946713,0.798185421386734,"Uganda 2014",1
"6582",0.407978429691866,0.40366842946969,"Uganda 2014",1
"6583",0.638266741996631,0.279617003630847,"Uganda 2014",1
"6584",1.55601396854036,0.0848799734376371,"Uganda 2014",1
"6585",0.699060154147446,0.836374591104686,"Uganda 2014",1
"6586",2.43294582073577,0.66986973839812,"Uganda 2014",1
"6587",0.388988677645102,0.298446434317157,"Uganda 2014",1
"6588",1.60851820651442,0.622180484933779,"Uganda 2014",1
"6589",1.09864562074654,0.983039500657469,"Uganda 2014",1
"6590",2.36962400819175,0.0953641133382916,"Uganda 2014",1
"6591",0.945899892132729,9.96487215161324e-05,"Uganda 2014",1
"6592",0.333537730621174,0.6242841926869,"Uganda 2014",1
"6593",0.72232776414603,0.416880281176418,"Uganda 2014",1
"6594",0.816718928748742,0.697559609543532,"Uganda 2014",1
"6595",1.76302464189939,0.79546167422086,"Uganda 2014",1
"6596",0.10108350450173,0.973882312420756,"Uganda 2014",1
"6597",1.90102727338672,0.364451369037852,"Uganda 2014",1
"6598",0.488301282981411,0.715394817991182,"Uganda 2014",1
"6599",1.00953903933987,0.733480602968484,"Uganda 2014",1
"6600",0.209977112710476,0.501090877456591,"Uganda 2014",1
"6601",2.37204424710944,0.429867062484846,"Uganda 2014",1
"6602",0.610388536239043,0.175568450475112,"Uganda 2014",1
"6603",1.5895087828394,0.523269134340808,"Uganda 2014",1
"6604",0.830143549712375,0.0824733243789524,"Uganda 2014",1
"6605",0.295850161928684,0.575258360709995,"Uganda 2014",1
"6606",1.54217185615562,0.394465819234028,"Uganda 2014",1
"6607",2.6390459316317,0.854692344786599,"Uganda 2014",1
"6608",0.467777610523626,0.618188322288916,"Uganda 2014",1
"6609",0.271565280854702,0.401722682174295,"Uganda 2014",1
"6610",0.426098685711622,0.0889963074587286,"Uganda 2014",1
"6611",0.679572688182816,0.598332777386531,"Uganda 2014",1
"6612",1.85512557299808,0.613169386982918,"Uganda 2014",1
"6613",0.205907664494589,0.343328168150038,"Uganda 2014",1
"6614",2.74140623607673,0.897866863990203,"Uganda 2014",1
"6615",1.50754680857062,0.827166581293568,"Uganda 2014",1
"6616",0.265943384729326,0.762112155323848,"Uganda 2014",1
"6617",0.193878788966686,0.0582750777248293,"Uganda 2014",1
"6618",0.975637149531394,0.534678060561419,"Uganda 2014",1
"6619",1.98862887290306,0.242312982911244,"Uganda 2014",1
"6620",0.0836198455654085,0.906118953367695,"Uganda 2014",1
"6621",0.27469295100309,0.969235979486257,"Uganda 2014",1
"6622",2.42411923315376,0.00655911187641323,"Uganda 2014",1
"6623",0.137102121720091,0.555997770745307,"Uganda 2014",1
"6624",0.584701647749171,0.771827988093719,"Uganda 2014",1
"6625",1.12636182527058,0.708295462885872,"Uganda 2014",1
"6626",0.967907208250836,0.340694243786857,"Uganda 2014",1
"6627",0.103477615630254,0.805905858287588,"Uganda 2014",1
"6628",0.472858783788979,0.096868853084743,"Uganda 2014",1
"6629",0.509177286643535,0.794279970461503,"Uganda 2014",1
"6630",0.629264460643753,0.231304754503071,"Uganda 2014",1
"6631",0.996293001808226,0.0398035708349198,"Uganda 2014",1
"6632",2.16836953838356,0.254839358618483,"Uganda 2014",1
"6633",0.0359255452640355,0.971466949908063,"Uganda 2014",1
"6634",0.469487070338801,0.122459103818983,"Uganda 2014",1
"6635",0.410308436024934,0.920633983332664,"Uganda 2014",1
"6636",0.319830857450143,0.219267741078511,"Uganda 2014",1
"6637",0.201305823633447,0.292887223884463,"Uganda 2014",1
"6638",0.719302932964638,0.147105222102255,"Uganda 2014",1
"6639",1.43080218555406,0.589130902895704,"Uganda 2014",1
"6640",1.9021251029335,0.921255622059107,"Uganda 2014",1
"6641",0.426420751260594,0.54067653324455,"Uganda 2014",1
"6642",2.79207728127949,0.118711784482002,"Uganda 2014",1
"6643",0.880024038953707,0.10835171979852,"Uganda 2014",1
"6644",0.191503344336525,0.205770407803357,"Uganda 2014",1
"6645",0.525988424895331,0.178363298298791,"Uganda 2014",1
"6646",1.20040451874956,0.89888227568008,"Uganda 2014",1
"6647",0.754027695860714,0.809962794883177,"Uganda 2014",1
"6648",1.04614195134491,0.85282970010303,"Uganda 2014",1
"6649",0.607846946222708,0.698760069906712,"Uganda 2014",1
"6650",0.163657056167722,0.696578504052013,"Uganda 2014",1
"6651",0.199918042402714,0.937032466987148,"Uganda 2014",1
"6652",0.964859920553863,0.130581466015428,"Uganda 2014",1
"6653",1.51656872453168,0.907187132630497,"Uganda 2014",1
"6654",1.24190521007404,0.0746744954958558,"Uganda 2014",1
"6655",0.00573879852890968,0.662489256588742,"Uganda 2014",1
"6656",0.0268899905495346,0.919597323052585,"Uganda 2014",1
"6657",1.49051545676775,0.380934723652899,"Uganda 2014",1
"6658",0.0719246424268931,0.178373426198959,"Uganda 2014",1
"6659",0.26318998541683,0.940105874789879,"Uganda 2014",1
"6660",0.00317057361826301,0.576555941253901,"Uganda 2014",1
"6661",0.896780664799735,0.443328640423715,"Uganda 2014",1
"6662",1.81891764211468,0.0393091377336532,"Uganda 2014",1
"6663",0.940365039976314,0.139198499266058,"Uganda 2014",1
"6664",1.32772442931309,0.189107003621757,"Uganda 2014",1
"6665",1.36743909702636,0.346524496562779,"Uganda 2014",1
"6666",1.28792758192867,0.743802588665858,"Uganda 2014",1
"6667",0.484291112981737,0.39131907816045,"Uganda 2014",1
"6668",2.23722315486521,0.786948291352019,"Uganda 2014",1
"6669",0.129008556017652,0.00769015401601791,"Uganda 2014",1
"6670",0.181115083163604,0.149134662933648,"Uganda 2014",1
"6671",0.882114535197616,0.456408307189122,"Uganda 2014",1
"6672",1.18717586598359,0.47694675042294,"Uganda 2014",1
"6673",0.315303776878864,0.516196926822886,"Uganda 2014",1
"6674",0.0397687407676131,0.277305288938805,"Uganda 2014",1
"6675",0.289920210605487,0.393174946773797,"Uganda 2014",1
"6676",1.20136582455598,0.519385697552934,"Uganda 2014",1
"6677",1.89237735047936,0.275712268659845,"Uganda 2014",1
"6678",0.914694596780464,0.104115845635533,"Uganda 2014",1
"6679",0.337480892194435,0.225212077144533,"Uganda 2014",1
"6680",0.00763700762763619,0.167409797431901,"Uganda 2014",1
"6681",1.69867437053472,0.401876446325332,"Uganda 2014",1
"6682",1.70454512117431,0.598881729412824,"Uganda 2014",1
"6683",0.178237084764987,0.455346495611593,"Uganda 2014",1
"6684",1.67437245463952,0.631437821313739,"Uganda 2014",1
"6685",0.200002556433901,0.323576120194048,"Uganda 2014",1
"6686",1.10302001028322,0.749555083923042,"Uganda 2014",1
"6687",0.204869942972437,0.819781807018444,"Uganda 2014",1
"6688",0.0807705398183316,0.972468541702256,"Uganda 2014",1
"6689",1.49365121196024,0.327538225334138,"Uganda 2014",1
"6690",1.60541655868292,0.82177438493818,"Uganda 2014",1
"6691",1.56249390821904,0.804772161878645,"Uganda 2014",1
"6692",0.699920468498021,0.955084380926564,"Uganda 2014",1
"6693",1.08690533763729,0.719411577098072,"Uganda 2014",1
"6694",1.49755219649523,0.838760200189427,"Uganda 2014",1
"6695",0.335317187709734,0.56795744644478,"Uganda 2014",1
"6696",0.833441573660821,0.0953943128697574,"Uganda 2014",1
"6697",2.68506580987014,0.2997108430136,"Uganda 2014",1
"6698",0.33855695463717,0.424408772727475,"Uganda 2014",1
"6699",0.58353774365969,0.800371175166219,"Uganda 2014",1
"6700",0.340764439897612,0.236861665733159,"Uganda 2014",1
"6701",0.0193310107570142,0.766539683099836,"Uganda 2014",1
"6702",0.719274110393599,0.58451738464646,"Uganda 2014",1
"6703",0.150065687019378,0.814648784231395,"Uganda 2014",1
"6704",0.276216804748401,0.569133333163336,"Uganda 2014",1
"6705",1.11964006558992,0.23722873092629,"Uganda 2014",1
"6706",0.928075710777193,0.681915322551504,"Uganda 2014",1
"6707",1.51102208532393,0.739549350691959,"Uganda 2014",1
"6708",0.675495286239311,0.992944184225053,"Uganda 2014",1
"6709",0.580325115239248,0.923242236487567,"Uganda 2014",1
"6710",0.341451723128557,0.811402638908476,"Uganda 2014",1
"6711",0.138006863649935,0.392587177688256,"Uganda 2014",1
"6712",0.0200611045584083,0.292982316343114,"Uganda 2014",1
"6713",1.76830349117517,0.163954422576353,"Uganda 2014",1
"6714",0.57971752085723,0.07741928845644,"Uganda 2014",1
"6715",0.606356622185558,0.700296031311154,"Uganda 2014",1
"6716",0.799319241894409,0.601153625408188,"Uganda 2014",1
"6717",1.43758733826689,0.940696478588507,"Uganda 2014",1
"6718",0.0813019936904311,0.699435859685764,"Uganda 2014",1
"6719",1.10021417099051,0.140801645815372,"Uganda 2014",1
"6720",0.177209621295333,0.503317726543173,"Uganda 2014",1
"6721",1.00337546342053,0.0755806632805616,"Uganda 2014",1
"6722",0.728324845433235,0.636209472548217,"Uganda 2014",1
"6723",0.713195317424834,0.608561555622146,"Uganda 2014",1
"6724",0.976775150746107,0.877949654357508,"Uganda 2014",1
"6725",1.55099157546647,0.636982478667051,"Uganda 2014",1
"6726",0.159162495285273,0.00499461241997778,"Uganda 2014",1
"6727",2.6405720540788,0.703276177169755,"Uganda 2014",1
"6728",0.533186627319083,0.421541339484975,"Uganda 2014",1
"6729",0.324818432098255,0.979003929067403,"Uganda 2014",1
"6730",0.32276587584056,0.868305321317166,"Uganda 2014",1
"6731",0.926368079613894,0.696193316252902,"Uganda 2014",1
"6732",1.45466252462938,0.816370816202834,"Uganda 2014",1
"6733",0.0233756296802312,0.240661383373663,"Uganda 2014",1
"6734",0.122797821415588,0.868842867901549,"Uganda 2014",1
"6735",1.75971173797734,0.936532546300441,"Uganda 2014",1
"6736",1.60492038493976,0.0937025535386056,"Uganda 2014",1
"6737",1.4024924011901,0.351571485167369,"Uganda 2014",1
"6738",0.229307663161308,0.148228913079947,"Uganda 2014",1
"6739",0.357329193502665,0.20890100649558,"Uganda 2014",1
"6740",0.618029625155032,0.523517645196989,"Uganda 2014",1
"6741",0.266881620744243,0.0849979133345187,"Uganda 2014",1
"6742",0.224055944709107,0.052613235777244,"Uganda 2014",1
"6743",1.69670629268512,0.459344962146133,"Uganda 2014",1
"6744",1.11273901560344,0.533284075791016,"Uganda 2014",1
"6745",0.757311094785109,0.732061945134774,"Uganda 2014",1
"6746",0.331111824838445,0.720426797866821,"Uganda 2014",1
"6747",0.61769606731832,0.6790554120671,"Uganda 2014",1
"6748",0.643517724936828,0.25265556643717,"Uganda 2014",1
"6749",0.608880397165194,0.719341542106122,"Uganda 2014",1
"6750",0.569423150969669,0.543124316027388,"Uganda 2014",1
"6751",0.82163373241201,0.419755595037714,"Uganda 2014",1
"6752",0.328929283423349,0.797802848974243,"Uganda 2014",1
"6753",0.257101187249646,0.633349540643394,"Uganda 2014",1
"6754",2.41105240210891,0.0916733725462109,"Uganda 2014",1
"6755",0.327917164424434,0.497845226200297,"Uganda 2014",1
"6756",1.6675216932781,0.255377809284255,"Uganda 2014",1
"6757",0.323923180578277,0.704017234733328,"Uganda 2014",1
"6758",1.29356455919333,0.246354356408119,"Uganda 2014",1
"6759",0.911317064892501,0.739968982758,"Uganda 2014",1
"6760",0.245162281673402,0.962425060104579,"Uganda 2014",1
"6761",1.11934660677798,0.790488147642463,"Uganda 2014",1
"6762",0.392757865134627,0.368768049404025,"Uganda 2014",1
"6763",2.09358998620883,0.221184113528579,"Uganda 2014",1
"6764",2.48985215602443,0.354957128642127,"Uganda 2014",1
"6765",1.30457132239826,0.00654445681720972,"Uganda 2014",1
"6766",0.797606282634661,0.246401519980282,"Uganda 2014",1
"6767",0.517235747538507,0.580103684449568,"Uganda 2014",1
"6768",0.375049560097978,0.959704786539078,"Uganda 2014",1
"6769",0.763393262168393,0.259412566432729,"Uganda 2014",1
"6770",1.70964006800205,0.153347209561616,"Uganda 2014",1
"6771",1.39310593111441,0.761407899437472,"Uganda 2014",1
"6772",1.19329358451068,0.221782927634194,"Uganda 2014",1
"6773",0.0553456842899323,0.883450510911644,"Uganda 2014",1
"6774",0.495192017639056,0.0499862574506551,"Uganda 2014",1
"6775",0.0416109978687018,0.178488193079829,"Uganda 2014",1
"6776",2.39828731678426,0.844841255806386,"Uganda 2014",1
"6777",0.78890603268519,0.556456534890458,"Uganda 2014",1
"6778",2.12471217708662,0.696226479951292,"Uganda 2014",1
"6779",1.389175636461,0.84686723863706,"Uganda 2014",1
"6780",0.0320337689481676,0.747998308157548,"Uganda 2014",1
"6781",0.142296537989751,0.101265277946368,"Uganda 2014",1
"6782",0.812698086490855,0.342461001360789,"Uganda 2014",1
"6783",0.180028955452144,0.0157398211304098,"Uganda 2014",1
"6784",0.460329574998468,0.406022410374135,"Uganda 2014",1
"6785",0.494925094535574,0.863377739209682,"Uganda 2014",1
"6786",1.11721184081398,0.308365810662508,"Uganda 2014",1
"6787",2.58796779485419,0.293902560137212,"Uganda 2014",1
"6788",0.139853262808174,0.94276986294426,"Uganda 2014",1
"6789",0.433736620936543,0.489403936080635,"Uganda 2014",1
"6790",1.30282093514688,0.29628830216825,"Uganda 2014",1
"6791",0.583017538301647,0.464389582397416,"Uganda 2014",1
"6792",0.0208932249806821,0.749389619100839,"Uganda 2014",1
"6793",0.333022673847154,0.389689442003146,"Uganda 2014",1
"6794",1.02647446864285,0.673916901927441,"Uganda 2014",1
"6795",0.916440408211201,0.0664691985584795,"Uganda 2014",1
"6796",0.253685402451083,0.985432291170582,"Uganda 2014",1
"6797",0.235956334043294,0.388721748720855,"Uganda 2014",1
"6798",0.23061550478451,0.271775599801913,"Uganda 2014",1
"6799",1.65041045495309,0.563243033364415,"Uganda 2014",1
"6800",1.29526415141299,0.969891171669587,"Uganda 2014",1
"6801",1.34528136695735,0.665385956410319,"Uganda 2014",1
"6802",0.0762327639386058,0.915324023924768,"Uganda 2014",1
"6803",0.319900078698993,0.591539407847449,"Uganda 2014",1
"6804",1.14061768935062,0.940267412224784,"Uganda 2014",1
"6805",2.79782287683338,0.653964306460693,"Uganda 2014",1
"6806",0.0966749496292323,0.767327297944576,"Uganda 2014",1
"6807",1.15183512121439,0.632041815668344,"Uganda 2014",1
"6808",0.456880734767765,0.305628617061302,"Uganda 2014",1
"6809",0.49436468956992,0.100599051220343,"Uganda 2014",1
"6810",1.09711407101713,0.889203009195626,"Uganda 2014",1
"6811",0.213758143829182,0.225947548402473,"Uganda 2014",1
"6812",1.02773008262739,0.329722810769454,"Uganda 2014",1
"6813",0.373989208135754,0.56045995070599,"Uganda 2014",1
"6814",0.117360145552084,0.384077344322577,"Uganda 2014",1
"6815",2.46307833236642,0.114586907206103,"Uganda 2014",1
"6816",0.214584869099781,0.85650427872315,"Uganda 2014",1
"6817",0.574915640288964,0.238994144368917,"Uganda 2014",1
"6818",1.70001863362268,0.561675320612267,"Uganda 2014",1
"6819",0.197739475406706,0.986488033784553,"Uganda 2014",1
"6820",1.15365877118893,0.122396457474679,"Uganda 2014",1
"6821",0.980512341018766,0.960660294862464,"Uganda 2014",1
"6822",1.88845065305941,0.683509196387604,"Uganda 2014",1
"6823",0.235441690078005,0.614801598945633,"Uganda 2014",1
"6824",2.00844961381517,0.966387460939586,"Uganda 2014",1
"6825",0.214436203474179,0.117649870691821,"Uganda 2014",1
"6826",0.283760110381991,0.398369820322841,"Uganda 2014",1
"6827",1.37493628473021,0.678764796815813,"Uganda 2014",1
"6828",1.96597336605191,0.109863877063617,"Uganda 2014",1
"6829",0.147114543244243,0.18281734501943,"Uganda 2014",1
"6830",0.291891055880114,0.347195531241596,"Uganda 2014",1
"6831",0.82996983686462,0.189605818595737,"Uganda 2014",1
"6832",0.621991659281775,0.950840890407562,"Uganda 2014",1
"6833",1.98573167435825,0.630959107307717,"Uganda 2014",1
"6834",1.64580338238738,0.79785102698952,"Uganda 2014",1
"6835",0.0460041726473719,0.512309076730162,"Uganda 2014",1
"6836",0.780868746573105,0.159168458078057,"Uganda 2014",1
"6837",2.42064625094645,0.663326891837642,"Uganda 2014",1
"6838",0.279860478127375,0.441548219649121,"Uganda 2014",1
"6839",0.0270954540465027,0.847451532492414,"Uganda 2014",1
"6840",0.641460290411487,0.383186139632016,"Uganda 2014",1
"6841",0.900058691622689,0.509941560681909,"Uganda 2014",1
"6842",0.883277675835416,0.42088180128485,"Uganda 2014",1
"6843",0.380564848892391,0.418393913423643,"Uganda 2014",1
"6844",0.971745779039338,0.906037871725857,"Uganda 2014",1
"6845",0.19376694294624,0.97264396538958,"Uganda 2014",1
"6846",0.68840324669145,0.997369655407965,"Uganda 2014",1
"6847",0.663960839621723,0.773272080812603,"Uganda 2014",1
"6848",0.950035331072286,0.649806705536321,"Uganda 2014",1
"6849",1.41840251279064,0.591263331938535,"Uganda 2014",1
"6850",0.554394216276705,0.773244496667758,"Uganda 2014",1
"6851",0.0568662683945149,0.22267366014421,"Uganda 2014",1
"6852",0.0577777256257832,0.422968453727663,"Uganda 2014",1
"6853",0.440007000463083,0.180966208688915,"Uganda 2014",1
"6854",0.583471689373255,0.146686295047402,"Uganda 2014",1
"6855",0.271625372814015,0.161468548001722,"Uganda 2014",1
"6856",0.854695244925097,0.655652057379484,"Uganda 2014",1
"6857",0.581781738437712,0.816656046081334,"Uganda 2014",1
"6858",0.177989076822996,0.909798881504685,"Uganda 2014",1
"6859",0.13604871626012,0.525164990918711,"Uganda 2014",1
"6860",0.20727872592397,0.199482432100922,"Uganda 2014",1
"6861",1.4689944377169,0.137998729944229,"Uganda 2014",1
"6862",0.473589694825932,0.765501330140978,"Uganda 2014",1
"6863",0.66621780465357,0.585825749672949,"Uganda 2014",1
"6864",0.969184990273789,0.42968685622327,"Uganda 2014",1
"6865",1.43993480480276,0.464790291851386,"Uganda 2014",1
"6866",1.14128000568599,0.461093372199684,"Uganda 2014",1
"6867",0.212353009963408,0.410460487939417,"Uganda 2014",1
"6868",1.28190659335814,0.055528458673507,"Uganda 2014",1
"6869",2.18496108823456,0.437647651648149,"Uganda 2014",1
"6870",0.127589214127511,0.952896613627672,"Uganda 2014",1
"6871",0.345700836041942,0.419351855758578,"Uganda 2014",1
"6872",2.13095393939875,0.958959309384227,"Uganda 2014",1
"6873",0.160154853248969,0.684626910369843,"Uganda 2014",1
"6874",2.79388006101362,0.954465037910268,"Uganda 2014",1
"6875",0.718715701019391,0.820779485860839,"Uganda 2014",1
"6876",0.5009975284338,0.034971947548911,"Uganda 2014",1
"6877",0.903043020050973,0.985964546911418,"Uganda 2014",1
"6878",1.29088662494905,0.641178708989173,"Uganda 2014",1
"6879",0.629202777519822,0.390520652756095,"Uganda 2014",1
"6880",0.83741181017831,0.601966968039051,"Uganda 2014",1
"6881",0.910023918841034,0.774056239519268,"Uganda 2014",1
"6882",1.30735545745119,0.0727938155177981,"Uganda 2014",1
"6883",0.298615186940879,0.901336296461523,"Uganda 2014",1
"6884",0.465202911291271,0.574969619279727,"Uganda 2014",1
"6885",1.21664457768202,0.601482590660453,"Uganda 2014",1
"6886",1.53554796427488,0.179926681797951,"Uganda 2014",1
"6887",1.29629754787311,0.0788778411224484,"Uganda 2014",1
"6888",0.0738642630167305,0.662632399704307,"Uganda 2014",1
"6889",0.0860930350609124,0.368120912695304,"Uganda 2014",1
"6890",0.629431282868609,0.879466947400942,"Uganda 2014",1
"6891",0.553436090704054,0.417437969241291,"Uganda 2014",1
"6892",0.125657774275169,0.741534097585827,"Uganda 2014",1
"6893",0.156846919795498,0.199464102741331,"Uganda 2014",1
"6894",0.122358492342755,0.183773804921657,"Uganda 2014",1
"6895",1.00492684193887,0.862752113258466,"Uganda 2014",1
"6896",0.253822072176263,0.254205567296594,"Uganda 2014",1
"6897",2.31108094425872,0.821679953252897,"Uganda 2014",1
"6898",0.260706926928833,0.398996113566682,"Uganda 2014",1
"6899",1.07882766402327,0.0969999898225069,"Uganda 2014",1
"6900",0.979192934464663,0.455366675974801,"Uganda 2014",1
"6901",0.159737798385322,0.284112493274733,"Uganda 2014",1
"6902",0.246601959457621,0.690224408404902,"Uganda 2014",1
"6903",0.295138434972614,0.682752934051678,"Uganda 2014",1
"6904",0.313441480742767,0.0259348708204925,"Uganda 2014",1
"6905",2.3152045130264,0.0232201174367219,"Uganda 2014",1
"6906",1.54557770071551,0.923629154451191,"Uganda 2014",1
"6907",0.0957460727076977,0.531355124898255,"Uganda 2014",1
"6908",0.983047238085419,0.505407772026956,"Uganda 2014",1
"6909",0.266360882436857,0.911905440269038,"Uganda 2014",1
"6910",1.27636948716827,0.171985009685159,"Uganda 2014",1
"6911",1.96446117782034,0.811150061665103,"Uganda 2014",1
"6912",0.85955902794376,0.899484139867127,"Uganda 2014",1
"6913",1.45507146581076,0.155855203047395,"Uganda 2014",1
"6914",0.620420948602259,0.940903091570362,"Uganda 2014",1
"6915",0.0526731912977993,0.0374895338900387,"Uganda 2014",1
"6916",2.02090142481029,0.333299344405532,"Uganda 2014",1
"6917",2.04274370893836,0.999649920966476,"Uganda 2014",1
"6918",0.157370964065194,0.357629499631003,"Uganda 2014",1
"6919",0.833182994043455,0.986413940088823,"Uganda 2014",1
"6920",0.698258443269879,0.0618871217593551,"Uganda 2014",1
"6921",0.545961837982759,0.4778999669943,"Uganda 2014",1
"6922",0.400308619486168,0.628132799174637,"Uganda 2014",1
"6923",1.16075151390396,0.693607947090641,"Uganda 2014",1
"6924",1.00573732866906,0.617522541433573,"Uganda 2014",1
"6925",0.295918687479571,0.468798873946071,"Uganda 2014",1
"6926",0.419451742200181,0.138085075188428,"Uganda 2014",1
"6927",0.220677059143782,0.531420886982232,"Uganda 2014",1
"6928",0.274842711165547,0.507657673908398,"Uganda 2014",1
"6929",0.124289851868525,0.958708741003647,"Uganda 2014",1
"6930",0.703666510758922,0.520141417626292,"Uganda 2014",1
"6931",1.03932680538855,0.655966049293056,"Uganda 2014",1
"6932",0.320597518701106,0.986391623038799,"Uganda 2014",1
"6933",0.641594625078142,0.920440359506756,"Uganda 2014",1
"6934",0.717231994494796,0.4781621794682,"Uganda 2014",1
"6935",0.709090848220512,0.0100751814898103,"Uganda 2014",1
"6936",0.943422223906964,0.299208612181246,"Uganda 2014",1
"6937",2.52997478353791,0.338949124794453,"Uganda 2014",1
"6938",0.533336371416226,0.177047291072085,"Uganda 2014",1
"6939",0.542925445362926,0.267428284045309,"Uganda 2014",1
"6940",0.268946274183691,0.431647841818631,"Uganda 2014",1
"6941",0.0859856663737446,0.133643478387967,"Uganda 2014",1
"6942",1.26678010309115,0.618789301021025,"Uganda 2014",1
"6943",2.22215243638493,0.551170186605304,"Uganda 2014",1
"6944",0.575870680622756,0.730696524260566,"Uganda 2014",1
"6945",0.918397694360465,0.255832392256707,"Uganda 2014",1
"6946",0.0389943416230381,0.0483610501978546,"Uganda 2014",1
"6947",1.58574194228277,0.207055760547519,"Uganda 2014",1
"6948",0.995948605472222,0.00425722333602607,"Uganda 2014",1
"6949",2.15927732619457,0.94882528972812,"Uganda 2014",1
"6950",0.136343864025548,0.585961009608582,"Uganda 2014",1
"6951",1.10724298632704,0.0566380603704602,"Uganda 2014",1
"6952",0.340905052609742,0.946378411725163,"Uganda 2014",1
"6953",0.261686686892062,0.843065908877179,"Uganda 2014",1
"6954",0.421666206093505,0.607846792321652,"Uganda 2014",1
"6955",0.759149074321613,0.327468179864809,"Uganda 2014",1
"6956",0.0868091094307601,0.372747317655012,"Uganda 2014",1
"6957",0.977124956203625,0.106919848825783,"Uganda 2014",1
"6958",0.0601932636927813,0.0148026212118566,"Uganda 2014",1
"6959",1.35811388329603,0.843377066310495,"Uganda 2014",1
"6960",1.80322639527731,0.746606637956575,"Uganda 2014",1
"6961",0.0152870058082044,0.183221807936206,"Uganda 2014",1
"6962",0.772115133935586,0.577701695030555,"Uganda 2014",1
"6963",0.309283795533702,0.472015202743933,"Uganda 2014",1
"6964",1.24529676279053,0.496142680291086,"Uganda 2014",1
"6965",1.58989794482477,0.706633867928758,"Uganda 2014",1
"6966",0.265590424882248,0.738545316969976,"Uganda 2014",1
"6967",0.711452588438988,0.738809771835804,"Uganda 2014",1
"6968",0.59047843515873,0.87144710496068,"Uganda 2014",1
"6969",0.248136441456154,0.548606448573992,"Uganda 2014",1
"6970",0.233777293469757,0.309597640996799,"Uganda 2014",1
"6971",2.45511235110462,0.0921943667344749,"Uganda 2014",1
"6972",0.620533607667312,0.179821233963594,"Uganda 2014",1
"6973",1.45141202956438,0.716308473143727,"Uganda 2014",1
"6974",0.0231997857335955,0.594060878502205,"Uganda 2014",1
"6975",0.970634245779365,0.340877365786582,"Uganda 2014",1
"6976",0.605656153522432,0.491340096108615,"Uganda 2014",1
"6977",0.215896032750607,0.0357323144562542,"Uganda 2014",1
"6978",0.283801993355155,0.779797016875818,"Uganda 2014",1
"6979",0.688240565825254,0.815069797448814,"Uganda 2014",1
"6980",2.65092310030013,0.378174687270075,"Uganda 2014",1
"6981",1.26710811699741,0.0158360295463353,"Uganda 2014",1
"6982",2.41878367960453,0.923219424206764,"Uganda 2014",1
"6983",1.85350118321367,0.137134421849623,"Uganda 2014",1
"6984",0.237801311770454,0.253394241211936,"Uganda 2014",1
"6985",0.508592827012762,0.373847177485004,"Uganda 2014",1
"6986",0.561384534928948,0.93026359542273,"Uganda 2014",1
"6987",0.620204309932888,0.869466892676428,"Uganda 2014",1
"6988",0.00789909367449582,0.866329700918868,"Uganda 2014",1
"6989",0.122765433043242,0.839580903761089,"Uganda 2014",1
"6990",0.582156264223158,0.136246439768001,"Uganda 2014",1
"6991",0.389261209638789,0.487372756935656,"Uganda 2014",1
"6992",0.617005565436557,0.353220482589677,"Uganda 2014",1
"6993",0.466165663674474,0.998746020486578,"Uganda 2014",1
"6994",0.493199898395687,0.160229818662629,"Uganda 2014",1
"6995",0.00582364504225552,0.491019120672718,"Uganda 2014",1
"6996",0.776215684600174,0.0933407305274159,"Uganda 2014",1
"6997",0.47177728288807,0.628373267827556,"Uganda 2014",1
"6998",0.262012866558507,0.111018267925829,"Uganda 2014",1
"6999",0.879447069950402,0.217042972333729,"Uganda 2014",1
"7000",0.379021215252578,0.208405625540763,"Uganda 2014",1
"7001",0.291479146108031,0.223462914349511,"Uganda 2014",1
"7002",0.339258964871988,0.0496299925725907,"Uganda 2014",1
"7003",0.680635686032474,0.76750238891691,"Uganda 2014",1
"7004",0.58128041611053,0.461193478666246,"Uganda 2014",1
"7005",2.43235340667889,0.838974104262888,"Uganda 2014",1
"7006",1.2377586022485,0.535581973381341,"Uganda 2014",1
"7007",2.49136017006822,0.811128216795623,"Uganda 2014",1
"7008",0.283107966883108,0.575344735523686,"Uganda 2014",1
"7009",0.396519744303077,0.821220008656383,"Uganda 2014",1
"7010",0.672458267770708,0.171811019768938,"Uganda 2014",1
"7011",0.751966707408428,0.561332685640082,"Uganda 2014",1
"7012",1.52829677355476,0.0251747253350914,"Uganda 2014",1
"7013",1.94044807786122,0.851252565858886,"Uganda 2014",1
"7014",0.510755624854937,0.855634801322594,"Uganda 2014",1
"7015",1.75970739265904,0.82779694814235,"Guinea",1
"7016",1.37224116618745,0.547069661784917,"Guinea",1
"7017",1.5301228207536,0.742842524545267,"Guinea",1
"7018",1.35854707960971,0.70406464417465,"Guinea",1
"7019",0.0156055558472872,0.90936832735315,"Guinea",1
"7020",0.36550445202738,0.347676243865862,"Guinea",1
"7021",0.450963158626109,0.192082722904161,"Guinea",1
"7022",1.73000477696769,0.733600170118734,"Guinea",1
"7023",2.36474095168523,0.217182858614251,"Guinea",1
"7024",0.877113176509738,0.773941793944687,"Guinea",1
"7025",2.70995226921514,0.828200203133747,"Guinea",1
"7026",2.24288327386603,0.981185294222087,"Guinea",1
"7027",2.85430501168594,0.854193354491144,"Guinea",1
"7028",0.404318593908101,0.73956187767908,"Guinea",1
"7029",1.01798115111887,0.196503457613289,"Guinea",1
"7030",2.64703566581011,0.327225761022419,"Guinea",1
"7031",0.831190890166909,0.766075364081189,"Guinea",1
"7032",1.57228310359642,0.179963584290817,"Guinea",1
"7033",0.224733574781567,0.228927442571148,"Guinea",1
"7034",1.18733216752298,0.501644276315346,"Guinea",1
"7035",0.0794524031225592,0.30382082844153,"Guinea",1
"7036",1.77903152396902,0.917264048708603,"Guinea",1
"7037",0.0373754755128175,0.795344863785431,"Guinea",1
"7038",0.0127060397062451,0.392552344128489,"Guinea",1
"7039",0.364798135589808,0.94173501781188,"Guinea",1
"7040",1.1297146382276,0.747866979800165,"Guinea",1
"7041",2.3606830816716,0.747901153052226,"Guinea",1
"7042",0.420822286745533,0.403932495974004,"Guinea",1
"7043",1.96752302348614,0.206515569239855,"Guinea",1
"7044",1.13236169912852,0.820176899433136,"Guinea",1
"7045",2.08170976722613,0.242680082796142,"Guinea",1
"7046",1.6177493382711,0.335115526337177,"Guinea",1
"7047",1.93329384271055,0.962291848612949,"Guinea",1
"7048",1.62219029199332,0.973601089790463,"Guinea",1
"7049",0.835465625161305,0.642681389348581,"Guinea",1
"7050",0.853788478765637,0.541794836753979,"Guinea",1
"7051",0.0963037591427565,0.59355935244821,"Guinea",1
"7052",0.425239218631759,0.150292338803411,"Guinea",1
"7053",0.564081278862432,0.706532104173675,"Guinea",1
"7054",0.809944797540084,0.163261651061475,"Guinea",1
"7055",0.295444293413311,0.550396411214024,"Guinea",1
"7056",0.186964451568201,0.0756630040705204,"Guinea",1
"7057",2.48113908455707,0.371564679779112,"Guinea",1
"7058",1.91790903615765,0.269063613843173,"Guinea",1
"7059",1.11058944021352,0.625722347293049,"Guinea",1
"7060",2.52529184147716,0.128713983111084,"Guinea",1
"7061",2.21151666319929,0.340514040086418,"Guinea",1
"7062",0.0975705049932003,0.647988241864368,"Guinea",1
"7063",2.03491660184227,0.334007618017495,"Guinea",1
"7064",0.0286741477902979,0.496065785177052,"Guinea",1
"7065",2.20343424123712,0.220317229162902,"Guinea",1
"7066",1.13477403670549,0.703918260056525,"Guinea",1
"7067",2.86498613585718,0.601726728957146,"Guinea",1
"7068",0.179069395177066,0.376238233875483,"Guinea",1
"7069",1.20154150296003,0.542940309969708,"Guinea",1
"7070",1.03205370507203,0.781539234798402,"Guinea",1
"7071",1.33146603475325,0.157134468667209,"Guinea",1
"7072",2.23610673425719,0.446978314081207,"Guinea",1
"7073",1.78076875931583,0.91544916597195,"Guinea",1
"7074",1.82478813570924,0.0259964463766664,"Guinea",1
"7075",0.101615661755204,0.533906745258719,"Guinea",1
"7076",0.439513022080064,0.59417275688611,"Guinea",1
"7077",0.709719080943614,0.296479905024171,"Guinea",1
"7078",1.1569723309949,0.173857962246984,"Guinea",1
"7079",1.18408693629317,0.190667665097862,"Guinea",1
"7080",0.430915818549693,0.720839394256473,"Guinea",1
"7081",2.13302152440883,0.100545104360208,"Guinea",1
"7082",0.085007882444188,0.0755721447058022,"Guinea",1
"7083",2.39468958880752,0.0595056409947574,"Guinea",1
"7084",0.445054553914815,0.140387232415378,"Guinea",1
"7085",0.146041489206254,0.33249637321569,"Guinea",1
"7086",1.64716985682026,0.726841232040897,"Guinea",1
"7087",0.156753543298692,0.472988375229761,"Guinea",1
"7088",1.59368764911778,0.300342677859589,"Guinea",1
"7089",0.470370541792363,0.861495507415384,"Guinea",1
"7090",2.52534581604414,0.119080254109576,"Guinea",1
"7091",2.43143385462463,0.618393938755617,"Guinea",1
"7092",0.599221230251715,0.026320937089622,"Guinea",1
"7093",1.79897657129914,0.492877096636221,"Guinea",1
"7094",0.922473019687459,0.644495346583426,"Guinea",1
"7095",1.03458153898828,0.689986037323251,"Guinea",1
"7096",0.655469514895231,0.454950789455324,"Guinea",1
"7097",0.143576150760055,0.218539854278788,"Guinea",1
"7098",0.06571383937262,0.25888096448034,"Guinea",1
"7099",0.710730594350025,0.573497084202245,"Guinea",1
"7100",0.485088544897735,0.28513072617352,"Guinea",1
"7101",2.94301274721511,0.588326056720689,"Guinea",1
"7102",0.0773593874182552,0.188501111231744,"Guinea",1
"7103",0.357199972495437,0.304783632047474,"Guinea",1
"7104",0.0640719684306532,0.933944593882188,"Guinea",1
"7105",0.00286026718094945,0.34029604261741,"Guinea",1
"7106",0.298826271202415,0.63481487869285,"Guinea",1
"7107",0.134331329958513,0.0987111241556704,"Guinea",1
"7108",0.0208049020729959,0.517992999171838,"Guinea",1
"7109",0.739422282669693,0.230501921381801,"Guinea",1
"7110",2.57695843884721,0.338270720094442,"Guinea",1
"7111",1.65295183402486,0.3151391800493,"Guinea",1
"7112",1.13073346414603,0.52522948035039,"Guinea",1
"7113",0.218197146663442,0.665564378956333,"Guinea",1
"7114",0.59442378510721,0.50440545915626,"Guinea",1
"7115",0.538434344809502,0.608601520769298,"Guinea",1
"7116",1.02683080150746,0.264817865332589,"Guinea",1
"7117",2.17499316902831,0.107609841041267,"Guinea",1
"7118",0.0418510171584785,0.615260753780603,"Guinea",1
"7119",0.200775007484481,0.0139928183052689,"Guinea",1
"7120",1.84301942330785,0.319200235186145,"Guinea",1
"7121",0.786243243841454,0.628725299378857,"Guinea",1
"7122",0.609332287218422,0.910469958093017,"Guinea",1
"7123",1.17412094562314,0.731247074669227,"Guinea",1
"7124",1.15821152064018,0.343126606196165,"Guinea",1
"7125",0.851672118762508,0.218626501504332,"Guinea",1
"7126",2.85279114916921,0.51085671572946,"Guinea",1
"7127",1.1133821066469,0.368870731675997,"Guinea",1
"7128",0.173772806301713,0.525266822194681,"Guinea",1
"7129",1.12550716102123,0.860615380806848,"Guinea",1
"7130",0.0952611363027245,0.166166741866618,"Guinea",1
"7131",0.322513548424467,0.251875574700534,"Guinea",1
"7132",1.0238659309689,0.334095994243398,"Guinea",1
"7133",0.641189795918763,0.757225343724713,"Guinea",1
"7134",0.886622647522017,0.832403658889234,"Guinea",1
"7135",1.17558687133715,0.778811881318688,"Guinea",1
"7136",0.128445044159889,0.480262806406245,"Guinea",1
"7137",1.31312687625177,0.885723339393735,"Guinea",1
"7138",0.301923958584666,0.461005722172558,"Guinea",1
"7139",0.214304979890585,0.495174946961924,"Guinea",1
"7140",0.492756050778553,0.688342205714434,"Guinea",1
"7141",0.364845304749906,0.0822578941006213,"Guinea",1
"7142",2.85638805082999,0.557413352886215,"Guinea",1
"7143",0.416060391347855,0.20354723627679,"Guinea",1
"7144",1.34061390976422,0.647158990148455,"Guinea",1
"7145",0.290733139263466,0.902925654314458,"Guinea",1
"7146",0.645417785039172,0.952049599960446,"Guinea",1
"7147",1.54762998176739,0.684885422233492,"Guinea",1
"7148",0.623334287898615,0.091114877955988,"Guinea",1
"7149",1.65159379108809,0.782496624626219,"Guinea",1
"7150",2.38569823745638,0.0129819901194423,"Guinea",1
"7151",0.812774643301964,0.966842322144657,"Guinea",1
"7152",0.0651422871742398,0.276767709059641,"Guinea",1
"7153",0.40438252617605,0.251842641271651,"Guinea",1
"7154",2.42609321186319,0.437395259970799,"Guinea",1
"7155",0.382675701985136,0.0115294037386775,"Guinea",1
"7156",0.0580980533268303,0.0727655296213925,"Guinea",1
"7157",2.12427437282167,0.678170837694779,"Guinea",1
"7158",2.31988169113174,0.251771370647475,"Guinea",1
"7159",2.47938863164745,0.372761994367465,"Guinea",1
"7160",2.00173150096089,0.265716674737632,"Guinea",1
"7161",2.55137912929058,0.537590691819787,"Guinea",1
"7162",0.173261589137837,0.291206781286746,"Guinea",1
"7163",0.876367759192362,0.716844267910346,"Guinea",1
"7164",1.51997575443238,0.924944881116971,"Guinea",1
"7165",0.227793684694916,0.711033128667623,"Guinea",1
"7166",1.53699732455425,0.72215203428641,"Guinea",1
"7167",2.18536952091381,0.562183507485315,"Guinea",1
"7168",0.505758363520727,0.925908973440528,"Guinea",1
"7169",0.696333284955472,0.940323416842148,"Guinea",1
"7170",0.243820458417758,0.00412432197481394,"Guinea",1
"7171",2.20644582761452,0.735402553109452,"Guinea",1
"7172",1.50787149905227,0.817106461385265,"Guinea",1
"7173",0.5656345076859,0.852531238691881,"Guinea",1
"7174",2.28979463246651,0.416630360530689,"Guinea",1
"7175",2.07161959516816,0.232541352743283,"Guinea",1
"7176",0.955190729582682,0.742142722709104,"Guinea",1
"7177",0.500744896475226,0.428737806156278,"Guinea",1
"7178",0.0541001439560205,0.766354096354917,"Guinea",1
"7179",0.128473041113466,0.446856980212033,"Guinea",1
"7180",1.36786862765439,0.311594283441082,"Guinea",1
"7181",0.368431908544153,0.556298218900338,"Guinea",1
"7182",0.322219922672957,0.884762766771019,"Guinea",1
"7183",0.0115073178894818,0.0154007542878389,"Guinea",1
"7184",0.184234666870907,0.476233792491257,"Guinea",1
"7185",1.68889104039408,0.97654255060479,"Guinea",1
"7186",1.27835395373404,0.0322897166479379,"Guinea",1
"7187",0.36772725591436,0.553048985078931,"Guinea",1
"7188",0.41616283217445,0.393499159254134,"Guinea",1
"7189",2.55439225304872,0.963856399524957,"Guinea",1
"7190",0.314682600321248,0.377959006233141,"Guinea",1
"7191",0.490467301569879,0.099824319826439,"Guinea",1
"7192",2.08604731899686,0.831348885549232,"Guinea",1
"7193",0.0469797123223543,0.376683556009084,"Guinea",1
"7194",1.17733472934924,0.762014617677778,"Guinea",1
"7195",0.0892658005468547,0.676289275987074,"Guinea",1
"7196",1.86050242069177,0.993178288917989,"Guinea",1
"7197",1.75542191136628,0.699954828480259,"Guinea",1
"7198",0.402701175073162,0.538194370688871,"Guinea",1
"7199",1.08732902258635,0.982292668661103,"Guinea",1
"7200",2.23002917692065,0.776149374665692,"Guinea",1
"7201",0.348925764905289,0.164340863702819,"Guinea",1
"7202",2.30289731430821,0.474754623835906,"Guinea",1
"7203",0.455911388620734,0.00897394004277885,"Guinea",1
"7204",0.501847767038271,0.496584010776132,"Guinea",1
"7205",0.0128648935351521,0.300130286952481,"Guinea",1
"7206",2.91754822083749,0.00115243787877262,"Guinea",1
"7207",1.89044261653908,0.899519634665921,"Guinea",1
"7208",1.08651232346892,0.159565333509818,"Guinea",1
"7209",1.15785945206881,0.888891633832827,"Guinea",1
"7210",0.472249286016449,0.282856862060726,"Guinea",1
"7211",0.528746909927577,0.593363776803017,"Guinea",1
"7212",0.315649172756821,0.25165544054471,"Guinea",1
"7213",1.58127354341559,0.369853058597073,"Guinea",1
"7214",0.461763449013233,0.73438367806375,"Guinea",1
"7215",0.402517827926204,0.912259652744979,"Guinea",1
"7216",1.16586568043567,0.485313550103456,"Guinea",1
"7217",0.451679826015607,0.719097403809428,"Guinea",1
"7218",0.200073312269524,0.952302368823439,"Guinea",1
"7219",0.170098461443558,0.293515601428226,"Guinea",1
"7220",2.21696730097756,0.208203988848254,"Guinea",1
"7221",1.15119777526706,0.879638611571863,"Guinea",1
"7222",1.43115847650915,0.275867049582303,"Guinea",1
"7223",0.405956952832639,0.896075081080198,"Guinea",1
"7224",1.9936814813409,0.770673264050856,"Guinea",1
"7225",0.433769086143002,0.48477485938929,"Guinea",1
"7226",0.0757507919333875,0.0103041401598603,"Guinea",1
"7227",0.842206278350204,0.776680643903092,"Guinea",1
"7228",0.333680660231039,0.128072808263823,"Guinea",1
"7229",2.41843673936091,0.108716774964705,"Guinea",1
"7230",0.506048190873116,0.284763170406222,"Guinea",1
"7231",0.774816216202453,0.643652887316421,"Guinea",1
"7232",2.368231727276,0.659539334708825,"Guinea",1
"7233",2.89360275585204,0.0505141196772456,"Guinea",1
"7234",2.38291812571697,0.166383598465472,"Guinea",1
"7235",2.83753376360983,0.374342002905905,"Guinea",1
"7236",0.824884060537443,0.249420471955091,"Guinea",1
"7237",0.593953262781724,0.247517954325303,"Guinea",1
"7238",0.542889419244602,0.407674002228305,"Guinea",1
"7239",1.03912599245086,0.723877845797688,"Guinea",1
"7240",0.00957415835000575,0.699924702057615,"Guinea",1
"7241",0.410252099856734,0.057973813964054,"Guinea",1
"7242",0.901934833265841,0.90535559435375,"Guinea",1
"7243",0.38328758510761,0.280804625246674,"Guinea",1
"7244",2.91932845953852,0.721201766515151,"Guinea",1
"7245",0.591181002790108,0.793289375957102,"Guinea",1
"7246",0.573075827211142,0.57288453169167,"Guinea",1
"7247",2.39859634079039,0.0211303462274373,"Guinea",1
"7248",0.0569686777889729,0.899037112947553,"Guinea",1
"7249",0.313835833221674,0.831854923861101,"Guinea",1
"7250",1.84552058181725,0.681139858672395,"Guinea",1
"7251",1.57232916215435,0.108616908546537,"Guinea",1
"7252",0.109798085410148,0.424799658358097,"Guinea",1
"7253",0.586723817512393,0.575803028652444,"Guinea",1
"7254",1.78833023202606,0.690527356928214,"Guinea",1
"7255",0.746462452691048,0.303704735822976,"Guinea",1
"7256",0.604222254361957,0.350115694571286,"Guinea",1
"7257",1.66297564306296,0.0053621509578079,"Guinea",1
"7258",0.525456142611802,0.690758981043473,"Guinea",1
"7259",1.19695975841023,0.459470327477902,"Guinea",1
"7260",0.132260912563652,0.299843136454001,"Guinea",1
"7261",0.527816897956654,0.282541685039178,"Guinea",1
"7262",1.98496742430143,0.716012963559479,"Guinea",1
"7263",1.01944317505695,0.0137905885931104,"Guinea",1
"7264",0.513073016423732,0.153256210964173,"Guinea",1
"7265",0.0713052414357662,0.325313909677789,"Guinea",1
"7266",1.70690082223155,0.245793082052842,"Guinea",1
"7267",0.149492850294337,0.248197537148371,"Guinea",1
"7268",0.308773070806637,0.602607313543558,"Guinea",1
"7269",1.77228425536305,0.620406979462132,"Guinea",1
"7270",2.26673584501259,0.422220546286553,"Guinea",1
"7271",0.304364636773244,0.295604059239849,"Guinea",1
"7272",0.135002176277339,0.997761945705861,"Guinea",1
"7273",2.29881195863709,0.739993821363896,"Guinea",1
"7274",2.08451748196967,0.430779193527997,"Guinea",1
"7275",1.76528373872861,0.787987415445969,"Guinea",1
"7276",0.33923340914771,0.99186023697257,"Guinea",1
"7277",0.256753417197615,0.880966369528323,"Guinea",1
"7278",1.68795003276318,0.084005072247237,"Guinea",1
"7279",0.323505578795448,0.0996971111744642,"Guinea",1
"7280",1.50498509360477,0.228929068660364,"Guinea",1
"7281",0.220135447802022,0.410952471196651,"Guinea",1
"7282",1.17509427317418,0.730769310612231,"Guinea",1
"7283",2.31385579984635,0.47823032643646,"Guinea",1
"7284",0.446701088687405,0.306177725549787,"Guinea",1
"7285",0.0214448638726026,0.58273523952812,"Guinea",1
"7286",0.476055201608688,0.896794580621645,"Guinea",1
"7287",1.62980840262026,0.911954144947231,"Guinea",1
"7288",1.49551825784147,0.0523720143828541,"Guinea",1
"7289",0.71971906372346,0.412834328133613,"Guinea",1
"7290",0.940463258419186,0.790783040458336,"Guinea",1
"7291",0.279011372476816,0.767953149275854,"Guinea",1
"7292",0.30521647981368,0.54818920372054,"Guinea",1
"7293",0.227572640636936,0.729535407852381,"Guinea",1
"7294",0.812819554237649,0.790319959865883,"Guinea",1
"7295",1.79854312492535,0.871392252855003,"Guinea",1
"7296",0.660678692394868,0.743440067162737,"Guinea",1
"7297",1.2357408546377,0.139576096553355,"Guinea",1
"7298",2.89769698795862,0.103422187967226,"Guinea",1
"7299",2.43635227787308,0.986983113223687,"Guinea",1
"7300",1.41131342807785,0.175222661346197,"Guinea",1
"7301",2.09275988931768,0.106057626660913,"Guinea",1
"7302",1.75802863785066,0.448453121352941,"Guinea",1
"7303",1.38527170917951,0.615546283312142,"Guinea",1
"7304",1.05698947864585,0.832987771136686,"Guinea",1
"7305",0.362636988982558,0.197980007855222,"Guinea",1
"7306",2.83698823233135,0.412769803777337,"Guinea",1
"7307",2.10014429362491,0.307879270985723,"Guinea",1
"7308",0.693198974942788,0.438572767656296,"Guinea",1
"7309",0.147068660706282,0.0759180570021272,"Guinea",1
"7310",0.124935173196718,0.533375362167135,"Guinea",1
"7311",2.83895689900964,0.986694468883798,"Guinea",1
"7312",2.08226453885436,0.692300994880497,"Guinea",1
"7313",2.46977882226929,0.644435586873442,"Guinea",1
"7314",1.61350231384858,0.377724491991103,"Guinea",1
"7315",1.47935889707878,0.694151087198406,"Guinea",1
"7316",2.01690076338127,0.359484885819256,"Guinea",1
"7317",1.33261037268676,0.717231450602412,"Guinea",1
"7318",1.29011391964741,0.270107034826651,"Guinea",1
"7319",2.95306078274734,0.826475011417642,"Guinea",1
"7320",1.82101779640652,0.33256191923283,"Guinea",1
"7321",0.21035024151206,0.212241671513766,"Guinea",1
"7322",0.752446871716529,0.447040682658553,"Guinea",1
"7323",0.333765781251714,0.576973088551313,"Guinea",1
"7324",1.88779284479097,0.802578985225409,"Guinea",1
"7325",1.03448183345608,0.332296036649495,"Guinea",1
"7326",1.09622509684414,0.188883841270581,"Guinea",1
"7327",0.404071869794279,0.193071408430114,"Guinea",1
"7328",0.398088817717507,0.290991497226059,"Guinea",1
"7329",1.23712341184728,0.444715401157737,"Guinea",1
"7330",0.812122549396008,0.915967522421852,"Guinea",1
"7331",0.451099835336208,0.358341733226553,"Guinea",1
"7332",1.37430717330426,0.768810453359038,"Guinea",1
"7333",2.2359755274374,0.719756141072139,"Guinea",1
"7334",1.41464182245545,0.445438641356304,"Guinea",1
"7335",0.510079291881993,0.343752400018275,"Guinea",1
"7336",0.725846359273419,0.42511671083048,"Guinea",1
"7337",0.73934610793367,0.41692493064329,"Guinea",1
"7338",0.754008132498711,0.532886546803638,"Guinea",1
"7339",1.10270950407721,0.15532039408572,"Guinea",1
"7340",1.5774932813365,0.603950164513662,"Guinea",1
"7341",2.27582883951254,0.52233715262264,"Guinea",1
"7342",1.22247803444043,0.0731907628942281,"Guinea",1
"7343",2.30420467746444,0.213231396628544,"Guinea",1
"7344",1.657229794655,0.42714085499756,"Guinea",1
"7345",1.44401794625446,0.0172993645537645,"Guinea",1
"7346",0.114074626006186,0.809240005444735,"Guinea",1
"7347",0.547077016672119,0.189963264856488,"Guinea",1
"7348",0.375680877361447,0.798508833395317,"Guinea",1
"7349",0.325403903843835,0.982088695978746,"Guinea",1
"7350",1.45113072590902,0.193287899717689,"Guinea",1
"7351",0.33205888629891,0.483039326965809,"Guinea",1
"7352",0.267461605835706,0.185936112888157,"Guinea",1
"7353",1.15168931591325,0.653538942802697,"Guinea",1
"7354",0.891718094469979,0.88085636193864,"Guinea",1
"7355",2.36580861755647,0.551205553580076,"Guinea",1
"7356",0.0842372816987336,0.760491507360712,"Guinea",1
"7357",0.791848460678011,0.221615021815524,"Guinea",1
"7358",0.37203321699053,3.043282777071e-05,"Guinea",1
"7359",2.31796599109657,0.735828008269891,"Guinea",1
"7360",1.98001327039674,0.10384089499712,"Guinea",1
"7361",0.938216065987945,0.254569282056764,"Guinea",1
"7362",1.92918880353682,0.0747882388532162,"Guinea",1
"7363",0.933084720047191,0.164803943131119,"Guinea",1
"7364",2.12888416112401,0.905443002702668,"Guinea",1
"7365",0.223637719871476,0.864530080463737,"Guinea",1
"7366",1.59814125462435,0.898354143602774,"Guinea",1
"7367",1.84757858351804,0.288657807279378,"Guinea",1
"7368",2.42473282688297,0.575581804616377,"Guinea",1
"7369",0.402411226183176,0.801206594798714,"Guinea",1
"7370",1.75827996013686,0.013553072232753,"Guinea",1
"7371",0.566534480312839,0.203404681524262,"Guinea",1
"7372",1.30270306603052,0.55993316275999,"Guinea",1
"7373",0.00744363572448492,0.42492877645418,"Guinea",1
"7374",1.10874487180263,0.168901922181249,"Guinea",1
"7375",0.210398362018168,0.817305126460269,"Guinea",1
"7376",2.76605352759361,0.861145933624357,"Guinea",1
"7377",1.57062155683525,0.576548787765205,"Guinea",1
"7378",0.0777456827927381,0.804787849774584,"Guinea",1
"7379",1.52974177873693,0.633720729965717,"Guinea",1
"7380",0.1143385078758,0.914503005100414,"Guinea",1
"7381",1.23593265074305,0.129338121274486,"Guinea",1
"7382",1.09809403982945,0.702837827149779,"Guinea",1
"7383",0.312970549799502,0.00781827978789806,"Guinea",1
"7384",0.667741585755721,0.247529796557501,"Guinea",1
"7385",1.04741342249326,0.0923867411911488,"Guinea",1
"7386",0.40449149091728,0.998623181832954,"Guinea",1
"7387",0.126929258694872,0.774946817662567,"Guinea",1
"7388",1.25526003492996,0.228121340507641,"Guinea",1
"7389",1.15447331266478,0.542918763356283,"Guinea",1
"7390",1.64404181088321,0.121788109419867,"Guinea",1
"7391",0.563973171869293,0.32698695268482,"Guinea",1
"7392",0.944525642786175,0.93812059960328,"Guinea",1
"7393",0.422681021271273,0.502755181631073,"Guinea",1
"7394",0.813206788385287,0.260542833246291,"Guinea",1
"7395",2.85420126817189,0.233964394778013,"Guinea",1
"7396",0.0996282992418855,0.457401246065274,"Guinea",1
"7397",2.47289831377566,0.671833342174068,"Guinea",1
"7398",0.324868036201224,0.773940258193761,"Guinea",1
"7399",0.0816676870454103,0.416317486669868,"Guinea",1
"7400",1.31040796847083,0.760077354498208,"Guinea",1
"7401",1.09317648899741,0.408160184975713,"Guinea",1
"7402",1.13816403178498,0.0326953658368438,"Guinea",1
"7403",0.186486524529755,0.992200643755496,"Guinea",1
"7404",0.346358395647258,0.868212091736495,"Guinea",1
"7405",0.214118193369359,0.242666133213788,"Guinea",1
"7406",2.09443803364411,0.80247576138936,"Guinea",1
"7407",0.130076037487015,0.875054631149396,"Guinea",1
"7408",0.902012074599043,0.706988411024213,"Guinea",1
"7409",0.282021636608988,0.244928467087448,"Guinea",1
"7410",2.19712982769124,0.806031482527032,"Guinea",1
"7411",0.407476511551067,0.708421491319314,"Guinea",1
"7412",0.555889192968607,0.0213968700263649,"Guinea",1
"7413",0.263552390271798,0.293938950868323,"Guinea",1
"7414",0.653771378332749,0.818846103036776,"Guinea",1
"7415",2.38768166047521,0.560317583847791,"Guinea",1
"7416",0.593201364157721,0.627985770814121,"Guinea",1
"7417",0.0354188752826303,0.753623048774898,"Guinea",1
"7418",0.329326200764626,0.277748098596931,"Guinea",1
"7419",1.57057953206822,0.795762746129185,"Guinea",1
"7420",1.55987543659285,0.18372397730127,"Guinea",1
"7421",0.333785466151312,0.151718500768766,"Guinea",1
"7422",2.87000582087785,0.0242611411958933,"Guinea",1
"7423",1.86350138252601,0.625479066278785,"Guinea",1
"7424",1.8862082445994,0.712024790467694,"Guinea",1
"7425",0.350330889690667,0.303585175657645,"Guinea",1
"7426",2.18774291267619,0.260973431635648,"Guinea",1
"7427",1.22170315892436,0.656678611179814,"Guinea",1
"7428",0.568282083375379,0.56907837674953,"Guinea",1
"7429",0.188234044471756,0.419645051006228,"Guinea",1
"7430",0.942857556743547,0.776251670904458,"Guinea",1
"7431",0.180989697575569,0.164371733320877,"Guinea",1
"7432",1.78930770303123,0.946886171586812,"Guinea",1
"7433",0.627772587351501,0.398286676965654,"Guinea",1
"7434",1.20796714327298,0.917949366616085,"Guinea",1
"7435",0.678804596420377,0.84578474261798,"Guinea",1
"7436",1.75184343173169,0.530272030038759,"Guinea",1
"7437",0.625620422651991,0.312889505643398,"Guinea",1
"7438",0.327141657471657,0.0874943647067994,"Guinea",1
"7439",2.83384448639117,0.426371466135606,"Guinea",1
"7440",0.0446329994592816,0.74490345059894,"Guinea",1
"7441",0.0247103443834931,0.464519778266549,"Guinea",1
"7442",0.778795103542507,0.126145199174061,"Guinea",1
"7443",1.48049090593122,0.637543936725706,"Guinea",1
"7444",0.832046853611246,0.884865988278762,"Guinea",1
"7445",0.819171784445643,0.855347618460655,"Guinea",1
"7446",2.07599946996197,0.310938536422327,"Guinea",1
"7447",0.413147679297253,0.12962268316187,"Guinea",1
"7448",0.130649335915223,0.475099098403007,"Guinea",1
"7449",0.116047190967947,0.0362513898871839,"Guinea",1
"7450",0.705593322403729,0.250421051401645,"Guinea",1
"7451",0.615406484110281,0.404806876555085,"Guinea",1
"7452",0.228831925895065,0.975270868511871,"Guinea",1
"7453",1.30700747226365,0.446415840880945,"Guinea",1
"7454",0.392852544318885,0.170123028568923,"Guinea",1
"7455",0.988341834163293,0.723160992143676,"Guinea",1
"7456",0.576710902154446,0.316269637085497,"Guinea",1
"7457",0.557987201493233,0.542376331053674,"Guinea",1
"7458",1.30195939703844,0.879768362035975,"Guinea",1
"7459",0.0978359102737159,0.594641687115654,"Guinea",1
"7460",0.872325146337971,0.723699020221829,"Guinea",1
"7461",0.0154532224405557,0.188546759309247,"Guinea",1
"7462",1.1490385166835,0.330596267478541,"Guinea",1
"7463",1.95585146779194,0.284725019708276,"Guinea",1
"7464",0.385842166375369,0.182473323540762,"Guinea",1
"7465",0.0630694564897567,0.890708299353719,"Guinea",1
"7466",1.9164360773284,0.773809979204088,"Guinea",1
"7467",0.466822980903089,0.825810844311491,"Guinea",1
"7468",0.148026381852105,0.178416851442307,"Guinea",1
"7469",2.04554800037295,0.190615637227893,"Guinea",1
"7470",0.0483930723275989,0.924496637191623,"Guinea",1
"7471",0.726494730217382,0.451740208547562,"Guinea",1
"7472",1.46032650000416,0.579032687004656,"Guinea",1
"7473",0.619461251422763,0.466891932068393,"Guinea",1
"7474",2.43184587056749,0.26668316940777,"Guinea",1
"7475",1.04907572362572,0.161027365364134,"Guinea",1
"7476",0.65205755433999,0.373258681269363,"Guinea",1
"7477",0.734853534959257,0.686341158580035,"Guinea",1
"7478",0.199791071936488,0.103605991462246,"Guinea",1
"7479",0.195621078601107,0.715617950307205,"Guinea",1
"7480",0.780679947696626,0.309891949640587,"Guinea",1
"7481",0.119475319515914,0.904278457863256,"Guinea",1
"7482",1.16425655269995,0.467187579488382,"Guinea",1
"7483",1.08764403755777,0.859296157956123,"Guinea",1
"7484",0.207239124225453,0.394085199572146,"Guinea",1
"7485",2.18963574408554,0.206484963418916,"Guinea",1
"7486",0.388313603354618,0.810565372928977,"Guinea",1
"7487",2.20501700788736,0.99462870019488,"Guinea",1
"7488",0.488565301755443,0.483973718481138,"Guinea",1
"7489",1.56769840233028,0.202885458245873,"Guinea",1
"7490",0.629601457156241,0.0676352437585592,"Guinea",1
"7491",0.520518530393019,0.223977321758866,"Guinea",1
"7492",2.10067246668041,0.600899080978706,"Guinea",1
"7493",0.548174100928009,0.520080548012629,"Guinea",1
"7494",1.51690752105787,0.187812172342092,"Guinea",1
"7495",1.6726409601979,0.0868402130436152,"Guinea",1
"7496",0.435698893619701,0.958567583234981,"Guinea",1
"7497",0.866116277407855,0.664123967057094,"Guinea",1
"7498",0.295987081015483,0.340091965161264,"Guinea",1
"7499",1.02908472530544,0.835560917621478,"Guinea",1
"7500",0.379378941608593,0.798388877185062,"Guinea",1
"7501",2.35200320603326,0.669581142021343,"Guinea",1
"7502",0.295305815292522,0.56227184436284,"Guinea",1
"7503",0.166073350701481,0.457867181161419,"Guinea",1
"7504",0.408203112194315,0.649840698344633,"Guinea",1
"7505",0.0433765780180693,0.0572012586053461,"Guinea",1
"7506",0.876463940832764,0.494153009960428,"Guinea",1
"7507",1.34606306045316,0.65807911590673,"Guinea",1
"7508",0.0435184040106833,0.683224153704941,"Guinea",1
"7509",1.46388405421749,0.646918900776654,"Guinea",1
"7510",1.57400586688891,0.999611028237268,"Guinea",1
"7511",0.296557072782889,0.128542759921402,"Guinea",1
"7512",0.941760809160769,0.633284563897178,"Guinea",1
"7513",0.344298809068277,0.354335219832137,"Guinea",1
"7514",1.70325756235979,0.486289880471304,"Guinea",1
"7515",0.527169704670087,0.831040279474109,"Guinea",1
